Scenario,Sector,Source,Species,Units,2020,2021,2022,2023,2024,2025,2026,2027,2028,2029,2030,2031,2032,2033,2034,2035,2036,2037,2038,2039,2040,2041,2042,2043,2044,2045,2046,2047,2048,2049,2050
BAU,Marine,WTT,co2,t,145150963.9,149256600.7,151299525.8,152449493.3,154305135,156924836.1,159286314.1,161545509,163313219.5,165394564.2,167403803.1,169073036.1,170619515.7,172350766.6,174409650.6,176135192.5,178262973.4,180480497.5,183105331.2,185689161.1,188768658.1,191895543.6,195722384.3,199538179,204517438.6,210684813.4,217912157.8,226210117.9,236497123.5,249183571.2,264525154.6
BAU,Marine,WTT,ch4,t,1353392.48,1408077.02,1428213.19,1455170.42,1482934.67,1519553.26,1554606.51,1589618.73,1620751.55,1655984.91,1691549.79,1724736.06,1757717.99,1793686.04,1834221.98,1872420.09,1916065.37,1961878,2013328.55,2065493.53,2124255.6,2184500.53,2253474.61,2322783.66,2405728.95,2502355.48,2610664.92,2730023.29,2870538.41,3036017.02,3228016.17
BAU,Marine,WTT,n2o,t,2469.42,2537.69,2572.03,2589.58,2620.76,2664.01,2702.75,2739.63,2768.05,2801.64,2833.85,2860.15,2884.21,2911.21,2943.55,2970.06,3003.13,3037.49,3078.47,3118.52,3166.66,3215.39,3275.68,3335.68,3415.12,3514.49,3631.83,3767.55,3937.28,4148.29,4405.43
BAU,Marine,WTT,bc,t,2038.37,2094.06,2122.4,2136.18,2157.72,2191.72,2221.74,2249.91,2270.74,2295.37,2318.33,2335.79,2350.63,2366.92,2386.38,2399.68,2416.54,2432.28,2450.67,2465.09,2481.95,2494.42,2509.95,2518.11,2532.26,2550.47,2568.66,2584.29,2604.62,2629.92,2658.08
BAU,Marine,TTW,co2,t,848879701.7,874962275.9,881865100.5,900346153.8,885685014.4,900024232,912753621,924743357.1,933737725.5,944305593.3,954192482.4,961817584,968355089.7,975465065.8,983838522.6,989610178.7,996757962.8,1003314291,1010783238,1016365689,1022621696,1026636859,1031335588,1032260722,1034675429,1037488034,1038667265,1036728558,1034028125,1029901924,1022566520
BAU,Marine,TTW,ch4,t,59362.7,83358.28,102669.56,124733.26,132441.08,141461.07,150800.7,160608.44,170491.45,181283.12,192614.23,204172.72,216193.56,229076.12,243061.62,257249.67,272686.14,288928.79,306482.82,324582.93,344092.61,364122.95,385766.13,407448.4,431288.09,457104.62,484230.66,512112.24,542091.31,574199.74,607843.99
BAU,Marine,TTW,n2o,t,40283.34,40601.53,44566.14,45106.52,49176.24,49998.29,50742.96,51462.07,52034.34,52719.71,53399.72,53994.42,54579.99,55263.72,56103.35,56901.01,57912.22,59059.98,60478.61,62058.58,64026.06,66289.66,69148.18,72443.6,76712.97,82127.04,88828.37,97041.37,107431.17,120545.05,136936.1
BAU,Marine,TTW,bc,t,76519.15,76785.64,83359.65,84893.4,85434.76,86570.01,87528.07,88391.71,88944.76,89621.75,90205.48,90545.21,90750.77,90975.13,91277.86,91295.97,91393.34,91382.4,91393.21,91164.38,90917.87,90383.6,89808.29,88789.58,87766.57,86618.04,85144.91,83197.51,80930.47,78239.32,74928.31
Striving,Marine,WTT,co2,t,145150963.9,149256600.7,151299525.8,152449493.3,154409962.7,154026244.2,153307818.4,145936844.8,123119165,108251357.4,101359182.7,94101082.98,86641913.78,79144376.78,71641114.11,63840510.75,56007554.03,47969506.63,39722882.3,31028209.15,21779306.27,11587524.14,12532529.58,13757901.8,0,0,0,0,0,0,0
Striving,Marine,WTT,ch4,t,1353392.48,1408077.02,1428213.19,1455170.42,1473444.4,1469903.32,1488457.42,1505241.03,1516536.98,1529732.19,1541132.25,1548198.26,1552893.56,1557998.46,1564800.84,1567478.89,1572850.81,1578502.23,1587761.17,1597468.11,1613137.8,1631773.33,1659368.21,1689118.86,1727508.79,1765801.02,1783544.33,1742571.26,1578003.38,1160563.62,257614.94
Striving,Marine,WTT,n2o,t,2469.42,2537.69,2572.03,2589.58,2623.41,2616.7,2649.5,2679.37,2699.77,2723.97,2745.53,2760.12,2771.47,2784.88,2803.07,2816.17,2837.09,2862.36,2899.08,2942.72,3004.74,3080.97,3183.85,3300.98,3444.48,3595.25,3707.16,3692.44,3400.79,2536.34,569.1
Striving,Marine,WTT,bc,t,2038.37,2094.06,2122.4,2136.18,2161.66,2155.92,2145.1,2040.76,1720.14,1510.47,1411.75,1307.41,1199.73,1090.94,981.52,867.58,752.98,635.82,516.81,394.04,268.11,137.13,141.2,146.01,0,0,0,0,0,0,0
Striving,Marine,TTW,co2,t,848879701.7,874962275.9,881865100.5,900346153.8,886980592,884603036.7,880097660.9,837165746.8,705468142.8,619240389.6,578437056.5,535235916.2,490556743.6,445307955.9,399672527.8,352075062.9,304121077.1,255109617.4,205465171.2,154683261.8,103426232.7,51642712.64,51452622.92,50858841.3,0,0,0,0,0,0,0
Striving,Marine,TTW,ch4,t,59362.7,83358.28,102669.56,124733.26,126134.36,141415.91,143095.63,144574.58,145485.45,146522.94,147312.72,147586.58,147498.65,147267.01,146949.13,145916.3,144701.25,142941.46,140765.59,137682.22,133928.94,128986.79,123076.2,115487.78,106629.6,96095.87,83399.47,68154.95,50244.83,29300.02,5027.79
Striving,Marine,TTW,n2o,t,40283.34,40601.53,44566.14,45106.52,49294.37,49258.31,49980.8,50671.37,51215.52,51877.47,52553.79,53185.88,53878.16,54779.02,56006.91,57448.31,59473.24,62156.61,65837.07,70641.04,77107.82,85435.28,96268.76,109497.12,125631.5,143927.41,162008.51,174728.44,172581.48,136652.78,32242.54
Striving,Marine,TTW,bc,t,76519.15,76785.64,83359.65,84893.4,86949.93,53760.61,53320.94,50569.58,42493.47,37198.28,34656.66,31987.97,29246.99,26487.31,23719.02,20848.11,17969.42,15041.12,12088.07,9080.62,6058,3017.77,2999.08,2956.22,0,0,0,0,0,0,0
BAU,Aviation,TTW,contrails,mW/m2,36.3,40.17,49.02,57.4,64.61,74.77,76.42,78.11,79.84,81.58,83.39,85.2,87.04,88.89,90.78,92.68,94.64,96.63,98.74,100.91,103.19,105.6,108.09,110.73,113.46,116.3,119.22,122.26,125.39,128.64,131.99
Striving,Aviation,TTW,contrails,mW/m2,36.16,39.86,48.44,56.49,63.32,70.3,70.21,70.09,69.95,69.77,69.37,68.18,66.91,65.53,64.06,61.42,58.63,55.73,52.73,49.62,46.38,43.46,40.39,37.13,33.58,29.58,24.83,18.73,8.41,0,0
BAU,off-road,TTW,co2,Mt,1135.42,1144.84,1154.26,1163.68,1173.1,1182.52,1189.486,1196.452,1203.418,1210.384,1217.35,1228.774,1240.198,1251.622,1263.046,1274.47,1286.006,1297.542,1309.078,1320.614,1332.15,1340.508,1348.866,1357.224,1365.582,1373.94,1379.218,1384.496,1389.774,1395.052,1400.33
BAU,off-road,TTW,bc,kt,348.57,344.352,340.134,335.916,331.698,327.48,324.924,322.368,319.812,317.256,314.7,316.138,317.576,319.014,320.452,321.89,323.288,324.686,326.084,327.482,328.88,328.648,328.416,328.184,327.952,327.72,326.35,324.98,323.61,322.24,320.87
BAU,off-road,TTW,ch4,kt,61.95,62.22,62.49,62.76,63.03,63.3,63.432,63.564,63.696,63.828,63.96,64.266,64.572,64.878,65.184,65.49,65.72,65.95,66.18,66.41,66.64,66.562,66.484,66.406,66.328,66.25,65.93,65.61,65.29,64.97,64.65
Striving,off-road,TTW,co2,Mt,1135.46,1118.593933,1101.727867,1084.8618,1067.995733,1051.129667,1034.2636,1017.397533,1000.531467,983.6654,966.7993333,949.9332667,933.0672,916.2011333,899.3350667,882.469,848.2285667,813.9881333,779.7477,745.5072667,711.2668333,677.0264,642.7859667,608.5455333,574.3051,540.0646667,505.8242333,471.5838,437.3433667,403.1029333,368.8625
Striving,off-road,TTW,bc,kt,252.12,247.1154667,242.1109333,237.1064,232.1018667,227.0973333,222.0928,217.0882667,212.0837333,207.0792,202.0746667,197.0701333,192.0656,187.0610667,182.0565333,177.052,169.5585333,162.0650667,154.5716,147.0781333,139.5846667,132.0912,124.5977333,117.1042667,109.6108,102.1173333,94.62386667,87.1304,79.63693333,72.14346667,64.65
Striving,off-road,TTW,ch4,kt,33.49,33.196,32.902,32.608,32.314,32.02,31.726,31.432,31.138,30.844,30.55,30.256,29.962,29.668,29.374,29.08,28.83066667,28.58133333,28.332,28.08266667,27.83333333,27.584,27.33466667,27.08533333,26.836,26.58666667,26.33733333,26.088,25.83866667,25.58933333,25.34
BAU,Aviation,WTT,co2,Tg,97.95202541,108.3882461394430,132.2473913996030,154.8704882542410,174.3314517760610,201.7414216886140,206.2009859672320,210.7434757921960,215.4119221546040,220.1237074907110,224.9844418559440,229.8670706205160,234.8430669020950,239.8347061477780,244.9321798708220,250.0650108292610,255.3491811198850,260.7254346728640,266.4138228625840,272.2699413093740,278.4285954532760,284.9136939111130,291.6251394100310,298.7616168849850,306.1159940495550,313.7991635764770,321.6770055307520,329.8666031407600,338.3190076848490,347.0737426866180,356.1310426411510
BAU,Aviation,WTT,ch4,Tg,0.826326265,0.91436654,1.115643015,1.306492148,1.470665428,1.701896767,1.739517787,1.777838369,1.817221525,1.856970289,1.897975592,1.939165597,1.981143253,2.023252873,2.066255316,2.109556034,2.154133456,2.199487694,2.24747511,2.296877503,2.348832097,2.403540584,2.460158543,2.520362084,2.582403833,2.647219285,2.713676999,2.782764693,2.854069435,2.927924646,3.004332304
BAU,Aviation,WTT,n2o,Tg,0.001436981,0.001590083,0.001940103,0.00227199,0.002557487,0.002959598,0.003025021,0.003091661,0.003160148,0.003229271,0.00330058,0.003372209,0.003445208,0.003518437,0.003593218,0.003668518,0.003746038,0.003824909,0.003908359,0.00399427,0.004084619,0.004179757,0.004278216,0.00438291,0.0044908,0.004603514,0.004719084,0.004839228,0.004963227,0.005091661,0.005224534
BAU,Aviation,WTT,bc,Tg,0.001846839,0.002043609,0.002493462,0.00292001,0.003286937,0.003803739,0.003887822,0.003973469,0.00406149,0.004150329,0.004241975,0.004334035,0.004427855,0.00452197,0.004618081,0.004714858,0.004814488,0.004915855,0.005023107,0.005133521,0.00524964,0.005371913,0.005498454,0.005633009,0.005771673,0.005916535,0.006065068,0.006219479,0.006378845,0.006543912,0.006714683
BAU,Aviation,TTW,co2,Tg,605.8447786272410,670.3940292275880,817.9656441821020,957.8921546127180,1078.2604990848600,1247.7943814492200,1275.3773101507000,1303.4731430933700,1332.3480320098400,1361.4909775674600,1391.5551903597000,1421.7548225826700,1452.5319438614600,1483.4058187100200,1514.9342922280600,1546.6814543986200,1579.3646681088900,1612.6174276091500,1647.8007764882400,1684.0215567020600,1722.1135557259900,1762.2246511624300,1803.7357296254200,1847.8756807671000,1893.3633670746400,1940.8846727498400,1989.6100502464900,2040.2636730799400,2092.5427876592400,2146.6918516186700,2202.7123153378700
BAU,Aviation,TTW,h2o,Tg,236.0110514209280,261.1566613858100,318.6442113886610,373.1535576988150,420.0438842954010,486.0869884696180,496.8321103783250,507.7770377050420,519.0254517101610,530.3782890460590,542.0900124470850,553.8544894301470,565.8439312953980,577.8710641873530,590.1532005483340,602.5205285964250,615.2525020386190,628.2063460085020,641.9122645117180,656.0223216139990,670.8613250312330,686.4868815129580,702.6578111293980,719.8528364000940,737.5728812876190,756.0851367579290,775.0664467890620,794.7989182156350,815.1646112685200,836.2587561210710,858.0819177787730
BAU,Aviation,TTW,bc,Tg,0.005751691,0.0063645,0.007765497,0.009093913,0.01023665,0.011846149,0.012108012,0.012374745,0.012648874,0.012925547,0.013210967,0.013497672,0.01378986,0.014082967,0.014382288,0.014683685,0.014993968,0.015309659,0.015643678,0.015987546,0.016349179,0.016729981,0.017124073,0.017543124,0.017974969,0.01842612,0.018888703,0.019369592,0.019865913,0.020379986,0.020911826
BAU,Aviation,TTW,sox,Tg,0.230067637,0.254580011,0.310619865,0.363756514,0.409466012,0.473845968,0.484320498,0.494989801,0.505954949,0.51702189,0.52843868,0.539906895,0.551594409,0.563318665,0.575291503,0.587347388,0.599758735,0.612386365,0.62574713,0.639501857,0.653967173,0.669199235,0.684962935,0.701724942,0.718998747,0.737044812,0.75554812,0.774783673,0.794636502,0.815199437,0.836473031
BAU,Aviation,TTW,nox,Tg,2.902686693,3.21195114,3.918987295,4.58939469,5.166096189,5.978356625,6.110510277,6.245121325,6.383464938,6.523092848,6.667134678,6.811825321,6.959282794,7.107203828,7.258261134,7.410366209,7.566956036,7.726274637,7.894842961,8.068381762,8.250885833,8.443063677,8.641949034,8.853429686,9.071367525,9.299048717,9.532498785,9.775187345,10.02566386,10.28509957,10.55350141
Striving,Aviation,WTT,co2,Tg,97.56236213,107.2180029,129.921228,151.0939732,168.9011546,186.9968566,184.188905,181.3701685,178.5107691,175.5834468,172.0792877,164.8285132,157.4535464,149.9542704,142.3382401,131.7144917,120.8765822,109.9730869,99.04739784,88.14169546,77.28424436,68.02904157,58.83399386,49.67484519,40.51463607,31.3071864,21.89658316,12.31348631,2.424691222,0,0
Striving,Aviation,WTT,ch4,Tg,0.823039053,0.904494332,1.09601943,1.274633351,1.424855276,1.577511168,1.553823203,1.530044256,1.505922276,1.481227296,1.451666103,1.390498349,1.328282905,1.265018784,1.200769721,1.111147456,1.019718523,0.927736305,0.83556686,0.743566023,0.651972235,0.573895063,0.496325361,0.419058504,0.341782702,0.264108376,0.184720241,0.103876945,0.020454769,0,0
Striving,Aviation,WTT,n2o,Tg,0.001431265,0.001572916,0.001905978,0.002216587,0.002477823,0.002743292,0.002702099,0.002660747,0.002618799,0.002575854,0.002524447,0.002418077,0.002309884,0.002199868,0.002088139,0.001932285,0.001773291,0.001613333,0.001453051,0.001293061,0.00113378,0.000998004,0.00086311,0.000728743,0.00059436,0.000459284,0.000321228,0.000180642,3.55708E-05,0,0
Striving,Aviation,WTT,bc,Tg,0.001839492,0.002021545,0.002449603,0.002848806,0.003184552,0.003525738,0.003472795,0.003419649,0.003365736,0.003310543,0.003244474,0.003107764,0.002968712,0.002827317,0.00268372,0.002483415,0.002279071,0.002073491,0.001867492,0.00166187,0,0,0,0,0,0,0,0,0,0,0
Striving,Aviation,TTW,co2,Tg,603.4346655,663.6178739,804.6932606,936.4718913,1047.549767,1160.560545,1147.854191,1134.906006,1121.531191,1107.56114,1089.848165,1048.594706,1006.630396,963.954522,920.6138274,858.8555358,795.4134263,731.6249914,667.7715326,604.1289365,540.89,485.11,429.86,375.01,320.35,265.63,209.99,153.77,96.73,77.62,69.47
Striving,Aviation,TTW,h2o,Tg,235.0721751,259.8731432,316.7365528,370.4590973,416.4369714,463.5786729,469.3787748,475.1528907,480.8290315,486.3415149,490.46415,494.7135394,498.6637758,502.3146302,505.6843797,502.3439905,498.768388,495.3792318,492.3557508,489.8862035,488.1431466,486.8781641,486.4121417,486.789803,488.0666723,490.3616714,493.8529257,499.6821959,511.3228029,489.0963937,445.0657184
Striving,Aviation,TTW,bc,Tg,0.00572881,0.00633322,0.007719006,0.009028248,0.010148748,0.011297612,0.011438963,0.011579681,0.011718011,0.011852352,0.011952823,0.012056382,0.012152651,0.012241624,0.012323746,0.012242339,0.0121552,0.012072605,0.011998922,0.011938738,0.011896259,0.01186543,0.011854073,0.011863277,0.011894395,0.011950325,0.012035408,0.01217747,0.012461157,0.01191949,0.010846443
Striving,Aviation,TTW,sox,Tg,0.229152405,0.253328815,0.308760246,0.361129908,0.405949932,0.451904474,0.457558513,0.463187221,0.468720421,0.474094084,0.4781129,0.482255278,0.486106037,0.489664952,0.492949842,0.489693573,0.486208014,0.482904207,0.479956865,0.477549508,0.475850346,0.474617219,0.474162933,0.474531083,0.475775798,0.478013002,0.481416337,0.48709881,0.498446274,0.476779588,0.433857727
Striving,Aviation,TTW,nox,Tg,2.891139505,3.196165222,3.895525109,4.556255673,5.121734969,5.701528114,5.772863242,5.84387877,5.913689306,5.981487031,6.03219109,6.084454091,6.133037827,6.177939481,6.219383841,6.178300582,6.134324447,6.092641405,6.055455782,6.025082958,6.003645199,5.98808725,5.982355666,5.987000502,6.002704646,6.03093071,6.073869452,6.145563319,6.288730493,6.015369131,5.473838324
Striving,on-road,TTW,bc,kt,705,686,660,630,601,572,497,423,352,281,203,179,163,148,133,119,108,97,86,75,64,55,47,40,33,27,22,18,15,12,9
Striving,on-road,TTW,ch4,kt,961,961,958,957,961,969,986,1006,1021,1019,968,948,927,898,860,816,778,731,680,620,547,490,434,382,335,288,248,211,177,147,121
Striving,on-road,TTW,co2,Mt,5918,6148,6224,6236,6229,6192,6020,5793,5501,5126,4635,4332,4022,3702,3372,3042,2731,2428,2135,1853,1582,1349,1134,940,769,621,500,395,308,236,180
Striving,on-road,WTT,co2,Mt,2217,2316,2350,2364,2369,2367,2327,2272,2196,2095,1956,1864,1757,1632,1489,1330,1209,1084,955,822,685,597,513,435,363,296,242,193,149,110,76
Striving,on-road,TTW,n2o,kt,140,143,145,144,144,143,139,133,127,120,110,104,96,89,81,73,66,58,52,45,38,33,28,24,20,16,13,11,8,6,5
BAU,on-road,TTW,bc,kt,707,688,664,639,614,590,567,544,523,505,488,474,462,452,444,437,432,429,428,428,431,435,440,446,454,462,470,479,488,497,506
BAU,on-road,TTW,ch4,kt,962,963,962,968,983,1007,1038,1078,1125,1181,1243,1310,1386,1468,1556,1651,1752,1861,1976,2098,2227,2353,2478,2600,2718,2834,2947,3055,3159,3258,3352
BAU,on-road,TTW,co2,Mt,5917,6149,6232,6307,6378,6441,6480,6513,6539,6558,6567,6570,6571,6570,6565,6557,6550,6547,6549,6558,6574,6593,6617,6646,6678,6714,6752,6792,6834,6876,6918
BAU,on-road,WTT,co2,Mt,2218,2316,2355,2396,2430,2463,2487,2510,2531,2549,2563,2580,2596,2610,2621,2629,2642,2655,2669,2684,2700,2719,2740,2762,2784,2807,2834,2862,2890,2918,2946
BAU,on-road,TTW,n2o,kt,140,144,145,147,148,150,151,152,154,155,157,158,160,161,162,164,165,166,167,168,169,170,171,172,173,175,176,177,178,180,181