Scenario,Sector,Sub-Sector,Species,Units,Year,ems
BAU,off-road,TRA_OT_CNS,co2,Mt,1990,122.0
BAU,off-road,TRA_OT_AGR,co2,Mt,1990,218.22
BAU,off-road,TRA_OT_RAI,co2,Mt,1990,92.03
BAU,off-road,TRA_OT_OTHER,co2,Mt,1990,51.471391478676935
BAU,off-road,TRA_OT_CNS,bc,kt,1990,98.19
BAU,off-road,TRA_OT_AGR,bc,kt,1990,148.32
BAU,off-road,TRA_OT_RAI,bc,kt,1990,54.66
BAU,off-road,TRA_OT_OTHER,bc,kt,1990,9.081314930260401
BAU,off-road,TRA_OT_CNS,ch4,kt,1990,6.91
BAU,off-road,TRA_OT_AGR,ch4,kt,1990,12.32
BAU,off-road,TRA_OT_RAI,ch4,kt,1990,5.21
BAU,off-road,TRA_OT_OTHER,ch4,kt,1990,12.18
BAU,off-road,TRA_OT_CNS,co2,Mt,1991,117.798
BAU,off-road,TRA_OT_AGR,co2,Mt,1991,220.126
BAU,off-road,TRA_OT_RAI,co2,Mt,1991,88.426
BAU,off-road,TRA_OT_OTHER,co2,Mt,1991,50.59324892389036
BAU,off-road,TRA_OT_CNS,bc,kt,1991,94.994
BAU,off-road,TRA_OT_AGR,bc,kt,1991,149.894
BAU,off-road,TRA_OT_RAI,bc,kt,1991,52.534
BAU,off-road,TRA_OT_OTHER,bc,kt,1991,8.07311237701287
BAU,off-road,TRA_OT_CNS,ch4,kt,1991,6.668
BAU,off-road,TRA_OT_AGR,ch4,kt,1991,12.424
BAU,off-road,TRA_OT_RAI,ch4,kt,1991,5.008
BAU,off-road,TRA_OT_OTHER,ch4,kt,1991,11.538
BAU,off-road,TRA_OT_CNS,co2,Mt,1992,113.596
BAU,off-road,TRA_OT_AGR,co2,Mt,1992,222.032
BAU,off-road,TRA_OT_RAI,co2,Mt,1992,84.822
BAU,off-road,TRA_OT_OTHER,co2,Mt,1992,49.71510636910378
BAU,off-road,TRA_OT_CNS,bc,kt,1992,91.798
BAU,off-road,TRA_OT_AGR,bc,kt,1992,151.468
BAU,off-road,TRA_OT_RAI,bc,kt,1992,50.408
BAU,off-road,TRA_OT_OTHER,bc,kt,1992,7.0649098237653405
BAU,off-road,TRA_OT_CNS,ch4,kt,1992,6.426
BAU,off-road,TRA_OT_AGR,ch4,kt,1992,12.528
BAU,off-road,TRA_OT_RAI,ch4,kt,1992,4.806
BAU,off-road,TRA_OT_OTHER,ch4,kt,1992,10.896
BAU,off-road,TRA_OT_CNS,co2,Mt,1993,109.394
BAU,off-road,TRA_OT_AGR,co2,Mt,1993,223.938
BAU,off-road,TRA_OT_RAI,co2,Mt,1993,81.218
BAU,off-road,TRA_OT_OTHER,co2,Mt,1993,48.8369638143172
BAU,off-road,TRA_OT_CNS,bc,kt,1993,88.602
BAU,off-road,TRA_OT_AGR,bc,kt,1993,153.042
BAU,off-road,TRA_OT_RAI,bc,kt,1993,48.282
BAU,off-road,TRA_OT_OTHER,bc,kt,1993,6.056707270517809
BAU,off-road,TRA_OT_CNS,ch4,kt,1993,6.184
BAU,off-road,TRA_OT_AGR,ch4,kt,1993,12.632
BAU,off-road,TRA_OT_RAI,ch4,kt,1993,4.604
BAU,off-road,TRA_OT_OTHER,ch4,kt,1993,10.254000000000001
BAU,off-road,TRA_OT_CNS,co2,Mt,1994,105.192
BAU,off-road,TRA_OT_AGR,co2,Mt,1994,225.844
BAU,off-road,TRA_OT_RAI,co2,Mt,1994,77.614
BAU,off-road,TRA_OT_OTHER,co2,Mt,1994,47.95882125953062
BAU,off-road,TRA_OT_CNS,bc,kt,1994,85.40599999999999
BAU,off-road,TRA_OT_AGR,bc,kt,1994,154.61599999999999
BAU,off-road,TRA_OT_RAI,bc,kt,1994,46.156
BAU,off-road,TRA_OT_OTHER,bc,kt,1994,5.048504717270279
BAU,off-road,TRA_OT_CNS,ch4,kt,1994,5.942
BAU,off-road,TRA_OT_AGR,ch4,kt,1994,12.736
BAU,off-road,TRA_OT_RAI,ch4,kt,1994,4.402
BAU,off-road,TRA_OT_OTHER,ch4,kt,1994,9.612
BAU,off-road,TRA_OT_CNS,co2,Mt,1995,100.99
BAU,off-road,TRA_OT_AGR,co2,Mt,1995,227.75
BAU,off-road,TRA_OT_RAI,co2,Mt,1995,74.01
BAU,off-road,TRA_OT_OTHER,co2,Mt,1995,47.080678704744045
BAU,off-road,TRA_OT_CNS,bc,kt,1995,82.21
BAU,off-road,TRA_OT_AGR,bc,kt,1995,156.19
BAU,off-road,TRA_OT_RAI,bc,kt,1995,44.03
BAU,off-road,TRA_OT_OTHER,bc,kt,1995,4.040302164022749
BAU,off-road,TRA_OT_CNS,ch4,kt,1995,5.7
BAU,off-road,TRA_OT_AGR,ch4,kt,1995,12.84
BAU,off-road,TRA_OT_RAI,ch4,kt,1995,4.2
BAU,off-road,TRA_OT_OTHER,ch4,kt,1995,8.97
BAU,off-road,TRA_OT_CNS,co2,Mt,1996,102.81
BAU,off-road,TRA_OT_AGR,co2,Mt,1996,222.518
BAU,off-road,TRA_OT_RAI,co2,Mt,1996,75.626
BAU,off-road,TRA_OT_OTHER,co2,Mt,1996,47.88572540092127
BAU,off-road,TRA_OT_CNS,bc,kt,1996,83.526
BAU,off-road,TRA_OT_AGR,bc,kt,1996,153.04
BAU,off-road,TRA_OT_RAI,bc,kt,1996,44.986000000000004
BAU,off-road,TRA_OT_OTHER,bc,kt,1996,3.8669170115534275
BAU,off-road,TRA_OT_CNS,ch4,kt,1996,5.808
BAU,off-road,TRA_OT_AGR,ch4,kt,1996,12.548
BAU,off-road,TRA_OT_RAI,ch4,kt,1996,4.2860000000000005
BAU,off-road,TRA_OT_OTHER,ch4,kt,1996,8.690000000000001
BAU,off-road,TRA_OT_CNS,co2,Mt,1997,104.63
BAU,off-road,TRA_OT_AGR,co2,Mt,1997,217.286
BAU,off-road,TRA_OT_RAI,co2,Mt,1997,77.242
BAU,off-road,TRA_OT_OTHER,co2,Mt,1997,48.69077209709849
BAU,off-road,TRA_OT_CNS,bc,kt,1997,84.842
BAU,off-road,TRA_OT_AGR,bc,kt,1997,149.89
BAU,off-road,TRA_OT_RAI,bc,kt,1997,45.942
BAU,off-road,TRA_OT_OTHER,bc,kt,1997,3.693531859084107
BAU,off-road,TRA_OT_CNS,ch4,kt,1997,5.916
BAU,off-road,TRA_OT_AGR,ch4,kt,1997,12.256
BAU,off-road,TRA_OT_RAI,ch4,kt,1997,4.372
BAU,off-road,TRA_OT_OTHER,ch4,kt,1997,8.41
BAU,off-road,TRA_OT_CNS,co2,Mt,1998,106.45
BAU,off-road,TRA_OT_AGR,co2,Mt,1998,212.054
BAU,off-road,TRA_OT_RAI,co2,Mt,1998,78.858
BAU,off-road,TRA_OT_OTHER,co2,Mt,1998,49.49581879327571
BAU,off-road,TRA_OT_CNS,bc,kt,1998,86.158
BAU,off-road,TRA_OT_AGR,bc,kt,1998,146.74
BAU,off-road,TRA_OT_RAI,bc,kt,1998,46.898
BAU,off-road,TRA_OT_OTHER,bc,kt,1998,3.5201467066147862
BAU,off-road,TRA_OT_CNS,ch4,kt,1998,6.024
BAU,off-road,TRA_OT_AGR,ch4,kt,1998,11.964
BAU,off-road,TRA_OT_RAI,ch4,kt,1998,4.458
BAU,off-road,TRA_OT_OTHER,ch4,kt,1998,8.13
BAU,off-road,TRA_OT_CNS,co2,Mt,1999,108.27
BAU,off-road,TRA_OT_AGR,co2,Mt,1999,206.822
BAU,off-road,TRA_OT_RAI,co2,Mt,1999,80.474
BAU,off-road,TRA_OT_OTHER,co2,Mt,1999,50.30086548945294
BAU,off-road,TRA_OT_CNS,bc,kt,1999,87.474
BAU,off-road,TRA_OT_AGR,bc,kt,1999,143.59
BAU,off-road,TRA_OT_RAI,bc,kt,1999,47.854
BAU,off-road,TRA_OT_OTHER,bc,kt,1999,3.3467615541454654
BAU,off-road,TRA_OT_CNS,ch4,kt,1999,6.132000000000001
BAU,off-road,TRA_OT_AGR,ch4,kt,1999,11.672
BAU,off-road,TRA_OT_RAI,ch4,kt,1999,4.544
BAU,off-road,TRA_OT_OTHER,ch4,kt,1999,7.8500000000000005
BAU,off-road,TRA_OT_CNS,co2,Mt,2000,110.09
BAU,off-road,TRA_OT_AGR,co2,Mt,2000,201.59
BAU,off-road,TRA_OT_RAI,co2,Mt,2000,82.09
BAU,off-road,TRA_OT_OTHER,co2,Mt,2000,51.10591218563016
BAU,off-road,TRA_OT_CNS,bc,kt,2000,88.79
BAU,off-road,TRA_OT_AGR,bc,kt,2000,140.44
BAU,off-road,TRA_OT_RAI,bc,kt,2000,48.81
BAU,off-road,TRA_OT_OTHER,bc,kt,2000,3.173376401676145
BAU,off-road,TRA_OT_CNS,ch4,kt,2000,6.24
BAU,off-road,TRA_OT_AGR,ch4,kt,2000,11.38
BAU,off-road,TRA_OT_RAI,ch4,kt,2000,4.63
BAU,off-road,TRA_OT_OTHER,ch4,kt,2000,7.57
BAU,off-road,TRA_OT_CNS,co2,Mt,2001,111.272
BAU,off-road,TRA_OT_AGR,co2,Mt,2001,206.724
BAU,off-road,TRA_OT_RAI,co2,Mt,2001,85.324
BAU,off-road,TRA_OT_OTHER,co2,Mt,2001,51.72640010758106
BAU,off-road,TRA_OT_CNS,bc,kt,2001,88.324
BAU,off-road,TRA_OT_AGR,bc,kt,2001,142.056
BAU,off-road,TRA_OT_RAI,bc,kt,2001,50.356
BAU,off-road,TRA_OT_OTHER,bc,kt,2001,3.4452271962885366
BAU,off-road,TRA_OT_CNS,ch4,kt,2001,6.306
BAU,off-road,TRA_OT_AGR,ch4,kt,2001,11.680000000000001
BAU,off-road,TRA_OT_RAI,ch4,kt,2001,4.82
BAU,off-road,TRA_OT_OTHER,ch4,kt,2001,7.63
BAU,off-road,TRA_OT_CNS,co2,Mt,2002,112.45400000000001
BAU,off-road,TRA_OT_AGR,co2,Mt,2002,211.858
BAU,off-road,TRA_OT_RAI,co2,Mt,2002,88.558
BAU,off-road,TRA_OT_OTHER,co2,Mt,2002,52.34688802953195
BAU,off-road,TRA_OT_CNS,bc,kt,2002,87.858
BAU,off-road,TRA_OT_AGR,bc,kt,2002,143.672
BAU,off-road,TRA_OT_RAI,bc,kt,2002,51.902
BAU,off-road,TRA_OT_OTHER,bc,kt,2002,3.717077990900928
BAU,off-road,TRA_OT_CNS,ch4,kt,2002,6.372
BAU,off-road,TRA_OT_AGR,ch4,kt,2002,11.98
BAU,off-road,TRA_OT_RAI,ch4,kt,2002,5.01
BAU,off-road,TRA_OT_OTHER,ch4,kt,2002,7.69
BAU,off-road,TRA_OT_CNS,co2,Mt,2003,113.636
BAU,off-road,TRA_OT_AGR,co2,Mt,2003,216.992
BAU,off-road,TRA_OT_RAI,co2,Mt,2003,91.792
BAU,off-road,TRA_OT_OTHER,co2,Mt,2003,52.96737595148284
BAU,off-road,TRA_OT_CNS,bc,kt,2003,87.392
BAU,off-road,TRA_OT_AGR,bc,kt,2003,145.288
BAU,off-road,TRA_OT_RAI,bc,kt,2003,53.448
BAU,off-road,TRA_OT_OTHER,bc,kt,2003,3.98892878551332
BAU,off-road,TRA_OT_CNS,ch4,kt,2003,6.438000000000001
BAU,off-road,TRA_OT_AGR,ch4,kt,2003,12.280000000000001
BAU,off-road,TRA_OT_RAI,ch4,kt,2003,5.2
BAU,off-road,TRA_OT_OTHER,ch4,kt,2003,7.75
BAU,off-road,TRA_OT_CNS,co2,Mt,2004,114.818
BAU,off-road,TRA_OT_AGR,co2,Mt,2004,222.126
BAU,off-road,TRA_OT_RAI,co2,Mt,2004,95.02600000000001
BAU,off-road,TRA_OT_OTHER,co2,Mt,2004,53.58786387343374
BAU,off-road,TRA_OT_CNS,bc,kt,2004,86.926
BAU,off-road,TRA_OT_AGR,bc,kt,2004,146.904
BAU,off-road,TRA_OT_RAI,bc,kt,2004,54.994
BAU,off-road,TRA_OT_OTHER,bc,kt,2004,4.260779580125711
BAU,off-road,TRA_OT_CNS,ch4,kt,2004,6.5040000000000004
BAU,off-road,TRA_OT_AGR,ch4,kt,2004,12.58
BAU,off-road,TRA_OT_RAI,ch4,kt,2004,5.39
BAU,off-road,TRA_OT_OTHER,ch4,kt,2004,7.8100000000000005
BAU,off-road,TRA_OT_CNS,co2,Mt,2005,116.0
BAU,off-road,TRA_OT_AGR,co2,Mt,2005,227.26
BAU,off-road,TRA_OT_RAI,co2,Mt,2005,98.26
BAU,off-road,TRA_OT_OTHER,co2,Mt,2005,54.20835179538463
BAU,off-road,TRA_OT_CNS,bc,kt,2005,86.46
BAU,off-road,TRA_OT_AGR,bc,kt,2005,148.52
BAU,off-road,TRA_OT_RAI,bc,kt,2005,56.54
BAU,off-road,TRA_OT_OTHER,bc,kt,2005,4.532630374738103
BAU,off-road,TRA_OT_CNS,ch4,kt,2005,6.57
BAU,off-road,TRA_OT_AGR,ch4,kt,2005,12.88
BAU,off-road,TRA_OT_RAI,ch4,kt,2005,5.58
BAU,off-road,TRA_OT_OTHER,ch4,kt,2005,7.87
BAU,off-road,TRA_OT_CNS,co2,Mt,2006,116.684
BAU,off-road,TRA_OT_AGR,co2,Mt,2006,227.22
BAU,off-road,TRA_OT_RAI,co2,Mt,2006,95.196
BAU,off-road,TRA_OT_OTHER,co2,Mt,2006,54.36578902931247
BAU,off-road,TRA_OT_CNS,bc,kt,2006,86.092
BAU,off-road,TRA_OT_AGR,bc,kt,2006,146.966
BAU,off-road,TRA_OT_RAI,bc,kt,2006,54.47
BAU,off-road,TRA_OT_OTHER,bc,kt,2006,4.576511802214907
BAU,off-road,TRA_OT_CNS,ch4,kt,2006,6.628
BAU,off-road,TRA_OT_AGR,ch4,kt,2006,12.930000000000001
BAU,off-road,TRA_OT_RAI,ch4,kt,2006,5.416
BAU,off-road,TRA_OT_OTHER,ch4,kt,2006,8.028
BAU,off-road,TRA_OT_CNS,co2,Mt,2007,117.368
BAU,off-road,TRA_OT_AGR,co2,Mt,2007,227.18
BAU,off-road,TRA_OT_RAI,co2,Mt,2007,92.132
BAU,off-road,TRA_OT_OTHER,co2,Mt,2007,54.52322626324031
BAU,off-road,TRA_OT_CNS,bc,kt,2007,85.724
BAU,off-road,TRA_OT_AGR,bc,kt,2007,145.412
BAU,off-road,TRA_OT_RAI,bc,kt,2007,52.4
BAU,off-road,TRA_OT_OTHER,bc,kt,2007,4.62039322969171
BAU,off-road,TRA_OT_CNS,ch4,kt,2007,6.686
BAU,off-road,TRA_OT_AGR,ch4,kt,2007,12.98
BAU,off-road,TRA_OT_RAI,ch4,kt,2007,5.252
BAU,off-road,TRA_OT_OTHER,ch4,kt,2007,8.186
BAU,off-road,TRA_OT_CNS,co2,Mt,2008,118.052
BAU,off-road,TRA_OT_AGR,co2,Mt,2008,227.14
BAU,off-road,TRA_OT_RAI,co2,Mt,2008,89.068
BAU,off-road,TRA_OT_OTHER,co2,Mt,2008,54.68066349716815
BAU,off-road,TRA_OT_CNS,bc,kt,2008,85.356
BAU,off-road,TRA_OT_AGR,bc,kt,2008,143.858
BAU,off-road,TRA_OT_RAI,bc,kt,2008,50.33
BAU,off-road,TRA_OT_OTHER,bc,kt,2008,4.664274657168513
BAU,off-road,TRA_OT_CNS,ch4,kt,2008,6.744000000000001
BAU,off-road,TRA_OT_AGR,ch4,kt,2008,13.030000000000001
BAU,off-road,TRA_OT_RAI,ch4,kt,2008,5.088
BAU,off-road,TRA_OT_OTHER,ch4,kt,2008,8.344
BAU,off-road,TRA_OT_CNS,co2,Mt,2009,118.736
BAU,off-road,TRA_OT_AGR,co2,Mt,2009,227.1
BAU,off-road,TRA_OT_RAI,co2,Mt,2009,86.004
BAU,off-road,TRA_OT_OTHER,co2,Mt,2009,54.838100731095984
BAU,off-road,TRA_OT_CNS,bc,kt,2009,84.988
BAU,off-road,TRA_OT_AGR,bc,kt,2009,142.304
BAU,off-road,TRA_OT_RAI,bc,kt,2009,48.26
BAU,off-road,TRA_OT_OTHER,bc,kt,2009,4.708156084645316
BAU,off-road,TRA_OT_CNS,ch4,kt,2009,6.8020000000000005
BAU,off-road,TRA_OT_AGR,ch4,kt,2009,13.08
BAU,off-road,TRA_OT_RAI,ch4,kt,2009,4.9239999999999995
BAU,off-road,TRA_OT_OTHER,ch4,kt,2009,8.502
BAU,off-road,TRA_OT_CNS,co2,Mt,2010,119.42
BAU,off-road,TRA_OT_AGR,co2,Mt,2010,227.06
BAU,off-road,TRA_OT_RAI,co2,Mt,2010,82.94
BAU,off-road,TRA_OT_OTHER,co2,Mt,2010,54.99553796502382
BAU,off-road,TRA_OT_CNS,bc,kt,2010,84.62
BAU,off-road,TRA_OT_AGR,bc,kt,2010,140.75
BAU,off-road,TRA_OT_RAI,bc,kt,2010,46.19
BAU,off-road,TRA_OT_OTHER,bc,kt,2010,4.75203751212212
BAU,off-road,TRA_OT_CNS,ch4,kt,2010,6.86
BAU,off-road,TRA_OT_AGR,ch4,kt,2010,13.13
BAU,off-road,TRA_OT_RAI,ch4,kt,2010,4.76
BAU,off-road,TRA_OT_OTHER,ch4,kt,2010,8.66
BAU,off-road,TRA_OT_CNS,co2,Mt,2011,122.676
BAU,off-road,TRA_OT_AGR,co2,Mt,2011,226.17000000000002
BAU,off-road,TRA_OT_RAI,co2,Mt,2011,84.432
BAU,off-road,TRA_OT_OTHER,co2,Mt,2011,56.50012195060731
BAU,off-road,TRA_OT_CNS,bc,kt,2011,84.22800000000001
BAU,off-road,TRA_OT_AGR,bc,kt,2011,137.564
BAU,off-road,TRA_OT_RAI,bc,kt,2011,45.85
BAU,off-road,TRA_OT_OTHER,bc,kt,2011,4.755248348278959
BAU,off-road,TRA_OT_CNS,ch4,kt,2011,7.064
BAU,off-road,TRA_OT_AGR,ch4,kt,2011,13.110000000000001
BAU,off-road,TRA_OT_RAI,ch4,kt,2011,4.851999999999999
BAU,off-road,TRA_OT_OTHER,ch4,kt,2011,8.802
BAU,off-road,TRA_OT_CNS,co2,Mt,2012,125.932
BAU,off-road,TRA_OT_AGR,co2,Mt,2012,225.28
BAU,off-road,TRA_OT_RAI,co2,Mt,2012,85.924
BAU,off-road,TRA_OT_OTHER,co2,Mt,2012,58.00470593619079
BAU,off-road,TRA_OT_CNS,bc,kt,2012,83.836
BAU,off-road,TRA_OT_AGR,bc,kt,2012,134.378
BAU,off-road,TRA_OT_RAI,bc,kt,2012,45.51
BAU,off-road,TRA_OT_OTHER,bc,kt,2012,4.758459184435799
BAU,off-road,TRA_OT_CNS,ch4,kt,2012,7.268
BAU,off-road,TRA_OT_AGR,ch4,kt,2012,13.09
BAU,off-road,TRA_OT_RAI,ch4,kt,2012,4.944
BAU,off-road,TRA_OT_OTHER,ch4,kt,2012,8.943999999999999
BAU,off-road,TRA_OT_CNS,co2,Mt,2013,129.188
BAU,off-road,TRA_OT_AGR,co2,Mt,2013,224.39000000000001
BAU,off-road,TRA_OT_RAI,co2,Mt,2013,87.416
BAU,off-road,TRA_OT_OTHER,co2,Mt,2013,59.50928992177426
BAU,off-road,TRA_OT_CNS,bc,kt,2013,83.444
BAU,off-road,TRA_OT_AGR,bc,kt,2013,131.192
BAU,off-road,TRA_OT_RAI,bc,kt,2013,45.17
BAU,off-road,TRA_OT_OTHER,bc,kt,2013,4.761670020592637
BAU,off-road,TRA_OT_CNS,ch4,kt,2013,7.4719999999999995
BAU,off-road,TRA_OT_AGR,ch4,kt,2013,13.07
BAU,off-road,TRA_OT_RAI,ch4,kt,2013,5.036
BAU,off-road,TRA_OT_OTHER,ch4,kt,2013,9.086
BAU,off-road,TRA_OT_CNS,co2,Mt,2014,132.444
BAU,off-road,TRA_OT_AGR,co2,Mt,2014,223.5
BAU,off-road,TRA_OT_RAI,co2,Mt,2014,88.908
BAU,off-road,TRA_OT_OTHER,co2,Mt,2014,61.01387390735775
BAU,off-road,TRA_OT_CNS,bc,kt,2014,83.05199999999999
BAU,off-road,TRA_OT_AGR,bc,kt,2014,128.006
BAU,off-road,TRA_OT_RAI,bc,kt,2014,44.83
BAU,off-road,TRA_OT_OTHER,bc,kt,2014,4.7648808567494765
BAU,off-road,TRA_OT_CNS,ch4,kt,2014,7.676
BAU,off-road,TRA_OT_AGR,ch4,kt,2014,13.049999999999999
BAU,off-road,TRA_OT_RAI,ch4,kt,2014,5.128
BAU,off-road,TRA_OT_OTHER,ch4,kt,2014,9.228
BAU,off-road,TRA_OT_CNS,co2,Mt,2015,135.7
BAU,off-road,TRA_OT_AGR,co2,Mt,2015,222.61
BAU,off-road,TRA_OT_RAI,co2,Mt,2015,90.4
BAU,off-road,TRA_OT_OTHER,co2,Mt,2015,62.51845789294123
BAU,off-road,TRA_OT_CNS,bc,kt,2015,82.66
BAU,off-road,TRA_OT_AGR,bc,kt,2015,124.82
BAU,off-road,TRA_OT_RAI,bc,kt,2015,44.49
BAU,off-road,TRA_OT_OTHER,bc,kt,2015,4.768091692906316
BAU,off-road,TRA_OT_CNS,ch4,kt,2015,7.88
BAU,off-road,TRA_OT_AGR,ch4,kt,2015,13.03
BAU,off-road,TRA_OT_RAI,ch4,kt,2015,5.22
BAU,off-road,TRA_OT_OTHER,ch4,kt,2015,9.37
BAU,off-road,TRA_OT_CNS,co2,Mt,2016,160.378
BAU,off-road,TRA_OT_AGR,co2,Mt,2016,226.90800000000002
BAU,off-road,TRA_OT_RAI,co2,Mt,2016,88.73
BAU,off-road,TRA_OT_OTHER,co2,Mt,2016,62.61437553546029
BAU,off-road,TRA_OT_CNS,bc,kt,2016,89.26599999999999
BAU,off-road,TRA_OT_AGR,bc,kt,2016,120.768
BAU,off-road,TRA_OT_RAI,bc,kt,2016,42.724000000000004
BAU,off-road,TRA_OT_OTHER,bc,kt,2016,4.562598178868603
BAU,off-road,TRA_OT_CNS,ch4,kt,2016,9.326
BAU,off-road,TRA_OT_AGR,ch4,kt,2016,13.283999999999999
BAU,off-road,TRA_OT_RAI,ch4,kt,2016,5.124
BAU,off-road,TRA_OT_OTHER,ch4,kt,2016,9.783999999999999
BAU,off-road,TRA_OT_CNS,co2,Mt,2017,185.05599999999998
BAU,off-road,TRA_OT_AGR,co2,Mt,2017,231.20600000000002
BAU,off-road,TRA_OT_RAI,co2,Mt,2017,87.06
BAU,off-road,TRA_OT_OTHER,co2,Mt,2017,62.710293177979345
BAU,off-road,TRA_OT_CNS,bc,kt,2017,95.872
BAU,off-road,TRA_OT_AGR,bc,kt,2017,116.716
BAU,off-road,TRA_OT_RAI,bc,kt,2017,40.958
BAU,off-road,TRA_OT_OTHER,bc,kt,2017,4.3571046648308895
BAU,off-road,TRA_OT_CNS,ch4,kt,2017,10.772
BAU,off-road,TRA_OT_AGR,ch4,kt,2017,13.538
BAU,off-road,TRA_OT_RAI,ch4,kt,2017,5.028
BAU,off-road,TRA_OT_OTHER,ch4,kt,2017,10.197999999999999
BAU,off-road,TRA_OT_CNS,co2,Mt,2018,209.73399999999998
BAU,off-road,TRA_OT_AGR,co2,Mt,2018,235.504
BAU,off-road,TRA_OT_RAI,co2,Mt,2018,85.39
BAU,off-road,TRA_OT_OTHER,co2,Mt,2018,62.806210820498414
BAU,off-road,TRA_OT_CNS,bc,kt,2018,102.478
BAU,off-road,TRA_OT_AGR,bc,kt,2018,112.664
BAU,off-road,TRA_OT_RAI,bc,kt,2018,39.192
BAU,off-road,TRA_OT_OTHER,bc,kt,2018,4.151611150793176
BAU,off-road,TRA_OT_CNS,ch4,kt,2018,12.218
BAU,off-road,TRA_OT_AGR,ch4,kt,2018,13.792
BAU,off-road,TRA_OT_RAI,ch4,kt,2018,4.932
BAU,off-road,TRA_OT_OTHER,ch4,kt,2018,10.611999999999998
BAU,off-road,TRA_OT_CNS,co2,Mt,2019,234.41199999999998
BAU,off-road,TRA_OT_AGR,co2,Mt,2019,239.802
BAU,off-road,TRA_OT_RAI,co2,Mt,2019,83.72
BAU,off-road,TRA_OT_OTHER,co2,Mt,2019,62.902128463017476
BAU,off-road,TRA_OT_CNS,bc,kt,2019,109.084
BAU,off-road,TRA_OT_AGR,bc,kt,2019,108.612
BAU,off-road,TRA_OT_RAI,bc,kt,2019,37.425999999999995
BAU,off-road,TRA_OT_OTHER,bc,kt,2019,3.946117636755463
BAU,off-road,TRA_OT_CNS,ch4,kt,2019,13.664
BAU,off-road,TRA_OT_AGR,ch4,kt,2019,14.046000000000001
BAU,off-road,TRA_OT_RAI,ch4,kt,2019,4.836
BAU,off-road,TRA_OT_OTHER,ch4,kt,2019,11.026
BAU,off-road,TRA_OT_CNS,co2,Mt,2020,259.09
BAU,off-road,TRA_OT_AGR,co2,Mt,2020,244.1
BAU,off-road,TRA_OT_RAI,co2,Mt,2020,82.05
BAU,off-road,TRA_OT_OTHER,co2,Mt,2020,62.99804610553653
BAU,off-road,TRA_OT_CNS,bc,kt,2020,115.69
BAU,off-road,TRA_OT_AGR,bc,kt,2020,104.56
BAU,off-road,TRA_OT_RAI,bc,kt,2020,35.66
BAU,off-road,TRA_OT_OTHER,bc,kt,2020,3.7406241227177497
BAU,off-road,TRA_OT_CNS,ch4,kt,2020,15.11
BAU,off-road,TRA_OT_AGR,ch4,kt,2020,14.3
BAU,off-road,TRA_OT_RAI,ch4,kt,2020,4.74
BAU,off-road,TRA_OT_OTHER,ch4,kt,2020,11.44
BAU,off-road,TRA_OT_CNS,co2,Mt,2021,260.238
BAU,off-road,TRA_OT_AGR,co2,Mt,2021,244.442
BAU,off-road,TRA_OT_RAI,co2,Mt,2021,81.158
BAU,off-road,TRA_OT_OTHER,co2,Mt,2021,63.91389421634785
BAU,off-road,TRA_OT_CNS,bc,kt,2021,113.292
BAU,off-road,TRA_OT_AGR,bc,kt,2021,102.302
BAU,off-road,TRA_OT_RAI,bc,kt,2021,34.586
BAU,off-road,TRA_OT_OTHER,bc,kt,2021,3.658212661358875
BAU,off-road,TRA_OT_CNS,ch4,kt,2021,15.187999999999999
BAU,off-road,TRA_OT_AGR,ch4,kt,2021,14.336
BAU,off-road,TRA_OT_RAI,ch4,kt,2021,4.702
BAU,off-road,TRA_OT_OTHER,ch4,kt,2021,11.312
BAU,off-road,TRA_OT_CNS,co2,Mt,2022,261.38599999999997
BAU,off-road,TRA_OT_AGR,co2,Mt,2022,244.784
BAU,off-road,TRA_OT_RAI,co2,Mt,2022,80.266
BAU,off-road,TRA_OT_OTHER,co2,Mt,2022,64.82974232715917
BAU,off-road,TRA_OT_CNS,bc,kt,2022,110.894
BAU,off-road,TRA_OT_AGR,bc,kt,2022,100.044
BAU,off-road,TRA_OT_RAI,bc,kt,2022,33.512
BAU,off-road,TRA_OT_OTHER,bc,kt,2022,3.575801200000001
BAU,off-road,TRA_OT_CNS,ch4,kt,2022,15.266
BAU,off-road,TRA_OT_AGR,ch4,kt,2022,14.372
BAU,off-road,TRA_OT_RAI,ch4,kt,2022,4.664
BAU,off-road,TRA_OT_OTHER,ch4,kt,2022,11.184
BAU,off-road,TRA_OT_CNS,co2,Mt,2023,262.534
BAU,off-road,TRA_OT_AGR,co2,Mt,2023,245.126
BAU,off-road,TRA_OT_RAI,co2,Mt,2023,79.374
BAU,off-road,TRA_OT_OTHER,co2,Mt,2023,65.74559043797046
BAU,off-road,TRA_OT_CNS,bc,kt,2023,108.496
BAU,off-road,TRA_OT_AGR,bc,kt,2023,97.786
BAU,off-road,TRA_OT_RAI,bc,kt,2023,32.437999999999995
BAU,off-road,TRA_OT_OTHER,bc,kt,2023,3.4933897386411257
BAU,off-road,TRA_OT_CNS,ch4,kt,2023,15.344
BAU,off-road,TRA_OT_AGR,ch4,kt,2023,14.408000000000001
BAU,off-road,TRA_OT_RAI,ch4,kt,2023,4.626
BAU,off-road,TRA_OT_OTHER,ch4,kt,2023,11.056000000000001
BAU,off-road,TRA_OT_CNS,co2,Mt,2024,263.68199999999996
BAU,off-road,TRA_OT_AGR,co2,Mt,2024,245.468
BAU,off-road,TRA_OT_RAI,co2,Mt,2024,78.482
BAU,off-road,TRA_OT_OTHER,co2,Mt,2024,66.66143854878177
BAU,off-road,TRA_OT_CNS,bc,kt,2024,106.098
BAU,off-road,TRA_OT_AGR,bc,kt,2024,95.52799999999999
BAU,off-road,TRA_OT_RAI,bc,kt,2024,31.363999999999997
BAU,off-road,TRA_OT_OTHER,bc,kt,2024,3.410978277282251
BAU,off-road,TRA_OT_CNS,ch4,kt,2024,15.422
BAU,off-road,TRA_OT_AGR,ch4,kt,2024,14.444
BAU,off-road,TRA_OT_RAI,ch4,kt,2024,4.588
BAU,off-road,TRA_OT_OTHER,ch4,kt,2024,10.928
BAU,off-road,TRA_OT_CNS,co2,Mt,2025,264.83
BAU,off-road,TRA_OT_AGR,co2,Mt,2025,245.81
BAU,off-road,TRA_OT_RAI,co2,Mt,2025,77.59
BAU,off-road,TRA_OT_OTHER,co2,Mt,2025,67.5772866595931
BAU,off-road,TRA_OT_CNS,bc,kt,2025,103.7
BAU,off-road,TRA_OT_AGR,bc,kt,2025,93.27
BAU,off-road,TRA_OT_RAI,bc,kt,2025,30.29
BAU,off-road,TRA_OT_OTHER,bc,kt,2025,3.3285668159233763
BAU,off-road,TRA_OT_CNS,ch4,kt,2025,15.5
BAU,off-road,TRA_OT_AGR,ch4,kt,2025,14.48
BAU,off-road,TRA_OT_RAI,ch4,kt,2025,4.55
BAU,off-road,TRA_OT_OTHER,ch4,kt,2025,10.8
BAU,off-road,TRA_OT_CNS,co2,Mt,2026,263.606
BAU,off-road,TRA_OT_AGR,co2,Mt,2026,245.01
BAU,off-road,TRA_OT_RAI,co2,Mt,2026,76.83200000000001
BAU,off-road,TRA_OT_OTHER,co2,Mt,2026,68.73292887670206
BAU,off-road,TRA_OT_CNS,bc,kt,2026,101.738
BAU,off-road,TRA_OT_AGR,bc,kt,2026,92.006
BAU,off-road,TRA_OT_RAI,bc,kt,2026,29.742
BAU,off-road,TRA_OT_OTHER,bc,kt,2026,3.264350092786591
BAU,off-road,TRA_OT_CNS,ch4,kt,2026,15.468
BAU,off-road,TRA_OT_AGR,ch4,kt,2026,14.450000000000001
BAU,off-road,TRA_OT_RAI,ch4,kt,2026,4.516
BAU,off-road,TRA_OT_OTHER,ch4,kt,2026,10.76
BAU,off-road,TRA_OT_CNS,co2,Mt,2027,262.382
BAU,off-road,TRA_OT_AGR,co2,Mt,2027,244.21
BAU,off-road,TRA_OT_RAI,co2,Mt,2027,76.074
BAU,off-road,TRA_OT_OTHER,co2,Mt,2027,69.88857109381102
BAU,off-road,TRA_OT_CNS,bc,kt,2027,99.776
BAU,off-road,TRA_OT_AGR,bc,kt,2027,90.742
BAU,off-road,TRA_OT_RAI,bc,kt,2027,29.194
BAU,off-road,TRA_OT_OTHER,bc,kt,2027,3.2001333696498055
BAU,off-road,TRA_OT_CNS,ch4,kt,2027,15.436
BAU,off-road,TRA_OT_AGR,ch4,kt,2027,14.42
BAU,off-road,TRA_OT_RAI,ch4,kt,2027,4.482
BAU,off-road,TRA_OT_OTHER,ch4,kt,2027,10.72
BAU,off-road,TRA_OT_CNS,co2,Mt,2028,261.15799999999996
BAU,off-road,TRA_OT_AGR,co2,Mt,2028,243.41
BAU,off-road,TRA_OT_RAI,co2,Mt,2028,75.316
BAU,off-road,TRA_OT_OTHER,co2,Mt,2028,71.04421331091999
BAU,off-road,TRA_OT_CNS,bc,kt,2028,97.81400000000001
BAU,off-road,TRA_OT_AGR,bc,kt,2028,89.478
BAU,off-road,TRA_OT_RAI,bc,kt,2028,28.646
BAU,off-road,TRA_OT_OTHER,bc,kt,2028,3.1359166465130204
BAU,off-road,TRA_OT_CNS,ch4,kt,2028,15.404
BAU,off-road,TRA_OT_AGR,ch4,kt,2028,14.39
BAU,off-road,TRA_OT_RAI,ch4,kt,2028,4.4479999999999995
BAU,off-road,TRA_OT_OTHER,ch4,kt,2028,10.68
BAU,off-road,TRA_OT_CNS,co2,Mt,2029,259.93399999999997
BAU,off-road,TRA_OT_AGR,co2,Mt,2029,242.61
BAU,off-road,TRA_OT_RAI,co2,Mt,2029,74.55799999999999
BAU,off-road,TRA_OT_OTHER,co2,Mt,2029,72.19985552802896
BAU,off-road,TRA_OT_CNS,bc,kt,2029,95.852
BAU,off-road,TRA_OT_AGR,bc,kt,2029,88.214
BAU,off-road,TRA_OT_RAI,bc,kt,2029,28.098
BAU,off-road,TRA_OT_OTHER,bc,kt,2029,3.071699923376235
BAU,off-road,TRA_OT_CNS,ch4,kt,2029,15.372
BAU,off-road,TRA_OT_AGR,ch4,kt,2029,14.36
BAU,off-road,TRA_OT_RAI,ch4,kt,2029,4.414
BAU,off-road,TRA_OT_OTHER,ch4,kt,2029,10.64
BAU,off-road,TRA_OT_CNS,co2,Mt,2030,258.71
BAU,off-road,TRA_OT_AGR,co2,Mt,2030,241.81
BAU,off-road,TRA_OT_RAI,co2,Mt,2030,73.8
BAU,off-road,TRA_OT_OTHER,co2,Mt,2030,73.35549774513792
BAU,off-road,TRA_OT_CNS,bc,kt,2030,93.89
BAU,off-road,TRA_OT_AGR,bc,kt,2030,86.95
BAU,off-road,TRA_OT_RAI,bc,kt,2030,27.55
BAU,off-road,TRA_OT_OTHER,bc,kt,2030,3.0074832002394496
BAU,off-road,TRA_OT_CNS,ch4,kt,2030,15.34
BAU,off-road,TRA_OT_AGR,ch4,kt,2030,14.33
BAU,off-road,TRA_OT_RAI,ch4,kt,2030,4.38
BAU,off-road,TRA_OT_OTHER,ch4,kt,2030,10.6
BAU,off-road,TRA_OT_CNS,co2,Mt,2031,261.662
BAU,off-road,TRA_OT_AGR,co2,Mt,2031,240.796
BAU,off-road,TRA_OT_RAI,co2,Mt,2031,73.12
BAU,off-road,TRA_OT_OTHER,co2,Mt,2031,74.68610697222131
BAU,off-road,TRA_OT_CNS,bc,kt,2031,95.092
BAU,off-road,TRA_OT_AGR,bc,kt,2031,86.364
BAU,off-road,TRA_OT_RAI,bc,kt,2031,27.18
BAU,off-road,TRA_OT_OTHER,bc,kt,2031,2.9646720514815925
BAU,off-road,TRA_OT_CNS,ch4,kt,2031,15.526
BAU,off-road,TRA_OT_AGR,ch4,kt,2031,14.28
BAU,off-road,TRA_OT_RAI,ch4,kt,2031,4.344
BAU,off-road,TRA_OT_OTHER,ch4,kt,2031,10.6
BAU,off-road,TRA_OT_CNS,co2,Mt,2032,264.614
BAU,off-road,TRA_OT_AGR,co2,Mt,2032,239.782
BAU,off-road,TRA_OT_RAI,co2,Mt,2032,72.44
BAU,off-road,TRA_OT_OTHER,co2,Mt,2032,76.0167161993047
BAU,off-road,TRA_OT_CNS,bc,kt,2032,96.294
BAU,off-road,TRA_OT_AGR,bc,kt,2032,85.778
BAU,off-road,TRA_OT_RAI,bc,kt,2032,26.81
BAU,off-road,TRA_OT_OTHER,bc,kt,2032,2.921860902723736
BAU,off-road,TRA_OT_CNS,ch4,kt,2032,15.712
BAU,off-road,TRA_OT_AGR,ch4,kt,2032,14.23
BAU,off-road,TRA_OT_RAI,ch4,kt,2032,4.308
BAU,off-road,TRA_OT_OTHER,ch4,kt,2032,10.6
BAU,off-road,TRA_OT_CNS,co2,Mt,2033,267.56600000000003
BAU,off-road,TRA_OT_AGR,co2,Mt,2033,238.768
BAU,off-road,TRA_OT_RAI,co2,Mt,2033,71.76
BAU,off-road,TRA_OT_OTHER,co2,Mt,2033,77.3473254263881
BAU,off-road,TRA_OT_CNS,bc,kt,2033,97.49600000000001
BAU,off-road,TRA_OT_AGR,bc,kt,2033,85.192
BAU,off-road,TRA_OT_RAI,bc,kt,2033,26.44
BAU,off-road,TRA_OT_OTHER,bc,kt,2033,2.879049753965879
BAU,off-road,TRA_OT_CNS,ch4,kt,2033,15.898
BAU,off-road,TRA_OT_AGR,ch4,kt,2033,14.18
BAU,off-road,TRA_OT_RAI,ch4,kt,2033,4.272
BAU,off-road,TRA_OT_OTHER,ch4,kt,2033,10.6
BAU,off-road,TRA_OT_CNS,co2,Mt,2034,270.51800000000003
BAU,off-road,TRA_OT_AGR,co2,Mt,2034,237.75400000000002
BAU,off-road,TRA_OT_RAI,co2,Mt,2034,71.08
BAU,off-road,TRA_OT_OTHER,co2,Mt,2034,78.6779346534715
BAU,off-road,TRA_OT_CNS,bc,kt,2034,98.69800000000001
BAU,off-road,TRA_OT_AGR,bc,kt,2034,84.606
BAU,off-road,TRA_OT_RAI,bc,kt,2034,26.07
BAU,off-road,TRA_OT_OTHER,bc,kt,2034,2.8362386052080217
BAU,off-road,TRA_OT_CNS,ch4,kt,2034,16.084
BAU,off-road,TRA_OT_AGR,ch4,kt,2034,14.13
BAU,off-road,TRA_OT_RAI,ch4,kt,2034,4.236
BAU,off-road,TRA_OT_OTHER,ch4,kt,2034,10.6
BAU,off-road,TRA_OT_CNS,co2,Mt,2035,273.47
BAU,off-road,TRA_OT_AGR,co2,Mt,2035,236.74
BAU,off-road,TRA_OT_RAI,co2,Mt,2035,70.4
BAU,off-road,TRA_OT_OTHER,co2,Mt,2035,80.00854388055488
BAU,off-road,TRA_OT_CNS,bc,kt,2035,99.9
BAU,off-road,TRA_OT_AGR,bc,kt,2035,84.02
BAU,off-road,TRA_OT_RAI,bc,kt,2035,25.7
BAU,off-road,TRA_OT_OTHER,bc,kt,2035,2.7934274564501647
BAU,off-road,TRA_OT_CNS,ch4,kt,2035,16.27
BAU,off-road,TRA_OT_AGR,ch4,kt,2035,14.08
BAU,off-road,TRA_OT_RAI,ch4,kt,2035,4.2
BAU,off-road,TRA_OT_OTHER,ch4,kt,2035,10.6
BAU,off-road,TRA_OT_CNS,co2,Mt,2036,276.19
BAU,off-road,TRA_OT_AGR,co2,Mt,2036,235.84
BAU,off-road,TRA_OT_RAI,co2,Mt,2036,69.58200000000001
BAU,off-road,TRA_OT_OTHER,co2,Mt,2036,81.53661115103095
BAU,off-road,TRA_OT_CNS,bc,kt,2036,101.08200000000001
BAU,off-road,TRA_OT_AGR,bc,kt,2036,83.586
BAU,off-road,TRA_OT_RAI,bc,kt,2036,25.622
BAU,off-road,TRA_OT_OTHER,bc,kt,2036,2.772021882071236
BAU,off-road,TRA_OT_CNS,ch4,kt,2036,16.46
BAU,off-road,TRA_OT_AGR,ch4,kt,2036,14.03
BAU,off-road,TRA_OT_RAI,ch4,kt,2036,4.148
BAU,off-road,TRA_OT_OTHER,ch4,kt,2036,10.608
BAU,off-road,TRA_OT_CNS,co2,Mt,2037,278.91
BAU,off-road,TRA_OT_AGR,co2,Mt,2037,234.94
BAU,off-road,TRA_OT_RAI,co2,Mt,2037,68.76400000000001
BAU,off-road,TRA_OT_OTHER,co2,Mt,2037,83.06467842150704
BAU,off-road,TRA_OT_CNS,bc,kt,2037,102.26400000000001
BAU,off-road,TRA_OT_AGR,bc,kt,2037,83.152
BAU,off-road,TRA_OT_RAI,bc,kt,2037,25.544
BAU,off-road,TRA_OT_OTHER,bc,kt,2037,2.750616307692308
BAU,off-road,TRA_OT_CNS,ch4,kt,2037,16.65
BAU,off-road,TRA_OT_AGR,ch4,kt,2037,13.98
BAU,off-road,TRA_OT_RAI,ch4,kt,2037,4.096
BAU,off-road,TRA_OT_OTHER,ch4,kt,2037,10.616
BAU,off-road,TRA_OT_CNS,co2,Mt,2038,281.63
BAU,off-road,TRA_OT_AGR,co2,Mt,2038,234.04000000000002
BAU,off-road,TRA_OT_RAI,co2,Mt,2038,67.946
BAU,off-road,TRA_OT_OTHER,co2,Mt,2038,84.59274569198311
BAU,off-road,TRA_OT_CNS,bc,kt,2038,103.446
BAU,off-road,TRA_OT_AGR,bc,kt,2038,82.71799999999999
BAU,off-road,TRA_OT_RAI,bc,kt,2038,25.465999999999998
BAU,off-road,TRA_OT_OTHER,bc,kt,2038,2.7292107333133795
BAU,off-road,TRA_OT_CNS,ch4,kt,2038,16.84
BAU,off-road,TRA_OT_AGR,ch4,kt,2038,13.93
BAU,off-road,TRA_OT_RAI,ch4,kt,2038,4.0440000000000005
BAU,off-road,TRA_OT_OTHER,ch4,kt,2038,10.624
BAU,off-road,TRA_OT_CNS,co2,Mt,2039,284.35
BAU,off-road,TRA_OT_AGR,co2,Mt,2039,233.14000000000001
BAU,off-road,TRA_OT_RAI,co2,Mt,2039,67.128
BAU,off-road,TRA_OT_OTHER,co2,Mt,2039,86.1208129624592
BAU,off-road,TRA_OT_CNS,bc,kt,2039,104.628
BAU,off-road,TRA_OT_AGR,bc,kt,2039,82.28399999999999
BAU,off-road,TRA_OT_RAI,bc,kt,2039,25.387999999999998
BAU,off-road,TRA_OT_OTHER,bc,kt,2039,2.707805158934451
BAU,off-road,TRA_OT_CNS,ch4,kt,2039,17.029999999999998
BAU,off-road,TRA_OT_AGR,ch4,kt,2039,13.88
BAU,off-road,TRA_OT_RAI,ch4,kt,2039,3.992
BAU,off-road,TRA_OT_OTHER,ch4,kt,2039,10.632
BAU,off-road,TRA_OT_CNS,co2,Mt,2040,287.07
BAU,off-road,TRA_OT_AGR,co2,Mt,2040,232.24
BAU,off-road,TRA_OT_RAI,co2,Mt,2040,66.31
BAU,off-road,TRA_OT_OTHER,co2,Mt,2040,87.64888023293527
BAU,off-road,TRA_OT_CNS,bc,kt,2040,105.81
BAU,off-road,TRA_OT_AGR,bc,kt,2040,81.85
BAU,off-road,TRA_OT_RAI,bc,kt,2040,25.31
BAU,off-road,TRA_OT_OTHER,bc,kt,2040,2.6863995845555224
BAU,off-road,TRA_OT_CNS,ch4,kt,2040,17.22
BAU,off-road,TRA_OT_AGR,ch4,kt,2040,13.83
BAU,off-road,TRA_OT_RAI,ch4,kt,2040,3.94
BAU,off-road,TRA_OT_OTHER,ch4,kt,2040,10.64
BAU,off-road,TRA_OT_CNS,co2,Mt,2041,286.628
BAU,off-road,TRA_OT_AGR,co2,Mt,2041,231.774
BAU,off-road,TRA_OT_RAI,co2,Mt,2041,65.296
BAU,off-road,TRA_OT_OTHER,co2,Mt,2041,89.29138717345134
BAU,off-road,TRA_OT_CNS,bc,kt,2041,105.73
BAU,off-road,TRA_OT_AGR,bc,kt,2041,81.524
BAU,off-road,TRA_OT_RAI,bc,kt,2041,25.148
BAU,off-road,TRA_OT_OTHER,bc,kt,2041,2.6756967973660584
BAU,off-road,TRA_OT_CNS,ch4,kt,2041,17.204
BAU,off-road,TRA_OT_AGR,ch4,kt,2041,13.816
BAU,off-road,TRA_OT_RAI,ch4,kt,2041,3.884
BAU,off-road,TRA_OT_OTHER,ch4,kt,2041,10.624
BAU,off-road,TRA_OT_CNS,co2,Mt,2042,286.186
BAU,off-road,TRA_OT_AGR,co2,Mt,2042,231.308
BAU,off-road,TRA_OT_RAI,co2,Mt,2042,64.282
BAU,off-road,TRA_OT_OTHER,co2,Mt,2042,90.9338941139674
BAU,off-road,TRA_OT_CNS,bc,kt,2042,105.65
BAU,off-road,TRA_OT_AGR,bc,kt,2042,81.198
BAU,off-road,TRA_OT_RAI,bc,kt,2042,24.986
BAU,off-road,TRA_OT_OTHER,bc,kt,2042,2.664994010176594
BAU,off-road,TRA_OT_CNS,ch4,kt,2042,17.188
BAU,off-road,TRA_OT_AGR,ch4,kt,2042,13.802
BAU,off-road,TRA_OT_RAI,ch4,kt,2042,3.828
BAU,off-road,TRA_OT_OTHER,ch4,kt,2042,10.608
BAU,off-road,TRA_OT_CNS,co2,Mt,2043,285.744
BAU,off-road,TRA_OT_AGR,co2,Mt,2043,230.842
BAU,off-road,TRA_OT_RAI,co2,Mt,2043,63.268
BAU,off-road,TRA_OT_OTHER,co2,Mt,2043,92.57640105448345
BAU,off-road,TRA_OT_CNS,bc,kt,2043,105.57
BAU,off-road,TRA_OT_AGR,bc,kt,2043,80.872
BAU,off-road,TRA_OT_RAI,bc,kt,2043,24.823999999999998
BAU,off-road,TRA_OT_OTHER,bc,kt,2043,2.65429122298713
BAU,off-road,TRA_OT_CNS,ch4,kt,2043,17.172
BAU,off-road,TRA_OT_AGR,ch4,kt,2043,13.788
BAU,off-road,TRA_OT_RAI,ch4,kt,2043,3.7720000000000002
BAU,off-road,TRA_OT_OTHER,ch4,kt,2043,10.592
BAU,off-road,TRA_OT_CNS,co2,Mt,2044,285.302
BAU,off-road,TRA_OT_AGR,co2,Mt,2044,230.376
BAU,off-road,TRA_OT_RAI,co2,Mt,2044,62.254000000000005
BAU,off-road,TRA_OT_OTHER,co2,Mt,2044,94.21890799499951
BAU,off-road,TRA_OT_CNS,bc,kt,2044,105.49
BAU,off-road,TRA_OT_AGR,bc,kt,2044,80.54599999999999
BAU,off-road,TRA_OT_RAI,bc,kt,2044,24.662
BAU,off-road,TRA_OT_OTHER,bc,kt,2044,2.6435884357976653
BAU,off-road,TRA_OT_CNS,ch4,kt,2044,17.156
BAU,off-road,TRA_OT_AGR,ch4,kt,2044,13.774
BAU,off-road,TRA_OT_RAI,ch4,kt,2044,3.716
BAU,off-road,TRA_OT_OTHER,ch4,kt,2044,10.576
BAU,off-road,TRA_OT_CNS,co2,Mt,2045,284.86
BAU,off-road,TRA_OT_AGR,co2,Mt,2045,229.91
BAU,off-road,TRA_OT_RAI,co2,Mt,2045,61.24
BAU,off-road,TRA_OT_OTHER,co2,Mt,2045,95.86141493551558
BAU,off-road,TRA_OT_CNS,bc,kt,2045,105.41
BAU,off-road,TRA_OT_AGR,bc,kt,2045,80.22
BAU,off-road,TRA_OT_RAI,bc,kt,2045,24.5
BAU,off-road,TRA_OT_OTHER,bc,kt,2045,2.6328856486082013
BAU,off-road,TRA_OT_CNS,ch4,kt,2045,17.14
BAU,off-road,TRA_OT_AGR,ch4,kt,2045,13.76
BAU,off-road,TRA_OT_RAI,ch4,kt,2045,3.66
BAU,off-road,TRA_OT_OTHER,ch4,kt,2045,10.56
BAU,off-road,TRA_OT_CNS,co2,Mt,2046,283.818
BAU,off-road,TRA_OT_AGR,co2,Mt,2046,228.174
BAU,off-road,TRA_OT_RAI,co2,Mt,2046,60.026
BAU,off-road,TRA_OT_OTHER,co2,Mt,2046,97.56511071694898
BAU,off-road,TRA_OT_CNS,bc,kt,2046,105.286
BAU,off-road,TRA_OT_AGR,bc,kt,2046,79.762
BAU,off-road,TRA_OT_RAI,bc,kt,2046,24.18
BAU,off-road,TRA_OT_OTHER,bc,kt,2046,2.633955927327148
BAU,off-road,TRA_OT_CNS,ch4,kt,2046,17.088
BAU,off-road,TRA_OT_AGR,ch4,kt,2046,13.668
BAU,off-road,TRA_OT_RAI,ch4,kt,2046,3.5900000000000003
BAU,off-road,TRA_OT_OTHER,ch4,kt,2046,10.56
BAU,off-road,TRA_OT_CNS,co2,Mt,2047,282.776
BAU,off-road,TRA_OT_AGR,co2,Mt,2047,226.438
BAU,off-road,TRA_OT_RAI,co2,Mt,2047,58.812000000000005
BAU,off-road,TRA_OT_OTHER,co2,Mt,2047,99.26880649838238
BAU,off-road,TRA_OT_CNS,bc,kt,2047,105.162
BAU,off-road,TRA_OT_AGR,bc,kt,2047,79.304
BAU,off-road,TRA_OT_RAI,bc,kt,2047,23.86
BAU,off-road,TRA_OT_OTHER,bc,kt,2047,2.635026206046094
BAU,off-road,TRA_OT_CNS,ch4,kt,2047,17.036
BAU,off-road,TRA_OT_AGR,ch4,kt,2047,13.576
BAU,off-road,TRA_OT_RAI,ch4,kt,2047,3.52
BAU,off-road,TRA_OT_OTHER,ch4,kt,2047,10.56
BAU,off-road,TRA_OT_CNS,co2,Mt,2048,281.734
BAU,off-road,TRA_OT_AGR,co2,Mt,2048,224.702
BAU,off-road,TRA_OT_RAI,co2,Mt,2048,57.598
BAU,off-road,TRA_OT_OTHER,co2,Mt,2048,100.97250227981576
BAU,off-road,TRA_OT_CNS,bc,kt,2048,105.038
BAU,off-road,TRA_OT_AGR,bc,kt,2048,78.846
BAU,off-road,TRA_OT_RAI,bc,kt,2048,23.54
BAU,off-road,TRA_OT_OTHER,bc,kt,2048,2.6360964847650408
BAU,off-road,TRA_OT_CNS,ch4,kt,2048,16.983999999999998
BAU,off-road,TRA_OT_AGR,ch4,kt,2048,13.484
BAU,off-road,TRA_OT_RAI,ch4,kt,2048,3.45
BAU,off-road,TRA_OT_OTHER,ch4,kt,2048,10.56
BAU,off-road,TRA_OT_CNS,co2,Mt,2049,280.692
BAU,off-road,TRA_OT_AGR,co2,Mt,2049,222.96599999999998
BAU,off-road,TRA_OT_RAI,co2,Mt,2049,56.384
BAU,off-road,TRA_OT_OTHER,co2,Mt,2049,102.67619806124915
BAU,off-road,TRA_OT_CNS,bc,kt,2049,104.914
BAU,off-road,TRA_OT_AGR,bc,kt,2049,78.388
BAU,off-road,TRA_OT_RAI,bc,kt,2049,23.22
BAU,off-road,TRA_OT_OTHER,bc,kt,2049,2.6371667634839873
BAU,off-road,TRA_OT_CNS,ch4,kt,2049,16.932
BAU,off-road,TRA_OT_AGR,ch4,kt,2049,13.392000000000001
BAU,off-road,TRA_OT_RAI,ch4,kt,2049,3.38
BAU,off-road,TRA_OT_OTHER,ch4,kt,2049,10.56
BAU,off-road,TRA_OT_CNS,co2,Mt,2050,279.65
BAU,off-road,TRA_OT_AGR,co2,Mt,2050,221.23
BAU,off-road,TRA_OT_RAI,co2,Mt,2050,55.17
BAU,off-road,TRA_OT_OTHER,co2,Mt,2050,104.37989384268255
BAU,off-road,TRA_OT_CNS,bc,kt,2050,104.79
BAU,off-road,TRA_OT_AGR,bc,kt,2050,77.93
BAU,off-road,TRA_OT_RAI,bc,kt,2050,22.9
BAU,off-road,TRA_OT_OTHER,bc,kt,2050,2.6382370422029333
BAU,off-road,TRA_OT_CNS,ch4,kt,2050,16.88
BAU,off-road,TRA_OT_AGR,ch4,kt,2050,13.3
BAU,off-road,TRA_OT_RAI,ch4,kt,2050,3.31
BAU,off-road,TRA_OT_OTHER,ch4,kt,2050,10.56
