Scenario,CY,RTK,CO2,H2O,OC,SO2,Sulphates,NOx,CO,HC,CH4,N2O,nvPM,ConEF,Stock,MJ,EnRoute,Payload,TechEff,Fuel (kg),FuelEff
Baseline,2023,1.07626E+12,1030.309796,331.8375985,0.005391416,0.323484956,0.006583155,4.123887357,1.055771844,0.121177824,1.16419186,0.00202453,0.02356836,6.7765E+11,64496.85276,1.16419E+13,1,1,1,0,10.8170342
Baseline,2024,1.10501E+12,1046.701695,337.1173573,0.005477192,0.328631498,0.006687868,3.969957956,1.072918007,0.123163263,1.18271378,0.002056739,0.026586697,6.93505E+11,65572.24613,1.18271E+13,1,1,0.989396659,2.74094E+11,10.7031634
Baseline,2025,1.13475E+12,1066.68462,343.5537277,0.005581758,0.33490551,0.006815524,4.045875733,1.094035996,0.125574796,1.205293356,0.002096005,0.027095113,7.09834E+11,66772.28472,1.20529E+13,1,1,0.981698075,2.79326E+11,10.62169825
Baseline,2026,1.16547E+12,1088.233857,350.4946128,0.005694522,0.341671294,0.006953184,4.127661137,1.116916945,0.128175272,1.229642777,0.002138349,0.027643233,7.26637E+11,68058.74896,1.22964E+13,1,1,0.974919072,2.84969E+11,10.5506043
Baseline,2027,1.19723E+12,1110.852013,357.7798048,0.005812878,0.348772686,0.007097672,4.213444793,1.140978213,0.130904101,1.255200014,0.002182793,0.028218434,7.43931E+11,69417.98673,1.2552E+13,1,1,0.968566048,2.90892E+11,10.48423106
Baseline,2028,1.23005E+12,1134.405114,365.3661491,0.005936127,0.356167621,0.007248132,4.302742076,1.166055189,0.133744577,1.281813688,0.002229074,0.028817398,7.61732E+11,70842.79087,1.28181E+13,1,1,0.962486929,2.9706E+11,10.42081188
Baseline,2029,1.26399E+12,1158.840581,373.2367112,0.006063993,0.363839591,0.007404227,4.395356457,1.192091173,0.136690295,1.309424386,0.002277089,0.029438809,7.80057E+11,72329.76372,1.30942E+13,1,1,0.956602757,3.03459E+11,10.35946752
Baseline,2030,1.29908E+12,1184.099118,381.3723952,0.006196166,0.371769979,0.00756558,4.491064155,1.219038502,0.139734871,1.337965105,0.002326721,0.030081168,7.98924E+11,73875.90559,1.33797E+13,1,1,0.950829947,3.10073E+11,10.29933389
Baseline,2031,1.33537E+12,1210.111247,389.750829,0.006332283,0.379936972,0.007731745,4.589595321,1.246845079,0.142870976,1.367357342,0.002377834,0.030742685,8.18352E+11,75479.34302,1.36736E+13,1,1,0.945082496,3.16885E+11,10.23953741
Baseline,2032,1.37291E+12,1236.82229,398.3544076,0.006472057,0.388323401,0.007902372,4.690719328,1.275471293,0.146092608,1.39753931,0.002430321,0.031421891,8.38362E+11,77141.90469,1.39754E+13,1,1,0.939295586,3.23879E+11,10.1794088
Baseline,2033,1.41174E+12,1264.191154,407.1698998,0.006615273,0.396916366,0.0080772,4.794278568,1.30488973,0.149395512,1.428464581,0.0024841,0.03211774,8.58972E+11,78868.06768,1.42846E+13,1,1,0.933420849,3.31046E+11,10.11845267
Baseline,2034,1.45192E+12,1292.211513,416.1952721,0.006761898,0.40571388,0.008256187,4.900235896,1.335105952,0.152779408,1.460126004,0.002539159,0.032830021,8.80205E+11,80664.47929,1.46013E+13,1,1,0.927440813,3.38384E+11,10.0564941
Baseline,2035,1.49351E+12,1320.910642,425.439312,0.006912075,0.414724506,0.008439507,5.008689366,1.366156637,0.156247987,1.492554397,0.002595552,0.033559401,9.02082E+11,82535.56174,1.49255E+13,1,1,0.921364006,3.45899E+11,9.993629777
Baseline,2036,1.53654E+12,1350.340355,434.9187106,0.007066075,0.423964513,0.008627491,5.119833052,1.398100567,0.159807717,1.52580831,0.002653381,0.034307181,9.24626E+11,84484.89583,1.52581E+13,1,1,0.915215582,3.53606E+11,9.93012502
Baseline,2037,1.5811E+12,1380.576778,444.6579915,0.007224297,0.433457801,0.008820626,5.233934571,1.431017817,0.16346766,1.559973761,0.002712794,0.035075208,9.47861E+11,86517.82316,1.55997E+13,1,1,0.909035256,3.61523E+11,9.866387594
Baseline,2038,1.62723E+12,1411.695935,454.6816417,0.007387137,0.44322824,0.009019396,5.351282219,1.464991069,0.167237168,1.595136649,0.002773943,0.035865407,9.71811E+11,88643.20436,1.59514E+13,1,1,0.90285688,3.69672E+11,9.802775519
Baseline,2039,1.675E+12,1443.794207,465.020703,0.007555102,0.45330609,0.009224419,5.472264084,1.50012135,0.171128039,1.631405883,0.002837015,0.036680301,9.96503E+11,90877.02517,1.63141E+13,1,1,0.896723113,3.78078E+11,9.739738243
Baseline,2040,1.72448E+12,1476.978256,475.7095311,0.007728747,0.463724841,0.009436374,5.597273282,1.536512251,0.175152379,1.668901984,0.002902221,0.037522567,1.02196E+12,93228.58271,1.6689E+13,1,1,0.890680665,3.86768E+11,9.67773379
Baseline,2041,1.77573E+12,1511.365589,486.7859727,0.00790869,0.474521385,0.009656013,5.72676157,1.574277898,0.179323694,1.707757727,0.002969791,0.038395223,1.04822E+12,95708.75912,1.70776E+13,1,1,0.884776274,3.95772E+11,9.617226364
Baseline,2042,1.82883E+12,1547.050474,498.2803891,0.008095422,0.485725319,0.009883938,5.861100303,1.613511404,0.183653008,1.748079632,0.00303991,0.039300717,1.0753E+12,98328.86946,1.74808E+13,1,1,0.879035911,4.05117E+11,9.558469796
Baseline,2043,1.88385E+12,1584.13255,510.2248749,0.008289465,0.497367928,0.010120786,6.000656692,1.654311639,0.188151738,1.789980282,0.003112776,0.04024155,1.10324E+12,101094.9766,1.78998E+13,1,1,0.873484572,4.14827E+11,9.501704463
Baseline,2044,1.94088E+12,1622.694073,522.6459237,0.008491251,0.509475037,0.010367082,6.1457571,1.696765092,0.192829811,1.833552625,0.003188548,0.041219865,1.13207E+12,104015.9629,1.83355E+13,1,1,0.868131484,4.24925E+11,9.447023362
Baseline,2045,1.99999E+12,1662.809715,535.5675966,0.008701168,0.52207009,0.010623302,6.296625102,1.740944775,0.197695118,1.878881034,0.003267374,0.042237358,1.16181E+12,107095.0612,1.87888E+13,1,1,0.862982055,4.3543E+11,9.39444574
Baseline,2046,2.06128E+12,1704.50839,548.9991982,0.008919369,0.535162166,0.010889632,6.45345768,1.786901714,0.202753069,1.925998181,0.003349311,0.043295064,1.19251E+12,110336.5585,1.926E+13,1,1,0.85800713,4.4635E+11,9.343716738
Baseline,2047,2.12482E+12,1747.834673,562.955095,0.009146088,0.548765259,0.011166356,6.616377916,1.834686491,0.208008473,1.974954433,0.003434446,0.044393965,1.2242E+12,113740.0501,1.97495E+13,1,1,0.853193412,4.57695E+11,9.294673603
Baseline,2048,2.19073E+12,1792.837034,577.4509139,0.009381576,0.562894589,0.011453782,6.785485426,1.884352016,0.213466114,2.025804558,0.003522874,0.045535006,1.25692E+12,117306.7794,2.0258E+13,1,1,0.848530343,4.6948E+11,9.247172679
Baseline,2049,2.25909E+12,1839.487094,592.4775009,0.009625687,0.577541245,0.01175173,6.960807275,1.935904982,0.219125679,2.07851649,0.00361454,0.046717938,1.29071E+12,121040.3684,2.07852E+13,1,1,0.843960411,4.81696E+11,9.200683289
Baseline,2050,2.33001E+12,1887.792899,608.0374569,0.009878463,0.592707752,0.012060251,7.142335403,1.989366865,0.224988088,2.133099321,0.00370946,0.047942839,1.3256E+12,124946.0818,2.1331E+13,1,1,0.839455508,4.94345E+11,9.154896437