Scenario,CY,RTK,CO2,H2O,OC,SO2,Sulphates,NOx,CO,HC,CH4,N2O,nvPM,nvPM_num,ConEF,Stock,MJ,Fuel (kg),EnRoute,Payload,TechEff,AvoidancePenalty,FuelEff,ConERF
Baseline,2023,1076879935911.4612,1033.305238706694,332.8044410466621,0.0054070905200803,0.3244254312048217,0.0066021488204499,4.130005796386175,1.0874210156949042,0.1216700210396399,1.167576540911422e-09,2.030415604645131e-12,0.0236435183244092,2.4597726223552493e+17,678562873505.9171,31609.24973915726,11675765409115.186,270585525124.33804,1.0,1.0,1.0,1.0,10.842216499495764,27.701799874496082
Baseline,2024,1198283164085.4792,1118.1272391243149,361.2072609772121,0.0058685536368249,0.351056878554866,0.0071656076884281,4.508713362801882,1.181178274878766,0.1321381107047699,1.263420609180017e-09,2.1970884393640493e-12,0.0256050087935033,2.6636314025432646e+17,753574370780.0531,32587.6111656414,12672222760080.41,293678395366.8693,1.0,1.0,0.9746969539118644,1.0,10.575315701570217,30.76408572435153
Baseline,2025,1291191780400.776,1194.1499582190995,384.608378959208,0.0062487604599028,0.3749256275941703,0.0076298797161479,4.8287511566999015,1.260200036909247,0.1408480059464733,1.349321986688248e-09,2.346470934850863e-12,0.02734904779125,2.84401125649648e+17,814095410431.3851,33593.34924134459,13493219866882.48,312704979533.77704,1.0,1.0,0.962141260633114,1.0,10.45020582666216,33.23480994767292
Baseline,2026,1331753027991.2834,1219.8688748044044,392.8922743337947,0.0063833426770889,0.3830005606253352,0.0077941782438193,4.962618087766336,1.2886495608032886,0.1439156276773271,1.3783829093835078e-09,2.39700787941792e-12,0.0279371612513508,2.905618212503551e+17,837554451504.7727,34663.225487576005,13783829093835.078,319439839949.828,1.0,1.0,0.9526296855667868,1.0,10.350139105465804,34.19250699600238
Baseline,2027,1373732071214.7769,1247.7741017336584,401.8802717516912,0.0065293654420356,0.3917619265221371,0.0079724500353615,5.107046955842003,1.3192400239511248,0.1472383463753787,1.4099142392470715e-09,2.4518408620506574e-12,0.0285765448326442,2.972470898498111e+17,861760345219.2333,35776.06164772972,14099142392470.717,326747216511.4882,1.0,1.0,0.944409900268112,1.0,10.263385916296611,35.1806937206854
Baseline,2028,1417184163156.711,1276.991453026552,411.2907710278328,0.0066822543051516,0.4009352583090966,0.0081591127234946,5.258527921770774,1.3511739439358967,0.1507245199439805,1.4429281955102282e-09,2.509252131992287e-12,0.029248707784262,3.042568191187767e+17,886739781060.4219,36933.928871037606,14429281955102.283,334398191311.7563,1.0,1.0,0.9366574379774234,1.0,10.181656223819026,36.20045969914987
Baseline,2029,1462166944413.6943,1307.1675732660717,421.0099892985815,0.0068401602244946,0.4104096134696762,0.0083519068481803,5.415685442862438,1.384117513832631,0.1543318350964573,1.4770255065153355e-09,2.568547355830168e-12,0.0299450800711926,3.115053833162226e+17,912520523071.794,38139.01395245726,14770255065153.354,342300233259.6374,1.0,1.0,0.9290605754030222,1.0,10.1016201478115,37.25293837680746
Baseline,2030,1508740556417.7275,1338.2728371429212,431.0284698325497,0.0070029281764345,0.4201756905860732,0.0085506371812809,5.578513594015835,1.4179884430102716,0.158046008076445,1.512172697336634e-09,2.6296683206684064e-12,0.0306627306558397,3.1897607066269306e+17,939131458167.7084,39393.62662809751,15121726973366.34,350445584550.78424,1.0,1.0,0.9216070763115642,1.0,10.022748383771532,38.33930903939838
Baseline,2031,1556967760608.63,1370.2855788513873,441.33926700120014,0.0071704447879154,0.4302266872749284,0.0087551630224217,5.747004474356073,1.452768738489069,0.1618615249922178,1.548345286837726e-09,2.692572453810805e-12,0.0314003824509413,3.266606689680199e+17,966602646834.767,40700.20738152044,15483452868377.258,358828571688.92834,1.0,1.0,0.9142620344948998,1.0,9.944620087910272,39.46079888283401
Baseline,2032,1606914063779.371,1403.2010109131093,451.9408391766467,0.0073426850069702,0.4405611004182148,0.0089654537609381,5.921203765985873,1.4884866610598444,0.1657793383658073,1.5855378654385414e-09,2.7572503479976235e-12,0.0321580316724718,3.345588866439314e+17,994965376349.0964,42061.33580010115,15855378654385.414,367447941005.45575,1.0,1.0,0.9069895695136452,1.0,9.866973605977694,40.61868518575089
Baseline,2033,1658647849938.1997,1437.0614542569776,462.8468159606121,0.0075198702910006,0.451192217460039,0.0091817798714478,6.101366162752439,1.5252062753232472,0.1698055084980758,1.6237982533977147e-09,2.823785162658626e-12,0.0329367443658926,3.4268150133277734e+17,1024252216644.5568,43479.739523882345,16237982533977.146,376314774831.45184,1.0,1.0,0.8997899701621682,1.0,9.789891527958853,41.81429759028675
Baseline,2034,1712240519051.8457,1471.9505654181628,474.0841394965464,0.0077024383988037,0.4621463039282228,0.009404675987296,6.28793265287946,1.5630271831773173,0.1739507989185584,1.6632209778736303e-09,2.892341280522243e-12,0.0337385262692376,3.510490911228591e+17,1054497078974.584,44958.30383290696,16632209778736.305,385450979808.4891,1.0,1.0,0.8926893931589694,1.0,9.713711125085627,43.04902049690447
Baseline,2035,1767766633055.7336,1507.9970448061124,485.6942558610335,0.0078910627952355,0.4734637677141302,0.0096349648009886,6.481559783292171,1.602082846482232,0.1782307802024527,1.7039514630577542e-09,2.9631715942574346e-12,0.034566473547553,3.596929623089911e+17,1085735277518.5616,46500.08192287698,17039514630577.545,394890257950.8121,1.0,1.0,0.8857393827614313,1.0,9.639006819086354,44.32429557942414
Baseline,2036,1825304069540.13,1545.3651684129486,497.730064849599,0.0080866031054352,0.4851961863261141,0.0098736966162327,6.683086070670494,1.6425323192674566,0.18266466349273,1.7461753315400551e-09,3.036598901548156e-12,0.0354245834184971,3.68652935384931e+17,1118003594092.2896,48108.30592319885,17461753315400.55,404675627239.8737,1.0,1.0,0.8790070007690547,1.0,9.566490102550365,45.64162442677743
Baseline,2037,1884934183545.612,1584.2394881520447,510.2509940403109,0.008290025054596,0.4974015032757655,0.0101220514711996,6.8934636531002464,1.6845497578798914,0.1872738977316001,1.790101116555983e-09,3.112985841690854e-12,0.0363173723980148,3.779737726331859e+17,1151340346131.3318,49786.398716072,17901011165559.83,414855415192.58,1.0,1.0,0.8725617192939721,1.0,9.496889239860645,47.0025713183748
Baseline,2038,1946741977927.2124,1624.7871276491792,523.3108572671247,0.0085022031689846,0.5101321901390782,0.0103810980824683,7.1135917050081625,1.7282918224576949,0.192077787960484,1.8359176583606543e-09,3.192660807889178e-12,0.0372489796013092,3.876961111219368e+17,1185785458125.7834,51537.98662029059,18359176583606.543,425473385483.34985,1.0,1.0,0.8664530674633002,1.0,9.430719012467394,48.40876614037397
Baseline,2039,2010816282774.2256,1667.150142403732,536.9553947629752,0.0087238807981119,0.523432847886719,0.0106517449779769,7.344278874020451,1.7738895873034024,0.1970926900176728,1.883785471642635e-09,3.275902935186542e-12,0.0382229688455269,3.978546230888302e+17,1221380536695.3584,53366.91300890292,18837854716426.348,436566737344.759,1.0,1.0,0.8607087598044294,1.0,9.368262470222628,49.861907450561986
Baseline,2040,2077249944401.993,1711.3930814686962,551.205387647648,0.0089553957149414,0.5373237428964887,0.0109344051917306,7.585999392440727,1.8214015821548888,0.2023260243903132,1.9337774931849677e-09,3.3628390606486584e-12,0.0392410521444868,4.0846537777306e+17,1258168949504.6846,55277.252935851466,19337774931849.68,448152373855.1489,1.0,1.0,0.8553098830579475,1.0,9.309315416742836,51.363765700010426
Baseline,2041,2146140024463.2288,1757.512021348217,566.0595676160029,0.0091967273885627,0.551803643313765,0.0112290539794657,7.838920681559992,1.870824313904634,0.2077775082051131,1.985889289659003e-09,3.453461474717006e-12,0.0403032936284493,4.1952804671906445e+17,1296195908230.3645,57273.3288532492,19858892896590.027,460229267591.8894,1.0,1.0,0.8502018501348391,1.0,9.25330717950565,52.91618662014102
Baseline,2042,2217588009759.615,1805.4124545907816,581.4874961844594,0.0094473812793896,0.5668428767633766,0.0115350874827295,8.102791876255859,1.922071138860902,0.2134366251651887,2.040014072983934e-09,3.5475844729190614e-12,0.0414075836633281,4.310205988984238e+17,1335508555803.7217,59359.7275080898,20400140729839.344,472772670448.1887,1.0,1.0,0.8452894163694251,1.0,9.199247398551142,54.52109478434261
Baseline,2043,2291700033369.7075,1854.9635490442024,597.4470382144902,0.0097066727675601,0.5824003660536103,0.0118516695617757,8.377177772117562,1.975028596125239,0.2192891261815344,2.096004010219437e-09,3.644950973771602e-12,0.0425509359504713,4.4291241246644576e+17,1376156058166.3027,61541.31811499968,20960040102194.37,485748322182.9519,1.0,1.0,0.8404682802002976,1.0,9.146066150452862,56.180497353818
Baseline,2044,2368587107746.7275,1906.031094338785,613.8949708022011,0.0099738995556404,0.598433973338427,0.0121779424724622,8.661609943861345,2.029583500430236,0.2253206882133882,2.153707451230265e-09,3.745297257689432e-12,0.0437302843093703,4.551721659271427e+17,1418189700789.139,63823.27191018712,21537074512302.65,499121077921.2666,1.0,1.0,0.8356431118359856,1.0,9.092793945328529,57.89648801790748
Baseline,2045,2448365370479.773,1958.5082436093603,630.7968838851689,0.0102485025342307,0.6149101520538423,0.0125132233287162,8.955729597792546,2.0856530252316183,0.2315203864512659,2.213003665095323e-09,3.848413373600766e-12,0.0449431995075178,4.677751489242318e+17,1461662990221.5798,66211.08320109977,22130036650953.227,512862958307.1431,1.0,1.0,0.8307407538671694,1.0,9.038698601841729,59.671251139740775
Baseline,2046,2531156343454.4453,2012.3770842562808,648.1470093771702,0.0105303879700911,0.6318232782054669,0.012857397599481,9.259579972421344,2.14324307432751,0.2378877826635225,2.273872411589018e-09,3.9542641237533024e-12,0.0461893223706696,4.807179684675541e+17,1506631760951.2356,68710.59203654953,22738724115890.18,526969272674.1641,1.0,1.0,0.8257338560944338,1.0,8.983532042456556,61.50706611871069
Baseline,2047,2617087206194.14,2067.713022840549,665.9696334117309,0.0108199504514671,0.6491970270880278,0.0132109471276417,9.57364821081686,2.2024463403428327,0.2444327597535996,2.336398895865028e-09,4.062997679909283e-12,0.0474704556742011,4.940193203851411e+17,1553154287873.2483,71328.00863329312,23363988958650.28,541459767292.0111,1.0,1.0,0.8206375776455961,1.0,8.927478191537611,63.406311981943446
Baseline,2048,2706291084211.3257,2124.6887219689065,684.32036720314,0.0111180934890631,0.6670856093437889,0.0135749750827411,9.89889631335562,2.263444792842542,0.2511758328610185,2.400778216914019e-09,4.174953319213479e-12,0.0487905757836337,5.077206959742803e+17,1601291404684.8533,74069.93970736692,24007782169140.188,556379656295.2535,1.0,1.0,0.8155047740930979,1.0,8.871101231202775,65.37147221766432
Baseline,2049,2798907353249.383,2183.516558384794,703.2676181446222,0.0114259284101357,0.6855557046081451,0.0139508380217506,10.236507104075294,2.326448306792949,0.2581407906061987,2.467250348457394e-09,4.290548355967408e-12,0.0501544094064329,5.218721626656024e+17,1651106628540.0164,76943.41687197717,24672503484573.94,571784553524.3092,1.0,1.0,0.810399037475042,1.0,8.81504829230252,67.40513986412584
Baseline,2050,2895081960350.055,2244.406703290173,722.8790928415114,0.0117445550007608,0.7046733000456527,0.0143398777402131,10.587686186693665,2.39165387881891,0.2653497894516209,2.536052772079292e-09,4.4101957706458876e-12,0.051566361796785,5.36522098156913e+17,1702666291318.9531,79955.92727856371,25360527720792.92,587729495267.5068,1.0,1.0,0.8053768311567809,1.0,8.759865201787408,69.51002286858358
Continuation,2023,1076879935911.4612,1033.305238706694,332.8044410466621,0.0054070905200803,0.3244254312048217,0.0066021488204499,4.130005796386175,1.0874210156949042,0.1216700210396399,1.167576540911422e-09,2.030415604645131e-12,0.0236435183244092,2.4597726223552493e+17,678562873505.9171,31609.24973915726,11675765409115.186,270585525124.33804,1.0,1.0,1.0,1.0,10.842216499495764,27.701799874496082
Continuation,2024,1198283164085.4792,1099.557866713743,355.0391011695253,0.0057683650885265,0.3450635995956608,0.0070433871275403,4.432887453438197,1.160354919553833,0.1300008166031359,1.2434955395652098e-09,3.0190353287262424e-12,0.0252051956578877,2.619577192334477e+17,742345819438.7389,32587.6111656414,12455881276196.104,288664687744.98505,0.99500999,0.99003992,0.9723467385426944,1.0,10.394772829594364,30.305688876716044
Continuation,2025,1291167587890.2134,1164.785850455158,376.5370674768239,0.0061176640740934,0.3654692013261102,0.007469975132184,4.730205573357644,1.2313221018788088,0.1380076403835824,1.317676166890184e-09,3.535196422562254e-12,0.0267321132857,2.776312741484072e+17,797552694902.9993,33593.315443485815,13210137747023.686,306144559606.5744,0.99401498,0.98805984,0.9592996880653984,1.0,10.231156567838914,32.559466493380526
Continuation,2026,1331640697909.844,1182.609131392247,383.2358159335352,0.0062265006339459,0.3709153936081735,0.0076028735419612,4.844921953559488,1.2529265610997258,0.1404697486788199,1.3388581698572443e-09,4.396243532726662e-12,0.0271506482181485,2.8196433255919693e+17,816690178301.9159,34658.46746731823,13445153257870.53,311591037262.35297,0.993020965,0.986083721,0.9496403432168826,1.0,10.09668244517772,33.34073932146675
Continuation,2027,1373428630818.567,1202.470929684257,390.6236011866753,0.0063465310441156,0.3770033250452307,0.0077494356750604,4.9696422244524046,1.2768510815868193,0.1431796679017742,1.3623934571958755e-09,5.284168370605492e-12,0.0276154763345312,2.8678673985450595e+17,836311074126.532,35760.98157628614,13704340135896.17,317597685652.2867,0.992027944,0.984111553,0.9414254911527796,1.0,9.978196047746836,34.14174708465836
Continuation,2028,1416574888881.9485,1223.322181981196,398.4034261695791,0.0064729313366355,0.3833969821603369,0.0079037772350997,5.100675114168294,1.3022262011840533,0.1460431769072187,1.3871463033684595e-09,6.235317615343013e-12,0.0281051695350314,2.9186190100035814e+17,856370524299.5116,36902.23727312597,13977281777547.145,323923100290.7797,0.991035916,0.98214333,0.9337779294968834,1.0,9.866955772863452,34.96065848694785
Continuation,2029,1461123777027.9888,1244.739749630712,406.4500415972331,0.006603666550653,0.3899702640586567,0.0080634133738652,5.236517761195757,1.3286364733395049,0.1490142581147772,1.4125947258689483e-09,7.213373759531815e-12,0.0286105633990468,2.9709485280096454e+17,876875933442.7579,38083.63039190886,14259584003468.725,330465446198.58,0.99004488,0.980179043,0.9263646567240652,1.0,9.759326504475585,35.797775816247054
Continuation,2030,1507120768073.551,1266.7856712690452,414.7370025525537,0.0067383060281776,0.3967430810609229,0.0082278139177545,5.376964254572487,1.355906432239,0.1520731602814852,1.4388102765173383e-09,8.218310797694516e-12,0.0291306963329959,3.024860598011671e+17,897898464726.059,39306.592676712586,14550316875157.424,337203172077.8082,0.989054835,0.978218685,0.9191471657464388,1.0,9.654380181991716,36.656004253438816
Continuation,2031,1554614037789.4397,1287.271819821883,423.2399150674218,0.0068764532534096,0.4030226736704314,0.0083964939142399,5.521813351604085,1.383835419476365,0.155207482072696,1.4630477184189754e-09,9.115783129853711e-12,0.02962413253278,3.076085242353812e+17,918601212142.2512,40572.674783962975,14848646349398.97,344116435198.7125,0.98806578,0.976262248,0.9120722919040783,1.0,9.551339424744151,37.50117776376144
Continuation,2032,1603712739928.9302,1308.2784200971655,431.9586628389279,0.0070181064873357,0.4094590130258168,0.008569451888394,5.671134018471562,1.4124263918027944,0.1584186221553586,1.4878923535537501e-09,1.0036809488532616e-11,0.030129412853818,3.12861160645114e+17,939860483077.9628,41886.744539748666,15154570990088.404,351205148536.34,0.987077715,0.9743097229999998,0.9050852493966178,1.0,9.449679242904804,38.36907091255104
Continuation,2033,1654477250949.481,1329.8064976411335,440.8942670497307,0.0071632824245725,0.4160522533234018,0.0087467086699799,5.825016361206978,1.441674011604115,0.1617076369285179,1.5133453785113562e-09,1.0981727181694148e-11,0.0306467135200079,3.182450150639206e+17,961694418802.2644,43250.9861654413,15468128984826.836,358470147534.7406,0.986090637,0.972361104,0.8981723000864995,1.0,9.349254561191396,39.26042430296306
Continuation,2034,1706970475360.061,1351.8963250708184,450.0607493197864,0.007312208953562,0.4228148266622976,0.0089285428526027,5.983722847456333,1.4716197110709857,0.1650802467132772,1.539452634943075e-09,1.1951190012808252e-11,0.0311770815927212,3.237703815056024e+17,984122429715.2196,44667.706352130095,15789814462704.1,365922836351.7536,0.985104546,0.970416382,0.8913462000539225,1.0,9.250197757154217,40.17603034943544
Continuation,2035,1761257959414.4438,1374.3937953539214,459.43470305843886,0.0074639344583028,0.4296910340001489,0.0091137964806567,6.140673088691169,1.5017528995423364,0.1685070546428509,1.5660675142919764e-09,1.2944085280764418e-11,0.0317168566626966,3.293938557725976e+17,1007164552003.3188,46139.33490069011,16118049690423.94,373519551578.334,0.984119442,0.968475549,0.8845671356563752,1.0,9.151441788676216,41.11670701364882
Continuation,2036,1817408084553.2676,1397.1251056970707,468.98232335989087,0.0076179029584634,0.4366489523757385,0.0093017916835985,6.292864683368276,1.531931281466914,0.1719714513167718,1.5930631625361706e-09,1.3959385850873031e-11,0.0322640213311379,3.350903810706864e+17,1030841683591.8896,47668.43614744959,16451642484850.72,381232518703.17,0.983135322,0.966538598,0.8777723683178906,1.0,9.052255585676376,42.08330743709946
Continuation,2037,1875498698283.109,1419.6272954289475,478.5301614131072,0.007771290139689,0.4435278275008339,0.0094890820282158,6.430392232229687,1.561492203310561,0.175397829798359,1.6198416287906891e-09,1.499146365707851e-11,0.0328073442500691,3.407336588215879e+17,1055179499482.354,49258.08197650737,16784503117833.262,388920448157.8539,0.982152187,0.964605521,0.8706747181986038,1.0,8.9493547146678,43.076879781687936
Continuation,2038,1935605785509.6316,1441.517267054234,487.8860534406541,0.0079209677594716,0.4502190530768542,0.0096718495819803,6.542706267468014,1.5897515849733344,0.1787032796915726,1.6458838953909754e-09,1.5978270457463164e-11,0.0333382632625607,3.462247042679953e+17,1080286620828.4856,50911.22118243678,17109886464780.668,396426839409.7565,0.981170035,0.96267631,0.8629842132246928,1.0,8.839551210721224,44.1018584212674
Continuation,2039,1997810143411.0208,1462.787749664525,497.1047168645934,0.0080678184535969,0.4567127741759894,0.0098511718228051,6.63165229256667,1.616955556935752,0.1819085538184102,1.67124510525063e-09,1.6972834026879084e-11,0.0338572088511925,3.515668390582837e+17,1106106100641.8762,52631.05437940908,17429709560511.764,403795905549.2893,0.980188865,0.960750957,0.854824155661898,1.0,8.724407380749719,45.15591853946794
Continuation,2040,2062194763973.4512,1484.3197995382366,506.4840154674456,0.0082166740801579,0.4632858622003191,0.0100329420777341,6.710507773841224,1.6443215201817836,0.1851538451425476,1.696923813590268e-09,1.7983826970978218e-11,0.034382617361834,3.5697942904456326e+17,1132663891502.487,54420.88774295637,17754418788220.727,411269487735.2816,0.979208676,0.9588294550000002,0.8466275386763045,1.0,8.60947719312961,46.24011963011742
Continuation,2041,2128846299748.723,1506.9004624754468,516.0995863786136,0.008368757947552,0.4702286069064249,0.0102186549480494,6.786885460635211,1.672045363434116,0.1884680803362518,1.723693926006584e-09,1.8877299557735668e-11,0.0349322106383762,3.626458749106084e+17,1160272420434.4373,56284.21747398708,18086670126028.12,418908843641.3189,0.978229467,0.956911796,0.8385154104347218,1.0,8.495996224886206,47.36721628270999
Continuation,2042,2197817362826.6223,1529.5805906678786,525.821788774086,0.0085219579158207,0.477206607299745,0.0104057297997489,6.85619289347616,1.699726600108098,0.1918066881105169,1.7505901285790303e-09,1.978175576283199e-11,0.0354844392293682,3.683477241825128e+17,1188659522146.7322,58222.557932142125,18421918194328.68,426608313843.0416,0.977251238,0.954997973,0.8302742999141128,1.0,8.38191494248465,48.526097561592856
Continuation,2043,2269199737537.2065,1552.106614923303,535.5639410744317,0.0086748600585063,0.4841424292648866,0.0105924390300203,6.915775790508204,1.7271758138419555,0.1951400066157824,1.7773154471601227e-09,2.0693213432326847e-11,0.0360333093966849,3.7402514677691264e+17,1217854615344.287,60239.635852798274,18757094903656.965,434297178477.57794,0.976273987,0.953087977,0.8217669311143772,1.0,8.265951468870826,49.717964462440726
Continuation,2044,2343089256360.296,1574.1351960805514,545.2072006522498,0.0088255281576968,0.4909307030744888,0.0107764167422671,6.961816145405748,1.754079739905131,0.1984284042420248,1.8034693655339622e-09,2.1606020573024025e-11,0.0365704912883247,3.795965141402741e+17,1247887305303.8423,62339.38882587007,19088022293910.64,441878578289.2112,0.975297713,0.951181801,0.812818949959164,1.0,8.14651949006909,50.94402559757757
Continuation,2045,2419586014446.908,1595.5590078642126,554.7136725564579,0.008973342202669,0.4975396906429171,0.0109569073248636,6.990115901658895,1.7803593028296658,0.2016620542511531,1.8289214101537863e-09,2.2517701694521232e-11,0.0370941718526144,3.8503963899936026e+17,1278787345012.984,64525.98331337296,19413366709808.254,449321518472.5948,0.974322415,0.949279437,0.8033973424732181,1.0,8.023424913970644,52.20549560950736
Continuation,2046,2498794562061.835,1615.8667874282592,563.9033075034664,0.0091153723130978,0.5038102474095825,0.0111303321668389,6.996806615235771,1.8056308651705195,0.2047896862901927,1.8530724257837158e-09,2.3419730848408572e-11,0.0375924607784633,3.902358531634371e+17,1310585558484.0332,66803.82873574257,19726806065155.145,456479409813.38513,0.973348092,0.947380878,0.7932408032116428,1.0,7.894528971952751,53.503632864483244
Continuation,2047,2580822942834.0444,1635.623351711555,572.9736492562082,0.0092548250402135,0.5099216854185339,0.0113006110037773,6.990198026755004,1.8314715753308348,0.2078926793401484,1.876568126716684e-09,2.43197959359794e-11,0.0380822925489331,3.953354014357321e+17,1343321727260.7815,69177.52349056385,20034930990564.324,463512744453.05695,0.972374744,0.945486116,0.7826369688037964,1.0,7.763000963004318,54.84006141299166
Continuation,2048,2665785018995.105,1654.8151699496311,581.9205052537823,0.0093916298350738,0.5158714709471323,0.0114676629234837,6.970321942253571,1.8571385422501656,0.2109725851640335,1.8993860667609924e-09,2.5217320570843385e-11,0.0385636777165537,4.0033776149241696e+17,1377018304146.6897,71651.99513775301,20337877579818.566,470418017123.32416,0.97140237,0.943595144,0.7716330138024152,1.0,7.629226451083117,56.2156978732155
Continuation,2049,2753799762013.4966,1674.426141338793,591.0860963280019,0.0095313431675419,0.5219682850740133,0.0116382709945372,6.948685906702948,1.88352602183289,0.2141331741244514,1.922646966879562e-09,2.6125844103611247e-11,0.0390585997903181,4.054716813524008e+17,1411712668452.2625,74232.46335822095,20647639069594.08,477473311265.22107,0.970430967,0.9417079539999998,0.7607625491489299,1.0,7.497872341486856,57.63206822634159
Continuation,2050,2844991459121.625,1695.1425190433015,600.7122125648947,0.0096778902257094,0.5284278629060973,0.0118172266001861,6.933416095599947,1.911282582046805,0.2174490069159887,1.947131913891701e-09,2.7055682577103334e-11,0.0395824143060188,4.108978514165496e+17,1447443321325.2444,76924.45663816828,20972687800822.977,484875073844.47485,0.9694605360000002,0.939824538,0.7503548063095568,1.0,7.371792886611398,59.09074425168679
GHG Forward,2023,1076879935911.4612,1033.305238706694,332.8044410466621,0.0054070905200803,0.3244254312048217,0.0066021488204499,4.130005796386175,1.0874210156949042,0.1216700210396399,1.167576540911422e-09,2.030415604645131e-12,0.0236435183244092,2.4597726223552493e+17,678562873505.9171,31609.24973915726,11675765409115.186,270585525124.33804,1.0,1.0,1.0,1.0,10.842216499495764,27.701799874496082
GHG Forward,2024,1198283164085.4792,1083.1390056961206,349.73757586449307,0.005682230481559,0.3399110274068644,0.0069382133445546,4.366178315826129,1.1430239220886371,0.1280590985500957,1.224927366794845e-09,2.9739543712157525e-12,0.0248287264552975,2.580456660354081e+17,731255194944.4557,32587.6111656414,12269887078239.896,284354277595.36255,0.99500999,0.975248753,0.9723569958228068,1.0,10.239555595863004,29.852922784995673
GHG Forward,2025,1291167587890.2134,1125.564285585452,369.7994805291821,0.0060081972541328,0.3522520218708747,0.0073363103974985,4.644651791862566,1.2092849477701633,0.1355376633570483,1.2791576955390942e-09,8.18456373428766e-12,0.0258600772480342,2.6857518314021123e+17,775011720035.0553,33593.315443485815,12973761288150.691,300666542019.7148,0.99401498,0.970372509,0.9593095380666468,1.0,10.04808470242814,31.639248781583795
GHG Forward,2026,1331555495558.7358,1130.510080088727,375.2238036417294,0.0060963279535968,0.3532386597112699,0.007443925707996,4.742345817876783,1.2267173683280512,0.1375318514184554,1.288678070451512e-09,1.1312311888038998e-11,0.0260019209193249,2.700354936308384e+17,787315067897.6223,34653.87200173803,13164065735331.98,305076842070.266,0.993020965,0.965520647,0.9496587308355424,1.0,9.886231388206758,32.14152335860892
GHG Forward,2027,1373198119204.5764,1136.9103059698823,381.2688920457809,0.006194543279266,0.3546818494756893,0.0075638503021665,4.848944209224042,1.2462452176329473,0.1397484514145798,1.3000476685817474e-09,1.4550708975499231e-11,0.0261808348666896,2.7188936995287856e+17,799810202919.3696,35748.53912394161,13376146353889.104,309991804261.6247,0.992027944,0.960693044,0.9414564363478376,1.0,9.74087144951613,32.65162749676913
GHG Forward,2028,1416124962091.6997,1143.824729550856,387.63657605924857,0.0062980001747547,0.3562868670289805,0.0076901764175305,4.960715242065137,1.2669881315127038,0.1420923087614953,1.3122115524231655e-09,1.790091559265539e-11,0.026377823101742,2.739261868651927e+17,812494954733.3129,36877.918083014,13599545321817.455,315169068871.78345,0.991035916,0.955889578,0.933826266233058,1.0,9.603351177236595,33.16947259252567
GHG Forward,2029,1460366021506.3076,1150.846553678601,394.1989098728335,0.0064046198563758,0.3579267554020317,0.0078203656446164,5.076099300115909,1.2885195345170677,0.1445162011678941,1.3247159107148203e-09,2.1363755551091697e-11,0.0265837130969901,2.760511056555221e+17,825367578593.8102,38042.61050123582,13829773831212.594,320504607907.592,0.99004488,0.95111013,0.9264355339316942,1.0,9.470073685327018,33.69498741799904
GHG Forward,2030,1505951857368.605,1155.3649670531677,400.0594786696128,0.006499835389656,0.3587909135090135,0.0079366192890569,5.183239165672561,1.3082532764890618,0.1467125928003127,1.334555454137624e-09,2.488813266030964e-11,0.026736625204618,2.776416862610583e+17,836172331407.2638,39243.21655360616,14035376867772.654,325269452323.81586,0.986742885754984,0.94635458,0.9192447248014654,1.0,9.319937286904436,34.13608302139573
GHG Forward,2031,1552426694668.9778,1136.4493595505833,406.52684700718345,0.0066049126590563,0.3515134517149804,0.0080649273437062,5.2998897372576845,1.3292069992794744,0.1490783462371132,1.3223304829356754e-09,3.2153016654100355e-11,0.0264632893785308,2.7479693583839635e+17,838737852310.2992,40480.01126925535,14262295989987.986,330527804854.3925,0.985294177385204,0.941622807,0.9122008506184324,1.0,9.18709787648242,34.24081841056097
GHG Forward,2032,1600213590053.5835,1116.5753654319976,413.0790833687363,0.0067113680499823,0.3438904988810943,0.0081949149489368,5.418901700569881,1.3503685719302865,0.1514706455246775,1.309298932682879e-09,3.9644392949471454e-11,0.0261966011185318,2.720285703255124e+17,841478180435.8901,41750.12227717149,14492214036125.916,335855122336.69464,0.9838472793804228,0.936914693,0.905257670312924,1.0,9.056424796167768,34.35269016819687
GHG Forward,2033,1649354549220.37,1095.7100168448608,419.7124105892706,0.0068191402928856,0.335910850827547,0.0083265077166875,5.540257114988855,1.3717256626109895,0.1538887667058208,1.295428007089304e-09,4.7366131591167905e-11,0.0259372936349463,2.693429484104e+17,844420609328.1714,43054.72040268448,14725000385560.648,341248338675.78235,0.982402150947704,0.932230119,0.8983977114680611,1.0,8.92773502975511,34.47281253194743
GHG Forward,2034,1699893139496.024,1073.8521616585492,426.43512946014135,0.0069283643281445,0.3275730654346749,0.0084598707430628,5.664098213556525,1.3933019052940092,0.1563362722938664,1.2807224338230627e-09,5.532341473472231e-11,0.0256868334270087,2.6675436555462035e+17,847592461197.1648,44395.01880827779,14960947989687.451,346714206655.42413,0.9809587549501656,0.927568969,0.8916304118932573,1.0,8.801110871076872,34.60230090971916
GHG Forward,2035,1751874545486.949,1049.8331560880958,432.7996888152277,0.007031227712162,0.318514615360943,0.0085854632585825,5.778483215154417,1.4132933551885063,0.1586354404317625,1.2638083182886962e-09,6.345042695925517e-11,0.0254166503245149,2.639754890953755e+17,851021917960.5732,45772.28414989625,15183637530358.783,351865509982.5963,0.9795170548612994,0.922931124,0.8840284394609441,1.0,8.66708039652369,34.74230580631384
GHG Forward,2036,1805346060931.908,1022.5532132814676,438.4703252122489,0.007122275369521,0.3085369690076507,0.0086966220938654,5.876399901885148,1.4308477784939806,0.1606779180937119,1.243820231472948e-09,7.167241563616343e-11,0.0251113381661506,2.608424451385456e+17,853882707443.9363,47187.86220294705,15381291127966.102,356429257294.71185,0.9773761215051066,0.918316468,0.8755387750679307,1.0,8.519857472658941,34.85909530489299
GHG Forward,2037,1860387190895.6936,992.1752682792778,443.28847458803415,0.0071989327197701,0.2976038786352974,0.0087902071484222,5.949090996666445,1.4451529608429985,0.1623727614294551,1.220492654642797e-09,7.992393621894251e-11,0.0247659961634357,2.5729655978619546e+17,857069140486.7086,48644.79972657175,15548351487419.049,360276604003.0804,0.9752403483343134,0.913724886,0.8654174662586501,1.0,8.357588981212674,34.98917894770754
GHG Forward,2038,1917057998753.7805,958.2073489999918,446.91217205669216,0.0072556451598089,0.2855821934900795,0.0088594376000214,5.985237389972656,1.4550574667573115,0.1635775871166533,1.1931229117870195e-09,8.809266347025985e-11,0.0243671717516091,2.5318757879126995e+17,860614316164.1798,50145.05878166801,15672827241671.691,363129575837.5909,0.973109622108084,0.909156262,0.8531680925158371,1.0,8.175458046579763,35.133907978681236
GHG Forward,2039,1975421791623.26,921.085042658806,449.3885837352626,0.0072931797498318,0.2726190590487133,0.0089052482658808,5.987037362355482,1.460883620381095,0.1643139585294821,1.1621288606671235e-09,9.612650721928349e-11,0.0239228239702325,2.4860008943544422e+17,864552613223.9918,51690.74238148674,15756378897011.89,365026550522.1172,0.9709838370691172,0.90461048,0.8389893001982811,1.0,7.976209923281462,35.29468588336317
GHG Forward,2040,2035545181220.5376,882.7622382348329,451.54892332891535,0.0073250427390698,0.2593065129630722,0.0089441310359152,5.974006801214841,1.4654753503206712,0.1649205169899736,1.1298763961463524e-09,1.0415770497758314e-10,0.0234811670663556,2.4404563632127437e+17,868919509806.2969,53284.095728842025,15828176779577.588,366643408138.43976,0.9688628942476976,0.9000874280000001,0.8244283404337971,1.0,7.775890668310699,35.47296102914386
GHG Forward,2041,2097497660765.54,843.9409243207433,453.2750096055208,0.0073493182700239,0.2469370938728038,0.0089737447434652,5.95019698225948,1.4686039056480278,0.1653735305998855,1.0863999031213103e-09,1.0457550539234676e-10,0.0230832490201804,2.3995871544627693e+17,874599073716.9602,54927.48358804258,15884088215255.824,367884241620.8819,0.9664515835627202,0.8955869910000002,0.8094802866256535,1.0,7.572875294391741,35.7048247944199
GHG Forward,2042,2161616873415.401,804.5946703967683,454.8829232796643,0.0073711445537307,0.234402396808638,0.0090003755299712,5.9174614673039,1.471147693718335,0.165787320368104,1.0422436110838412e-09,1.0495884741829922e-10,0.0226994207330011,2.3600699958628307e+17,880818338740.1381,56637.79791084582,15935219288964.188,369006181183.7816,0.9640442709048124,0.891109056,0.7944144535305597,1.0,7.371898084689818,35.95872143652232
GHG Forward,2043,2228006101805.131,764.4986072395551,456.2162680490137,0.0073879833188084,0.2216394995642542,0.0090209232763081,5.872492608937549,1.4726873855281244,0.1661114997445377,9.971022689724448e-10,1.0527146097432409e-10,0.0223224557549929,2.3211846804417203e+17,887612094813.1987,58419.287933977765,15976084934571.115,369882184716.1781,0.9616409342165344,0.8866535109999999,0.7789492793596728,1.0,7.170575036409142,36.23607122749998
GHG Forward,2044,2296773745042.6826,723.9465484990814,457.4090088887758,0.0074020135884896,0.2087367831954088,0.0090380473796104,5.815671419946108,1.4735334440200494,0.1663803620658581,9.513416933419112e-10,1.0554423746391781e-10,0.0219592245879213,2.283653112456726e+17,895018747285.9385,60276.50342618972,16011371512666.023,370621277277.56616,0.9592415563646806,0.882220243,0.7633920059484789,1.0,6.971244576103631,36.53844203579324
GHG Forward,2045,2368033607025.672,683.0099340706507,458.64800286710766,0.0074130491355279,0.1957044971779368,0.0090515195549001,5.748636396043414,1.4736111463586672,0.1665836524232144,9.050886696966972e-10,1.0577473284479447e-10,0.0216094512011278,2.247455138870804e+17,903077682288.9506,62214.300113495934,16043353541205.506,371236438111.2176,0.956846123642527,0.8778091419999999,0.7478639235303872,1.0,6.77496868862283,36.867441769453244
GHG Forward,2046,2441906111984.257,641.2457621156051,459.5790686113437,0.0074154648277089,0.182420434761639,0.0090544682141784,5.663145579500198,1.4722708504896849,0.1666327158214043,8.57675520034328e-10,1.0588231490986394e-10,0.0212585939867281,2.2110747973693795e+17,910624937581.719,64237.91529033902,16059776896536.994,371445270471.7033,0.9536601725429285,0.873420096,0.7323146337728801,1.0,6.576738072655487,37.17555257817136
GHG Forward,2047,2518292482830.3027,599.2174712206621,460.7283324251258,0.0074147975620613,0.1690573844149989,0.0090536524876071,5.570993194468243,1.4710466207590682,0.1666222795466306,8.098621231193464e-10,1.0594581827757179e-10,0.0209226532213103,2.1761841472547552e+17,918807241460.9388,66340.27885085528,16074773358014.56,371545693027.47327,0.9504860992461712,0.8690529959999999,0.716899287791744,1.0,6.383203487129565,37.509588749946225
GHG Forward,2048,2597310136934.676,557.0497937467217,462.18484694142376,0.0074127483551109,0.1556677154573297,0.0090511537407073,5.473932654459618,1.469627328022325,0.166588922343565,7.617508283809305e-10,1.0598907681062831e-10,0.0206068264440327,2.143315339314122e+17,927660971490.277,68526.31137552022,16092082823414.98,371621077229.2192,0.947323878184109,0.8647077309999999,0.7017923735333486,1.0,6.195672436102191,37.87103537043157
GHG Forward,2049,2679082050028.6606,514.8842184289986,464.0843212085039,0.0074117755062815,0.142306089720605,0.0090499734850732,5.379850309577961,1.4685289465021862,0.1665870160450992,7.134794786992576e-10,1.0604684559072608e-10,0.0203180009934688,2.113182474318488e+17,937229456529.4,70801.22958031125,16116795820102.885,371792688947.9772,0.9441734980470182,0.860384192,0.6871988580315804,1.0,6.015790303970148,38.26166130651674
GHG Forward,2050,2763736963145.4966,472.8035674334643,466.556918885752,0.0074142464963705,0.1290078890368479,0.0090530010967666,5.294414081947631,1.468231048882411,0.1666677210163565,6.651209433710242e-10,1.06152695614725e-10,0.0200621270843494,2.086424809635132e+17,947557422411.6998,73170.5767985837,16153808974402.24,372177252245.4754,0.9410349665705008,0.8560822709999999,0.6733005554426595,1.0,5.844915485740393,38.683292455453454
SLCP Forward,2023,1076879935911.4612,1033.305238706694,332.8044410466621,0.0054070905200803,0.3244254312048217,0.0066021488204499,4.130005796386175,1.0874210156949042,0.1216700210396399,1.167576540911422e-09,2.030415604645131e-12,0.0236435183244092,2.4597726223552493e+17,678562873505.9171,31609.24973915726,11675765409115.186,270585525124.33804,1.0,1.0,1.0,1.0,10.842216499495764,27.701799874496082
SLCP Forward,2024,1198283164085.4792,1099.557866713743,355.0391011695253,0.0057683650885265,0.3450635995956608,0.0070433871275403,4.432541197946046,1.160354919553833,0.1300008166031359,1.2434955395652098e-09,3.0190353287262424e-12,0.0252051956578877,2.619577192334477e+17,742345819438.7389,32587.6111656414,12455881276196.104,288664687744.98505,0.99500999,0.99003992,0.9723467385426944,1.0,10.394772829594364,30.305688876716044
SLCP Forward,2025,1291167587890.2134,1164.785850455158,376.5370674768239,0.0061176640740934,0.3654692013261102,0.007469975132184,4.729747394574019,1.2313221018788088,0.1380076403835824,1.317676166890184e-09,3.535196422562254e-12,0.0267321132857,2.776312741484072e+17,797552694902.9993,33593.315443485815,13210137747023.686,306144559606.5744,0.99401498,0.98805984,0.9592996880653984,1.0,10.231156567838914,32.559466493380526
SLCP Forward,2026,1331640697909.844,1182.609131392247,383.2358159335352,0.0062265006339459,0.3709153936081735,0.0076028735419612,4.844440976343133,1.2529265610997258,0.1404697486788199,1.3388581698572443e-09,4.396243532726662e-12,0.0271506482181485,2.8196433255919693e+17,816690178301.9159,34658.46746731823,13445153257870.53,311591037262.35297,0.993020965,0.986083721,0.9496403432168826,1.0,10.09668244517772,33.34073932146675
SLCP Forward,2027,1373428630818.567,1202.470929684257,390.6236011866753,0.0063465310441156,0.3770033250452307,0.0077494356750604,4.969174935823973,1.2768510815868193,0.1431796679017742,1.3623934571958755e-09,5.284168370605492e-12,0.0276154763345312,2.8678673985450595e+17,836311074126.532,35760.98157628614,13704340135896.17,317597685652.2867,0.992027944,0.984111553,0.9414254911527796,1.0,9.978196047746836,34.14174708465836
SLCP Forward,2028,1416574888881.9485,1223.322181981196,398.4034261695791,0.0064729313366355,0.3833969821603369,0.0079037772350997,5.10023502270671,1.3022262011840533,0.1460431769072187,1.3871463033684595e-09,6.235317615343013e-12,0.0281051695350314,2.9186190100035814e+17,856370524299.5116,36902.23727312597,13977281777547.145,323923100290.7797,0.991035916,0.98214333,0.9337779294968834,1.0,9.866955772863452,34.96065848694785
SLCP Forward,2029,1461123777027.9888,1244.739749630712,406.4500415972331,0.006603666550653,0.3899702640586567,0.0080634133738652,5.236107384898117,1.3286364733395049,0.1490142581147772,1.4125947258689483e-09,7.213373759531815e-12,0.0286105633990468,2.9709485280096454e+17,876875933442.7579,38083.63039190886,14259584003468.725,330465446198.58,0.99004488,0.980179043,0.9263646567240652,1.0,9.759326504475585,35.797775816247054
SLCP Forward,2030,1507120768073.551,1266.7931542807148,414.7394602486703,0.0067383459600774,0.396745423546579,0.0082278626821136,5.376607894209973,1.3559144284985527,0.1520740413177258,1.438818784010023e-09,8.218365774406085e-12,0.0291308686966018,3.024878276408531e+17,891449775901.2754,39306.592676712586,14550403101842.969,337205170378.74786,0.989054835,0.978218685,0.9191471657464388,1.0000060145078316,9.654437394849086,36.3927415636396
SLCP Forward,2031,1554126032205.2888,1286.6583341554112,423.0358734384154,0.0068731407072755,0.4028308790211126,0.0083924601288227,5.518975278617605,1.3827802739679391,0.1551073942749861,1.4623483990497346e-09,9.109839826449516e-12,0.0296102537164396,3.0745433637533254e+17,905704814413.086,40572.32437152292,14841493424468.406,343950666375.0038,0.98806578,0.9762622480000002,0.9120734280345636,1.000012740693763,9.549736068321614,36.97469238864885
SLCP Forward,2032,1602712637991.3076,1307.047040795998,431.5461715220987,0.0070114098384038,0.4090742851982847,0.0085612972096197,5.665751341933808,1.4102903660000177,0.1582161391045139,1.486487022118044e-09,1.0023555952229445e-11,0.0301015288445765,3.1255126792913805e+17,914619765926.5392,41886.14551489011,15140110625705.615,350870029998.73425,0.987077715,0.974309723,0.90508776423906,1.000027677507477,9.446553466178964,37.33863832845624
SLCP Forward,2033,1652940101986.966,1327.9741781004004,440.2759835042429,0.0071532449169663,0.4154801439424116,0.0087344861935833,5.817088277164781,1.4384537479579338,0.1614029535378579,1.5112516697620591e-09,1.0959969233222026e-11,0.0306051895896816,3.177829311830863e+17,913203991523.2338,43250.25675501015,15446454565702.557,357967843336.8581,0.986090637,0.972361104,0.8981764005901305,1.000061341301577,9.344836238853835,37.280840443073615
SLCP Forward,2034,1704870437148.4763,1349.51299158832,449.2504441271346,0.0072990543966148,0.4220711940528791,0.0089125261894859,5.973399348875859,1.4673473281210574,0.1646774968635115,1.536725835414535e-09,1.1920090517945186e-11,0.03112304397701,3.231674134743391e+17,893491643308.5835,44666.98261216601,15761409293882.203,365264546521.7372,0.985104546,0.970416382,0.8913520502821087,1.0001381392524564,9.244930846618669,36.47609920741292
SLCP Forward,2035,1758568262332.6667,1371.5839374407076,458.4713555544684,0.0074482999514205,0.4288150608550167,0.0090947639182723,6.125505604612215,1.4965448257293912,0.1680194900733734,1.5628479818083855e-09,1.2903731898041678e-11,0.0315868739761744,3.279570871535354e+17,845387158294.543,46138.77206661898,16084286490020.549,372737132636.3384,0.984119442,0.968475549,0.8845750927615085,1.0003110744790056,9.146239491826956,34.51227113936725
SLCP Forward,2036,1814100986517.661,1394.1474477627962,467.9508791570446,0.0076011740583695,0.435721614648898,0.0092814354907343,6.270843524473855,1.5260537713519888,0.1714287717713658,1.58964462397543e-09,1.391171600534325e-11,0.0319646065478894,3.317971126482686e+17,762032714493.9893,47668.209669994576,16415508963471.986,380395270830.8907,0.983135322,0.966538598,0.8777831254773104,1.0006735559153026,9.048839665195882,31.109391007003605
SLCP Forward,2037,1871545393743.295,1416.8947013852471,477.56947426934727,0.0077557286651484,0.442678148852037,0.0094701644785006,6.397399109726167,1.5553868725915505,0.1748490463163794,1.616695021905682e-09,1.4940926535518228e-11,0.0321527709566894,3.335533355016951e+17,649459023815.6788,49258.387076428415,16750879126310.69,388141519338.2864,0.982152187,0.964605521,0.8706899096543947,1.0013266166567036,8.950292727234952,26.513657918643315
SLCP Forward,2038,1930976347886.243,1439.4673965299646,487.146303577655,0.0079090186615252,0.4495835167622674,0.0096573564772525,6.491755223110372,1.5838962209554623,0.1782015328280873,1.643510565799068e-09,1.5931133694429448e-11,0.0320434337205461,3.3204237259469235e+17,529379196967.30646,50912.27330401948,17084048425390.195,395828548094.2399,0.981170035,0.96267631,0.8630067535321201,1.0022738990125828,8.847362860809442,21.611492677666945
SLCP Forward,2039,1992473436988.6296,1461.6655697216147,496.6712840435318,0.0080608732790769,0.4563676940049231,0.0098428024808523,6.555168199099385,1.611615860545259,0.1814839166907714,1.66992624485132e-09,1.6933032033558697e-11,0.0316481111161628,3.273896537283058e+17,424765774026.9611,52633.08879266313,17414659920249.363,403447858631.546,0.980188865,0.960750957,0.854857550556778,1.003364529301651,8.7402218754642,17.340731308854455
SLCP Forward,2040,2056118412720.026,1484.1115754902864,506.3536568984935,0.008214685942041,0.4632268391908437,0.010030639224979,6.602664552536012,1.639475003093329,0.1848050206424159,1.6966446257749715e-09,1.7951910227736976e-11,0.0310942171527434,3.2114675144347334e+17,344152708942.17737,54424.16220088046,17750052641277.785,411169298755.3545,0.979208676,0.958829455,0.846672897886286,1.0044148849638486,8.632796891204507,14.049765823651066
SLCP Forward,2041,2121996664126.7185,1507.4819171574957,516.2299816026803,0.0083710479463059,0.4704167972719723,0.0102215893400037,6.643744333241524,1.6675466046085468,0.1881807897248658,1.7243125577396103e-09,1.8852014217842736e-11,0.0304817634301795,3.1437852331772346e+17,282856242818.40533,56289.01578417809,18091515192205.68,419022478128.8022,0.978229467,0.956911796,0.8385736429591225,1.0053468505685874,8.525703879770713,11.547385419604757
SLCP Forward,2042,2190159566640.557,1530.867272333258,526.1823251798809,0.008528040258026,0.4776157809458848,0.0104133077899891,6.6726960974123966,1.6954728987397918,0.1915720105819939,1.7520092981923943e-09,1.9761486359952396e-11,0.029755319468459,3.0654225127163494e+17,233905466002.9441,58229.18752680828,18434916575431.39,426911380608.432,0.977251238,0.954997973,0.8303456318228674,1.0061869608686076,8.417156839265528,9.549008149069921
SLCP Forward,2043,2260697597307.638,1554.0467420338043,536.1335815638051,0.0086844074397182,0.484756646291537,0.0106042604360381,6.686295488599422,1.7230993284286702,0.1949527875294394,1.779474430785497e-09,2.067611123200632e-11,0.0288934274481815,2.9742674562374054e+17,195115769552.36023,60248.435496813785,18777527908064.11,434773197305.54456,0.976273987,0.953087977,0.82185110903847,1.0069575059607123,8.30607681913188,7.965449056432419
SLCP Forward,2044,2333705248774.836,1576.629977163385,545.9477138839201,0.0088379372703717,0.4917193876448066,0.0107917445185123,6.679494664562317,1.750057755409342,0.1982764821378138,1.8062531806891638e-09,2.1589235392262428e-11,0.0278617889647084,2.8670105233553677e+17,167333570209.94647,62350.73241164318,19114572547091.543,442497234061.9197,0.975297713,0.9511818010000002,0.8129149679846825,1.0076336241746269,8.190654135575365,6.831262444835858
SLCP Forward,2045,2409281234254.044,1598.4186353318082,555.5550696595839,0.0089874978102702,0.49844382506531,0.0109743796286431,6.650759046793005,1.776167350169562,0.2015204854026683,1.8321108995366447e-09,2.249714148234009e-11,0.0266625263398354,2.7434354297533542e+17,150254377873.322,64540.28351179891,19443608087398.047,450026850279.26587,0.974322415,0.949279437,0.8035038256230795,1.0081671654452682,8.070294082300496,6.1340177434234215
SLCP Forward,2046,2487528668451.308,1618.858252012966,564.7609021376016,0.0091299240367867,0.5047572215076791,0.0111483002588157,6.591557147867708,1.8009996282393457,0.2046274575751129,1.8563994684810942e-09,2.3391022811654453e-11,0.0252325211258355,2.597197806132575e+17,141597334011.5791,66821.54036880263,19757801741965.79,457203664702.09467,0.973348092,0.947380878,0.7933545874497525,1.0085457295796627,7.942743330981046,5.78060068226933
SLCP Forward,2047,2568554099611.916,1638.5329232395825,573.7695582654868,0.0092685360474725,0.5108447809682425,0.0113175649726429,6.512927956592547,1.8261605703185144,0.2076810343164399,1.8797872028475206e-09,2.4279108806504074e-11,0.0236707751884353,2.43725236427718e+17,138586897264.1394,69199.14653802298,20063983949727.63,464193831091.9109,0.972374744,0.945486116,0.7827554766943104,1.0087886137832676,7.811392391057328,5.657701950893813
SLCP Forward,2048,2652469825336.5205,1657.472459584044,582.5918271845551,0.0094035090834934,0.5167173800664857,0.0114823930593767,6.415075973071463,1.8509505570270768,0.2106882663103061,1.9023017598177576e-09,2.5161600265614302e-11,0.021980976852008,2.263896960940173e+17,139026302800.95535,71678.07828497353,20362822137629.4,471006127858.959,0.97140237,0.943595144,0.7717529511760124,1.0089298120018264,7.676928854429458,5.675640339096117
SLCP Forward,2049,2739393188481.899,1676.7205019002688,591.5901558022744,0.0095407302418072,0.5227022628067735,0.0116499712692012,6.312497372283709,1.8763258851161897,0.2137602604472089,1.92513248691738e-09,2.605280235512055e-11,0.0202735423224268,2.088046349042118e+17,141493854277.6385,74263.60805332835,20667021780192.727,477935169973.9167,0.970430967,0.941707954,0.7608826698085077,1.009003949185124,7.544379487796659,5.7763762028693915
SLCP Forward,2050,2829446786757.515,1697.009891869587,601.0218868236198,0.0096843793162414,0.529029632273287,0.0118254018380036,6.215370035586624,1.9029825823570423,0.2169772774395668,1.949113962214817e-09,2.6963535808565832e-11,0.0186208276084287,1.9172123437371456e+17,145158956251.20856,76961.32183383769,20985603375966.04,485190132240.1887,0.969460536,0.939824538,0.750475191530709,1.009037209915789,7.4168574133232195,5.926001131311005
Full Breakthrough,2023,1076879935911.4612,1033.305238706694,332.8044410466621,0.0054070905200803,0.3244254312048217,0.0066021488204499,4.130005796386175,1.0874210156949042,0.1216700210396399,1.167576540911422e-09,2.030415604645131e-12,0.0236435183244092,2.4597726223552493e+17,678562873505.9171,31609.24973915726,11675765409115.186,270585525124.33804,1.0,1.0,1.0,1.0,10.842216499495764,27.701799874496082
Full Breakthrough,2024,1198283164085.4792,1083.1390056961206,349.73757586449307,0.005682230481559,0.3399110274068644,0.0069382133445546,4.3663556926120055,1.1430239220886371,0.1280590985500957,1.224927366794845e-09,2.9739543712157525e-12,0.0248287264552975,2.580456660354081e+17,731255194944.4557,32587.6111656414,12269887078239.896,284354277595.36255,0.99500999,0.975248753,0.9723569958228068,1.0,10.239555595863004,29.852922784995673
Full Breakthrough,2025,1291167587890.2134,1125.564285585452,369.7994805291821,0.0060081972541328,0.3522520218708747,0.0073363103974985,4.645117675855198,1.2092849477701633,0.1355376633570483,1.2791576955390942e-09,8.18456373428766e-12,0.0258600772480342,2.6857518314021123e+17,775011720035.0553,33593.315443485815,12973761288150.691,300666542019.7148,0.99401498,0.970372509,0.9593095380666468,1.0,10.04808470242814,31.639248781583795
Full Breakthrough,2026,1331555495558.7358,1130.510080088727,375.2238036417294,0.0060963279535968,0.3532386597112699,0.007443925707996,4.743168682787892,1.2267173683280512,0.1375318514184554,1.288678070451512e-09,1.1312311888038998e-11,0.0260019209193249,2.700354936308384e+17,787315067897.6223,34653.87200173803,13164065735331.98,305076842070.266,0.993020965,0.965520647,0.9496587308355424,1.0,9.886231388206758,32.14152335860892
Full Breakthrough,2027,1373198119204.5764,1136.9103059698823,381.2688920457809,0.006194543279266,0.3546818494756893,0.0075638503021665,4.850184884532864,1.2462452176329473,0.1397484514145798,1.3000476685817474e-09,1.4550708975499231e-11,0.0261808348666896,2.7188936995287856e+17,799810202919.3696,35748.53912394161,13376146353889.104,309991804261.6247,0.992027944,0.960693044,0.9414564363478376,1.0,9.74087144951613,32.65162749676913
Full Breakthrough,2028,1416124962091.6997,1143.824729550856,387.63657605924857,0.0062980001747547,0.3562868670289805,0.0076901764175305,4.962422166424783,1.2669881315127038,0.1420923087614953,1.3122115524231655e-09,1.790091559265539e-11,0.026377823101742,2.739261868651927e+17,812494954733.3129,36877.918083014,13599545321817.455,315169068871.78345,0.991035916,0.955889578,0.933826266233058,1.0,9.603351177236595,33.16947259252567
Full Breakthrough,2029,1460366021506.3076,1150.846553678601,394.1989098728335,0.0064046198563758,0.3579267554020317,0.0078203656446164,5.0783144047080695,1.2885195345170677,0.1445162011678941,1.3247159107148203e-09,2.1363755551091697e-11,0.0265837130969901,2.760511056555221e+17,825367578593.8102,38042.61050123582,13829773831212.594,320504607907.592,0.99004488,0.95111013,0.9264355339316942,1.0,9.470073685327018,33.69498741799904
Full Breakthrough,2030,1505951857368.605,1155.3718140309552,400.0618494453026,0.0064998739092838,0.3587930397924695,0.0079366663287008,5.186031545340027,1.3082609920402204,0.1467134428005252,1.334563363042439e-09,2.488828015352292e-11,0.0267367838709744,2.7764331377468144e+17,830166580136.3407,39243.21655360616,14035460044878.066,325271379950.8243,0.986742885754984,0.94635458,0.9192447248014654,1.000006014877046,9.31999251915174,33.89090291163888
Full Breakthrough,2031,1552426693511.454,1136.4636233893018,406.5319492570538,0.0066049955588425,0.3515178636416013,0.0080650285798513,5.303305752417106,1.3292235973477662,0.1490801744169494,1.322347079811359e-09,3.215342021404785e-11,0.0264636219212742,2.748003466798524e+17,827123972084.2195,40480.011206523246,14262474999469.646,330531953385.30664,0.9852941773850972,0.941622807,0.9122008507130812,1.000012741818861,9.187213192791198,33.76669081185081
Full Breakthrough,2032,1600213584233.8108,1116.605802223325,413.0903431553156,0.0067115509955453,0.3438998730117424,0.0081951383597522,5.423035621207631,1.3504051865267537,0.1514746775963513,1.3093346229368766e-09,3.9645473618231375e-11,0.026197315949266,2.720359018533088e+17,819195450178.4127,41750.12196205327,14492609080944.842,335864277430.55695,0.9838472793798216,0.936914693,0.9052576707489716,1.00002768104975,9.056671699161935,33.443015091131755
Full Breakthrough,2033,1649354531017.0305,1095.7762010376928,419.7377616749405,0.0068195521895454,0.3359311408570108,0.0083270107196359,5.545271394799509,1.3718080549944542,0.1538978385785516,1.295506254851671e-09,4.7368992648508566e-11,0.025938861642972,2.693590302177814e+17,802300416208.0383,43054.71941766,14725889823479.26,341268951105.62537,0.9824021509456428,0.932230119,0.8983977127171351,1.0000613524319506,8.928274392527925,32.75328851133525
Full Breakthrough,2034,1699893091678.0386,1073.99822564727,426.4931307616436,0.0069293067153419,0.3276176215013693,0.0084610215736486,5.670306899826321,1.3934902946077352,0.1563570121969262,1.280896636039911e-09,5.533093975437987e-11,0.0256903293237439,2.6679022235291517e+17,770108159058.1488,44395.0162220399,14962982972350.29,346761366275.5081,0.9809587549443276,0.927568969,0.8916304149052516,1.0001381737218786,8.80230824256111,31.439064730616163
Full Breakthrough,2035,1751874429111.8755,1050.1547038963065,432.9322461318033,0.0070333812593525,0.3186121710486713,0.0085880931386932,5.783772598427502,1.4137234900099822,0.158682798752727,1.2641954051725792e-09,6.346986077232614e-11,0.0253724119078916,2.634887264408105e+17,714969785419.1741,45772.2778586124,15188288104178.203,351973280745.032,0.979517054846158,0.922931124,0.8840284472302702,1.0003111777624123,8.66973559964455,29.18808364752166
Full Breakthrough,2036,1805345788185.5083,1023.2313450179544,438.76110958199087,0.0071269986191378,0.3087415801810501,0.0087023900440359,5.879099018771402,1.431790212994175,0.1607817071226997,1.244645112803119e-09,7.171994640029729e-11,0.0249511167443132,2.5908651136856675e+17,631866002182.6566,47187.84746427634,15391491838939.014,356665630693.4181,0.9773761214512788,0.918316468,0.8755387954025508,1.0006738460919828,8.525509040796267,25.79543653711143
Full Breakthrough,2037,1860386589250.4968,993.4712892686985,443.86754339634285,0.0072083360129743,0.2979926107763576,0.0088016902525297,5.945617224396965,1.4470267770826777,0.1625792124044586,1.2220869534140787e-09,8.00283336421893e-11,0.0243596732209042,2.5284901526275104e+17,528097422029.2959,48644.76721595874,15568662116612.162,360747206499.52985,0.9752403481775528,0.913724886,0.865417520330881,1.0013273395554048,8.368509108036726,21.559165215904326
Full Breakthrough,2038,1917056735678.5964,960.3530608657126,447.9130426799325,0.007271892000017,0.2862216691206697,0.0088792778248543,5.969479307669404,1.458289957743924,0.1639339574317186,1.1957947752088484e-09,8.828992123387409e-11,0.0235264070344432,2.439910450810758e+17,422180156272.3361,50144.99051234503,15707925261597.465,363942715344.3545,0.9731096217035692,0.909156262,0.8531682338931529,1.0022754298374346,8.1937717174746,17.235175481403278
Full Breakthrough,2039,1975419308040.027,924.1380815998016,450.8783856565332,0.0073173522845426,0.2735226283962055,0.0089347669762205,5.952554624601177,1.4656848639786006,0.1648437119744131,1.1659810785642487e-09,9.644511055940902e-11,0.0224863383640896,2.3289375503603997e+17,332313405244.432,51690.608074364216,15808609215918.836,366236439571.8125,0.9709838361340368,0.90461048,0.8389896318933613,1.003367273198492,8.002660068967248,13.566435487592733
Full Breakthrough,2040,2035540663065.205,886.6041668849836,453.51462823179486,0.007356919936317,0.2604349657456247,0.0089830580889,5.916710681777826,1.471796760175851,0.1656189842618476,1.1347941484582748e-09,1.0461098183143315e-10,0.0213775178360194,2.211426101061705e+17,264203916047.262,53283.851209200126,15897070884667.934,368239050019.8512,0.9688628923065268,0.900087428,0.8244289861965672,1.0044191226993453,7.809753532867006,10.785918732312718
Full Breakthrough,2041,2097490050218.9995,848.3943778738511,455.6677066288356,0.0073880966818922,0.24824004851158,0.0090210986144625,5.867853708583914,1.4762840955464622,0.1662241465710376,1.0921332686327616e-09,1.0512729736328431e-10,0.0202978161398418,2.097717121099316e+17,213305441502.20477,54927.07129891442,15967919253172.11,369825489614.04047,0.9664515799611424,0.895586991,0.8094814004164416,1.0053526618549944,7.612870083223944,8.708028221622975
Full Breakthrough,2042,2161606136686.754,809.5170745176274,457.66689442460313,0.0074162356534459,0.2358362937795803,0.009055437080885,5.807185597282959,1.4800700878808934,0.1667791584696867,1.0486204540022307e-09,1.0560091005961803e-10,0.019198267192792,1.9825866163982906e+17,173353260502.7083,56637.214894074335,16032723873783.69,371263639763.6391,0.9640442654358718,0.891109056,0.7944159724040375,1.0061941258159013,7.417042171409716,7.077011604283617
Full Breakthrough,2043,2227992328977.0547,769.7718837469798,459.36436823310606,0.0074389384662293,0.223168153986881,0.0090831442032625,5.731277815999364,1.4827643406665918,0.1672368917658789,1.0039805072936488e-09,1.0599752513033136e-10,0.0180664752790341,1.8647624707696643e+17,142187149314.79163,58418.537789891714,16086301079945.004,372433454548.66895,0.9616409268046195,0.8866535110000001,0.7789511200529008,1.0069656478692124,7.220088180164767,5.804679431830281
Full Breakthrough,2044,2296757185641.6904,729.4407638173133,460.8817579153267,0.0074581847330139,0.2103208094709934,0.0091066360956185,5.639949141342848,1.484635556329237,0.1676262288617047,9.585621389752447e-10,1.0634517694307418e-10,0.0168978194270715,1.743831537884415e+17,119966017435.04208,60275.59848915177,16132905598120.604,373433973400.4459,0.9592415471470068,0.8822202429999999,0.7633940428692342,1.0076423817814812,7.024210351436535,4.897519060474894
Full Breakthrough,2045,2368014704142.509,688.5696771515939,462.3827980285195,0.0074733877875238,0.1972974375906294,0.0091251958057995,5.534015735111384,1.4855274489352424,0.1679266531322943,9.124565267732491e-10,1.0663569095722271e-10,0.0157000060327207,1.620322279002888e+17,106036364107.1276,62213.26354557164,16173967866878.594,374258308362.3519,0.9568461130690594,0.877809142,0.7478660116747535,1.0081763250382725,6.830180504616171,4.328851831722318
Full Breakthrough,2046,2441885536534.824,646.7177306399241,463.5021828834101,0.0074787401823702,0.1839770084863077,0.0091317293085975,5.40432969757863,1.4847579717076869,0.1680449611789333,8.649946461146742e-10,1.067857992887085e-10,0.0144344917943041,1.4902669981501267e+17,98344379635.39426,64236.78327375292,16196841466548.832,374614950344.0105,0.9536601598609858,0.873420096,0.7323166241502005,1.0085552212248958,6.63292411712839,4.014832567195269
Full Breakthrough,2047,2518269356804.404,604.4828746033128,464.7782237999057,0.0074799496808278,0.1705428527228752,0.009133204437285,5.264425590125114,1.4838995807284432,0.1680791713602486,8.169787007425645e-10,1.0687674138526808e-10,0.0131689714345044,1.360097745249762e+17,94788155007.22092,66339.00132801806,16216046424107.947,374810556333.2635,0.9504860832480326,0.8690529960000001,0.7169012495465816,1.0087985000947466,6.439361373433677,3.869652471429901
Full Breakthrough,2048,2597283671160.642,562.0271028930468,466.3160643153967,0.0074789801061067,0.157058582228241,0.0091320234880795,5.116234249201471,1.4826876121435877,0.1680717816959953,7.685573120068314e-10,1.0693607385218731e-10,0.0119094972805048,1.2303990521492157e+17,93696732956.66608,68524.84269243298,16235891811607.477,374941639875.3955,0.947323857429976,0.864707731,0.7017943375395242,1.008940189092607,6.251104564312831,3.825096017778273
Full Breakthrough,2049,2679051565951.412,519.5247479386721,468.2687778492572,0.007478574752116,0.1435886352406279,0.0091315359009375,4.969320437670673,1.4816952068032732,0.1680837708576927,7.199099777905643e-10,1.0700260235805347e-10,0.0107077688848648,1.1062602414922294e+17,94018871980.67516,70799.5296392241,16262081130587.36,375143708756.5541,0.9441734710210892,0.8603841919999999,0.6872008250783734,1.0090149067616825,6.070088884165321,3.8382470920903087
Full Breakthrough,2050,2763701907494.112,477.0811215503224,470.7800894529589,0.0074813245503727,0.1301750471764851,0.0091349038200492,4.830715677546894,1.4814466315608554,0.1681715119051001,6.711384294238445e-10,1.0711307876367083e-10,0.0095943611849484,9.909025521502854e+16,95154570242.3052,73168.61194968889,16299990883596.535,375544647428.2744,0.9410349318274038,0.856082271,0.673302505321534,1.0090488183608166,5.897883139783325,3.8846110875133713
