Scenario,CY,RTK,CO2,H2O,OC,SO2,Sulphates,NOx,CO,HC,CH4,N2O,nvPM_mass,nvPM_num,ConEF,Stock,MJ,Fuel (kg),EnRoute,Payload,TechEff,AvoidancePenalty,FuelEff,ConERF
Baseline,2023,1076879935911.4612,1033.305238706694,332.8044410466621,0.0054070905200803,0.3244254312048217,0.0066021488204499,4.130005796386175,1.0874210156949042,0.1216700210396399,1.167576540911422e-09,2.030415604645131e-12,0.0236435183244092,2.4597726223552493e+17,678562873505.9171,31609.24973915726,11675765409115.186,270585525124.33804,1.0,1.0,1.0,1.0,10.842216499495764,27.707540152446864
Baseline,2024,1198283164085.4792,1146.5542028308653,361.2072609772122,0.0058685536368249,0.351056878554866,0.0071656076884281,4.508713362801882,1.181178274878766,0.1321381107047699,1.263420609180017e-09,2.1970884393640493e-12,0.0256050087935033,2.6636314025432646e+17,753574370780.0531,32587.6111656414,12672222760080.41,293678395366.8693,1.0,1.0,0.9746969539118644,1.0,10.575315701570217,30.770460559335525
Baseline,2025,1291191780400.776,1224.509702919585,384.608378959208,0.0062487604599028,0.3749256275941703,0.0076298797161479,4.8287511566999015,1.260200036909247,0.1408480059464733,1.349321986688248e-09,2.346470934850863e-12,0.02734904779125,2.84401125649648e+17,814095410431.3851,33593.349241344586,13493219866882.48,312704979533.77704,1.0,1.0,0.962141260633114,1.0,10.45020582666216,33.24169675819085
Baseline,2026,1331753027991.2834,1250.8824902655333,392.89227433379466,0.0063833426770889,0.3830005606253352,0.0077941782438193,4.962618087766336,1.2886495608032884,0.1439156276773271,1.3783829093835078e-09,2.39700787941792e-12,0.0279371612513508,2.905618212503551e+17,837554451504.7727,34663.225487576005,13783829093835.078,319439839949.828,1.0,1.0,0.9526296855667868,1.0,10.350139105465804,34.19959225742512
Baseline,2027,1373732071214.7769,1279.4971721167174,401.8802717516911,0.0065293654420356,0.3917619265221371,0.0079724500353615,5.107046955842003,1.3192400239511246,0.1472383463753787,1.4099142392470715e-09,2.4518408620506574e-12,0.0285765448326442,2.972470898498111e+17,861760345219.2333,35776.06164772972,14099142392470.717,326747216511.4882,1.0,1.0,0.944409900268112,1.0,10.263385916296611,35.187983750985694
Baseline,2028,1417184163156.711,1309.4573374255322,411.2907710278328,0.0066822543051516,0.4009352583090966,0.0081591127234946,5.258527921770774,1.3511739439358967,0.1507245199439805,1.4429281955102282e-09,2.509252131992287e-12,0.029248707784262,3.042568191187767e+17,886739781060.4219,36933.928871037606,14429281955102.283,334398191311.7563,1.0,1.0,0.9366574379774234,1.0,10.181656223819026,36.20796104207923
Baseline,2029,1462166944413.6943,1340.400647162667,421.0099892985815,0.0068401602244946,0.4104096134696762,0.0083519068481803,5.415685442862438,1.384117513832631,0.1543318350964573,1.4770255065153355e-09,2.568547355830168e-12,0.0299450800711926,3.115053833162226e+17,912520523071.794,38139.01395245726,14770255065153.354,342300233259.6374,1.0,1.0,0.9290605754030222,1.0,10.1016201478115,37.26065781098628
Baseline,2030,1508740556417.7275,1372.296722832995,431.0284698325497,0.0070029281764345,0.4201756905860732,0.0085506371812809,5.578513594015835,1.4179884430102716,0.158046008076445,1.512172697336634e-09,2.6296683206684064e-12,0.0306627306558397,3.1897607066269306e+17,939131458167.7084,39393.62662809752,15121726973366.34,350445584550.78424,1.0,1.0,0.9216070763115642,1.0,10.022748383771532,38.34725358781487
Baseline,2031,1556967760608.63,1405.123347805236,441.33926700120014,0.0071704447879154,0.4302266872749284,0.0087551630224217,5.747004474356073,1.452768738489069,0.1618615249922178,1.548345286837726e-09,2.692572453810805e-12,0.0314003824509413,3.266606689680199e+17,966602646834.767,40700.20738152045,15483452868377.258,358828571688.92834,1.0,1.0,0.9142620344948998,1.0,9.944620087910272,39.468975822771974
Baseline,2032,1606914063779.371,1438.875612885476,451.94083917664665,0.0073426850069702,0.4405611004182148,0.0089654537609381,5.921203765985872,1.4884866610598442,0.1657793383658073,1.5855378654385412e-09,2.757250347997623e-12,0.0321580316724718,3.345588866439313e+17,994965376349.0964,42061.33580010116,15855378654385.412,367447941005.4557,1.0,1.0,0.9069895695136452,1.0,9.866973605977693,40.627102059167704
Baseline,2033,1658647849938.1997,1473.596914958426,462.8468159606121,0.0075198702910006,0.4511922174600389,0.0091817798714478,6.101366162752439,1.5252062753232472,0.1698055084980758,1.6237982533977147e-09,2.8237851626586257e-12,0.0329367443658926,3.426815013327773e+17,1024252216644.5568,43479.73952388235,16237982533977.146,376314774831.45184,1.0,1.0,0.8997899701621682,1.0,9.789891527958853,41.822962214663946
Baseline,2034,1712240519051.8457,1509.3730374203194,474.0841394965464,0.0077024383988037,0.4621463039282228,0.009404675987296,6.28793265287946,1.5630271831773173,0.1739507989185584,1.6632209778736303e-09,2.892341280522243e-12,0.0337385262692376,3.510490911228591e+17,1054497078974.584,44958.30383290697,16632209778736.305,385450979808.4891,1.0,1.0,0.8926893931589694,1.0,9.713711125085627,43.057940976594615
Baseline,2035,1767766633055.7336,1546.335952724912,485.6942558610335,0.0078910627952355,0.4734637677141302,0.0096349648009886,6.481559783292171,1.602082846482232,0.1782307802024527,1.7039514630577542e-09,2.9631715942574346e-12,0.034566473547553,3.596929623089911e+17,1085735277518.5616,46500.081922877,17039514630577.54,394890257950.8121,1.0,1.0,0.8857393827614313,1.0,9.639006819086354,44.33348031751882
Baseline,2036,1825304069540.13,1584.6541133726,497.730064849599,0.0080866031054352,0.485196186326114,0.0098736966162327,6.683086070670494,1.6425323192674566,0.18266466349273,1.7461753315400551e-09,3.036598901548156e-12,0.0354245834184971,3.68652935384931e+17,1118003594092.2896,48108.30592319887,17461753315400.55,404675627239.8737,1.0,1.0,0.8790070007690547,1.0,9.566490102550365,45.65108213752265
Baseline,2037,1884934183545.612,1624.5167632745545,510.2509940403109,0.008290025054596,0.4974015032757655,0.0101220514711996,6.8934636531002464,1.6845497578798916,0.1872738977316001,1.7901011165559831e-09,3.1129858416908545e-12,0.0363173723980148,3.779737726331859e+17,1151340346131.3318,49786.39871607201,17901011165559.83,414855415192.5801,1.0,1.0,0.8725617192939721,1.0,9.496889239860645,47.01231104016152
Baseline,2038,1946741977927.2124,1666.0952749622938,523.3108572671247,0.0085022031689846,0.5101321901390782,0.0103810980824683,7.1135917050081625,1.7282918224576946,0.192077787960484,1.8359176583606543e-09,3.192660807889178e-12,0.0372489796013092,3.876961111219367e+17,1185785458125.7837,51537.9866202906,18359176583606.543,425473385483.3498,1.0,1.0,0.8664530674633001,1.0,9.430719012467394,48.41879724933294
Baseline,2039,2010816282774.2256,1709.535315515691,536.9553947629752,0.0087238807981119,0.523432847886719,0.0106517449779769,7.344278874020451,1.7738895873034024,0.1970926900176728,1.883785471642635e-09,3.275902935186542e-12,0.0382229688455269,3.978546230888302e+17,1221380536695.3584,53366.91300890293,18837854716426.348,436566737344.759,1.0,1.0,0.8607087598044294,1.0,9.368262470222628,49.8722396747936
Baseline,2040,2077249944401.993,1754.9030750653578,551.205387647648,0.0089553957149414,0.5373237428964885,0.0109344051917306,7.585999392440726,1.8214015821548888,0.2023260243903132,1.9337774931849677e-09,3.3628390606486584e-12,0.0392410521444868,4.0846537777306e+17,1258168949504.6846,55277.25293585147,19337774931849.67,448152373855.14886,1.0,1.0,0.8553098830579475,1.0,9.309315416742836,51.37440913448229
Baseline,2041,2146140024463.2288,1802.194530365545,566.0595676160029,0.0091967273885627,0.551803643313765,0.0112290539794657,7.838920681559991,1.870824313904634,0.2077775082051131,1.985889289659003e-09,3.453461474717006e-12,0.0403032936284493,4.1952804671906445e+17,1296195908230.3645,57273.328853249215,19858892896590.027,460229267591.8894,1.0,1.0,0.8502018501348391,1.0,9.25330717950565,52.92715174228727
Baseline,2042,2217588009759.615,1851.3127712329203,581.4874961844594,0.0094473812793896,0.5668428767633767,0.0115350874827295,8.102791876255859,1.922071138860902,0.2134366251651887,2.040014072983934e-09,3.547584472919062e-12,0.0414075836633281,4.310205988984238e+17,1335508555803.7217,59359.72750808981,20400140729839.344,472772670448.1887,1.0,1.0,0.8452894163694251,1.0,9.199247398551142,54.532392470401305
Baseline,2043,2291700033369.707,1902.12363927414,597.4470382144902,0.0097066727675601,0.5824003660536105,0.0118516695617757,8.377177772117562,1.9750285961252392,0.2192891261815344,2.096004010219437e-09,3.644950973771602e-12,0.0425509359504713,4.4291241246644576e+17,1376156058166.3027,61541.31811499968,20960040102194.37,485748322182.9519,1.0,1.0,0.840468280200298,1.0,9.146066150452864,56.19213889594468
Baseline,2044,2368587107746.7275,1954.4895119914656,613.8949708022011,0.0099738995556404,0.598433973338427,0.0121779424724622,8.661609943861347,2.029583500430236,0.2253206882133882,2.1537074512302653e-09,3.745297257689432e-12,0.0437302843093703,4.551721659271427e+17,1418189700789.139,63823.271910187126,21537074512302.656,499121077921.26666,1.0,1.0,0.8356431118359856,1.0,9.092793945328529,57.90848514210528
Baseline,2045,2448365370479.773,2008.3008260740053,630.7968838851689,0.0102485025342307,0.6149101520538421,0.0125132233287162,8.955729597792546,2.0856530252316183,0.2315203864512659,2.213003665095323e-09,3.848413373600766e-12,0.0449431995075178,4.677751489242318e+17,1461662990221.5798,66211.08320109978,22130036650953.227,512862958307.1431,1.0,1.0,0.8307407538671694,1.0,9.038698601841729,59.6836160246495
Baseline,2046,2531156343454.4453,2063.539213517034,648.1470093771703,0.0105303879700911,0.6318232782054669,0.012857397599481,9.259579972421346,2.1432430743275104,0.2378877826635225,2.273872411589018e-09,3.9542641237533024e-12,0.0461893223706696,4.807179684675542e+17,1506631760951.2356,68710.59203654954,22738724115890.184,526969272674.1642,1.0,1.0,0.825733856094434,1.0,8.983532042456558,61.51981141530001
Baseline,2047,2617087206194.14,2120.2819979975125,665.9696334117309,0.0108199504514671,0.6491970270880278,0.0132109471276417,9.57364821081686,2.2024463403428327,0.2444327597535996,2.3363988958650275e-09,4.062997679909283e-12,0.0474704556742011,4.940193203851411e+17,1553154287873.2483,71328.00863329314,23363988958650.277,541459767292.0111,1.0,1.0,0.8206375776455961,1.0,8.92747819153761,63.41945083415735
Baseline,2048,2706291084211.3257,2178.7062318494723,684.32036720314,0.0111180934890631,0.6670856093437889,0.0135749750827411,9.89889631335562,2.263444792842542,0.2511758328610185,2.400778216914019e-09,4.174953319213479e-12,0.0487905757836337,5.077206959742803e+17,1601291404684.8533,74069.93970736694,24007782169140.188,556379656295.2535,1.0,1.0,0.8155047740930979,1.0,8.871101231202775,65.38501828406727
Baseline,2049,2798907353249.383,2239.0296912250856,703.2676181446224,0.0114259284101357,0.6855557046081451,0.0139508380217506,10.236507104075296,2.326448306792949,0.2581407906061987,2.467250348457394e-09,4.290548355967409e-12,0.050154409406433,5.218721626656024e+17,1651106628540.0164,76943.41687197718,24672503484573.945,571784553524.3093,1.0,1.0,0.8103990374750422,1.0,8.815048292302523,67.41910734060333
Baseline,2050,2895081960350.055,2301.4678906619574,722.8790928415114,0.0117445550007608,0.7046733000456527,0.0143398777402131,10.587686186693665,2.39165387881891,0.2653497894516209,2.5360527720792916e-09,4.4101957706458876e-12,0.0515663617967849,5.3652209815691296e+17,1702666291318.9531,79955.92727856374,25360527720792.92,587729495267.5068,1.0,1.0,0.8053768311567807,1.0,8.759865201787408,69.52442651215325
Continuation,2023,1076879935911.4612,1033.305238706694,332.8044410466621,0.0054070905200803,0.3244254312048217,0.0066021488204499,4.130005796386175,1.0874210156949042,0.1216700210396399,1.167576540911422e-09,2.030415604645131e-12,0.0236435183244092,2.4597726223552493e+17,678562873505.9171,31609.24973915726,11675765409115.186,270585525124.33804,1.0,1.0,1.0,1.0,10.842216499495764,27.707540152446864
Continuation,2024,1198283164085.4792,1099.557866713743,355.0391011695253,0.0057683650885265,0.3450635995956608,0.0070433871275403,4.432887453438197,1.160354919553833,0.1300008166031359,1.2434955395652096e-09,3.0190353287262424e-12,0.0252051956578877,2.619577192334477e+17,742345819438.7389,32587.6111656414,12455881276196.104,288664687744.98505,0.9950099899999998,0.99003992,0.9723467385426944,1.0,10.394772829594364,30.31196872417832
Continuation,2025,1291167587890.2134,1164.785850455158,376.5370674768239,0.0061176640740934,0.3654692013261102,0.007469975132184,4.730205573357644,1.2313221018788088,0.1380076403835824,1.317676166890184e-09,3.535196422562254e-12,0.0267321132857,2.776312741484072e+17,797552694902.9993,33593.315443485815,13210137747023.686,306144559606.5744,0.99401498,0.98805984,0.9592996880653984,1.0,10.231156567838914,32.566213361398056
Continuation,2026,1331640697909.844,1182.609131392247,383.2358159335352,0.0062265006339459,0.3709153936081735,0.0076028735419612,4.844921953559488,1.2529265610997258,0.1404697486788199,1.3388581698572443e-09,4.396243532726663e-12,0.0271506482181485,2.819643325591969e+17,816690178301.9158,34658.46746731823,13445153257870.53,311591037262.35297,0.993020965,0.986083721,0.9496403432168826,1.0,10.09668244517772,33.3476480823291
Continuation,2027,1373428630818.567,1202.470929684257,390.6236011866753,0.0063465310441156,0.3770033250452307,0.0077494356750604,4.9696422244524046,1.2768510815868193,0.1431796679017742,1.3623934571958755e-09,5.284168370605492e-12,0.0276154763345312,2.8678673985450595e+17,836311074126.532,35760.98157628614,13704340135896.17,317597685652.2867,0.992027944,0.984111553,0.9414254911527796,1.0,9.978196047746836,34.148821827775386
Continuation,2028,1416574888881.9485,1223.322181981196,398.4034261695791,0.0064729313366355,0.3833969821603369,0.0079037772350997,5.100675114168294,1.3022262011840533,0.1460431769072187,1.3871463033684595e-09,6.235317615343013e-12,0.0281051695350314,2.9186190100035814e+17,856370524299.5116,36902.23727312597,13977281777547.145,323923100290.7797,0.991035916,0.98214333,0.9337779294968834,1.0,9.866955772863452,34.96790292225409
Continuation,2029,1461123777027.9888,1244.739749630712,406.4500415972331,0.006603666550653,0.3899702640586567,0.0080634133738652,5.236517761195757,1.3286364733395049,0.1490142581147772,1.4125947258689483e-09,7.2133737595318156e-12,0.0286105633990468,2.9709485280096454e+17,876875933442.7579,38083.63039190886,14259584003468.725,330465446198.58,0.99004488,0.980179043,0.9263646567240652,1.0,9.759326504475585,35.80519371631622
Continuation,2030,1507120768073.551,1266.7856712690452,414.7370025525537,0.0067383060281776,0.3967430810609229,0.0082278139177545,5.376964254572487,1.355906432239,0.1520731602814852,1.4388102765173383e-09,8.218310797694516e-12,0.0291306963329959,3.024860598011671e+17,897898464726.059,39306.592676712586,14550316875157.424,337203172077.8082,0.989054835,0.978218685,0.9191471657464388,1.0,9.654380181991716,36.66359999284684
Continuation,2031,1554614037789.4392,1287.271819821883,423.2399150674218,0.0068764532534096,0.4030226736704314,0.0083964939142399,5.521813351604085,1.383835419476365,0.155207482072696,1.4630477184189754e-09,9.115783129853711e-12,0.02962413253278,3.076085242353812e+17,918601212142.2512,40572.674783962975,14848646349398.97,344116435198.7125,0.98806578,0.9762622480000002,0.9120722919040786,1.0,9.551339424744157,37.508948637308315
Continuation,2032,1603712739928.9302,1308.2784200971655,431.9586628389279,0.0070181064873357,0.4094590130258168,0.008569451888394,5.671134018471562,1.4124263918027944,0.1584186221553586,1.4878923535537501e-09,1.0036809488532616e-11,0.030129412853818,3.12861160645114e+17,939860483077.9628,41886.744539748666,15154570990088.404,351205148536.34,0.987077715,0.9743097229999998,0.9050852493966178,1.0,9.449679242904804,38.37702162812725
Continuation,2033,1654477250949.481,1329.8064976411335,440.8942670497307,0.0071632824245725,0.4160522533234018,0.0087467086699799,5.825016361206978,1.441674011604115,0.161707636928518,1.5133453785113562e-09,1.0981727181694148e-11,0.0306467135200079,3.182450150639206e+17,961694418802.2644,43250.9861654413,15468128984826.836,358470147534.7406,0.986090637,0.972361104,0.8981723000864995,1.0,9.349254561191396,39.26855972192448
Continuation,2034,1706970475360.061,1351.8963250708184,450.0607493197864,0.007312208953562,0.4228148266622976,0.0089285428526027,5.983722847456333,1.4716197110709857,0.1650802467132772,1.539452634943075e-09,1.1951190012808255e-11,0.0311770815927212,3.237703815056024e+17,984122429715.2196,44667.706352130095,15789814462704.1,365922836351.7536,0.985104546,0.970416382,0.8913462000539225,1.0,9.250197757154217,40.18435549733954
Continuation,2035,1761257959414.4438,1374.3937953539214,459.43470305843886,0.0074639344583028,0.4296910340001489,0.0091137964806567,6.140673088691169,1.5017528995423364,0.1685070546428509,1.5660675142919764e-09,1.2944085280764418e-11,0.0317168566626966,3.293938557725976e+17,1007164552003.3188,46139.33490069011,16118049690423.94,373519551578.334,0.984119442,0.968475549,0.8845671356563752,1.0,9.151441788676216,41.125227085548424
Continuation,2036,1817408084553.2676,1397.1251056970707,468.98232335989087,0.0076179029584634,0.4366489523757385,0.0093017916835985,6.292864683368276,1.531931281466914,0.1719714513167718,1.5930631625361706e-09,1.3959385850873031e-11,0.0322640213311379,3.350903810706864e+17,1030841683591.8898,47668.43614744959,16451642484850.72,381232518703.17,0.983135322,0.966538598,0.8777723683178906,1.0,9.052255585676376,42.09202780483267
Continuation,2037,1875498698283.109,1419.6272954289475,478.5301614131072,0.007771290139689,0.4435278275008339,0.0094890820282158,6.430392232229687,1.561492203310561,0.175397829798359,1.6198416287906891e-09,1.499146365707851e-11,0.0328073442500691,3.407336588215879e+17,1055179499482.354,49258.08197650737,16784503117833.262,388920448157.8539,0.982152187,0.964605521,0.8706747181986038,1.0,8.9493547146678,43.085806034289554
Continuation,2038,1935605785509.6316,1441.517267054234,487.8860534406541,0.0079209677594716,0.4502190530768542,0.0096718495819803,6.542706267468014,1.5897515849733344,0.1787032796915726,1.6458838953909756e-09,1.5978270457463164e-11,0.0333382632625607,3.4622470426799526e+17,1080286620828.4856,50911.22118243678,17109886464780.668,396426839409.7565,0.981170035,0.96267631,0.8629842132246928,1.0,8.839551210721224,44.11099706664897
Continuation,2039,1997810143411.0208,1462.787749664525,497.1047168645934,0.0080678184535969,0.4567127741759894,0.0098511718228051,6.631652292566671,1.616955556935752,0.1819085538184102,1.67124510525063e-09,1.6972834026879087e-11,0.0338572088511925,3.515668390582837e+17,1106106100641.8762,52631.05437940908,17429709560511.766,403795905549.2893,0.980188865,0.960750957,0.854824155661898,1.0,8.724407380749719,45.16527560379999
Continuation,2040,2062194763973.4512,1484.3197995382366,506.4840154674456,0.0082166740801579,0.463285862200319,0.0100329420777341,6.710507773841224,1.6443215201817836,0.1851538451425476,1.696923813590268e-09,1.7983826970978218e-11,0.034382617361834,3.5697942904456326e+17,1132663891502.487,54420.88774295637,17754418788220.727,411269487735.2816,0.979208676,0.9588294550000002,0.8466275386763045,1.0,8.60947719312961,46.24970135911543
Continuation,2041,2128846299748.7231,1506.900462475447,516.0995863786136,0.008368757947552,0.4702286069064248,0.0102186549480494,6.786885460635211,1.672045363434116,0.1884680803362518,1.723693926006584e-09,1.8877299557735668e-11,0.0349322106383762,3.626458749106083e+17,1160272420434.4373,56284.21747398708,18086670126028.12,418908843641.3189,0.978229467,0.956911796,0.8385154104347217,1.0,8.495996224886204,47.37703156505444
Continuation,2042,2197817362826.6223,1529.5805906678786,525.821788774086,0.0085219579158207,0.477206607299745,0.0104057297997489,6.85619289347616,1.699726600108098,0.1918066881105169,1.7505901285790303e-09,1.978175576283199e-11,0.0354844392293682,3.683477241825128e+17,1188659522146.7322,58222.557932142125,18421918194328.68,426608313843.0416,0.977251238,0.954997973,0.8302742999141127,1.0,8.38191494248465,48.53615298359187
Continuation,2043,2269199737537.2065,1552.106614923303,535.5639410744317,0.0086748600585063,0.4841424292648866,0.0105924390300203,6.915775790508204,1.727175813841956,0.1951400066157824,1.7773154471601227e-09,2.0693213432326847e-11,0.0360333093966849,3.7402514677691264e+17,1217854615344.287,60239.63585279828,18757094903656.97,434297178477.57794,0.976273987,0.953087977,0.8217669311143772,1.0,8.265951468870828,49.72826685926889
Continuation,2044,2343089256360.2964,1574.1351960805514,545.2072006522498,0.0088255281576968,0.4909307030744888,0.0107764167422671,6.961816145405748,1.754079739905131,0.1984284042420248,1.8034693655339622e-09,2.1606020573024025e-11,0.0365704912883247,3.795965141402742e+17,1247887305303.8423,62339.38882587007,19088022293910.64,441878578289.2113,0.9752977129999998,0.9511818009999998,0.812818949959164,1.0,8.146519490069089,50.954582054854235
Continuation,2045,2419586014446.908,1595.6352991349086,554.7394035881213,0.0089737590291081,0.4975635521693534,0.0109574109927441,6.990251025635684,1.7813663710030132,0.2016750903754409,1.8290083318413831e-09,2.251839899244369e-11,0.0370960949554456,3.850594004666704e+17,1278798726015.5515,64525.98331337295,19413944330700.395,449342377602.0103,0.974322415,0.949279437,0.8033956351405459,1.0,8.023663641128385,52.216778181373364
Continuation,2046,2498794533767.663,1616.0267889554464,563.9573853604472,0.0091162483374231,0.5038602855483852,0.011131390689714,6.997091858297655,1.8077428922800576,0.2048170010235367,1.8532547845762078e-09,2.342123616270428e-11,0.0375964956783879,3.9027731470188685e+17,1310609388202.6863,66803.82690228529,19728012544635.992,456523248454.6117,0.973348092,0.947380878,0.7932372925674905,1.0,7.89501188594736,53.51569274661045
Continuation,2047,2580822848331.3564,1635.798085386044,573.0328289644056,0.0092557837078153,0.5099763252956141,0.0113017693730877,6.990511601861132,1.8337779429611647,0.2079224797104138,1.8767673442273976e-09,2.432148591552347e-11,0.0380867008168358,3.953806992248801e+17,1343347675509.13,69177.51739141063,20036243552266.688,463560718789.3192,0.972374744,0.945486116,0.7826332245344625,1.0,7.763509829906077,54.85248473079158
Continuation,2048,2665784841971.6367,1655.0047695159517,581.9848531152334,0.0093926722192768,0.5159307536369568,0.011468922433663,6.970664452431222,1.8596409876030373,0.2110048884893317,1.899602307683231e-09,2.5219204317495326e-11,0.0385684631053568,4.003869339486814e+17,1377046378263.8848,71651.98374765055,20339296213601.598,470470180867.7199,0.97140237,0.943595144,0.7716290449400613,1.0,7.629759121354475,56.228493050902834
Continuation,2049,2753799484079.081,1674.630545096772,591.155612405138,0.0095324692687798,0.5220321905860803,0.0116396316434385,6.949057596122689,1.8862237286297543,0.2141679643998602,1.922880173182183e-09,2.6127928790245558e-11,0.0390637611378736,4.055247163795356e+17,1411742844141.1396,74232.44550856168,20649162251186.742,477529664439.1754,0.970430967,0.941707954,0.7607583679436838,1.0,7.498426218237231,57.6452427125444
Continuation,2050,2844991059784.6924,1695.3615726829114,600.7868651926984,0.0096790995304573,0.5284963423540472,0.0118186877644789,6.933817028969688,1.9141735404320603,0.2174862524409289,1.94738192188439e-09,2.705797432276176e-11,0.0395879481245708,4.109547130092818e+17,1447475558486.933,76924.4310131666,20974313268555.89,484935590749.2448,0.969460536,0.939824538,0.7503504257977789,1.0,7.372365265057534,59.10430517550623
GHG Forward,2023,1076879935911.4612,1033.305238706694,332.8044410466621,0.0054070905200803,0.3244254312048217,0.0066021488204499,4.130005796386175,1.0874210156949042,0.1216700210396399,1.167576540911422e-09,2.030415604645131e-12,0.0236435183244092,2.4597726223552493e+17,678562873505.9171,31609.24973915726,11675765409115.186,270585525124.33804,1.0,1.0,1.0,1.0,10.842216499495764,27.707540152446864
GHG Forward,2024,1198283164085.4792,1083.1390056961206,349.73757586449307,0.005682230481559,0.3399110274068644,0.0069382133445546,4.366178315826129,1.1430239220886371,0.1280590985500957,1.224927366794845e-09,2.9739543712157525e-12,0.0248287264552975,2.580456660354081e+17,731255194944.4557,32587.6111656414,12269887078239.896,284354277595.36255,0.9950099899999998,0.9752487529999998,0.9723569958228068,1.0,10.239555595863004,29.859108811723374
GHG Forward,2025,1291167587890.2134,1125.564285585452,369.7994805291821,0.0060081972541328,0.3522520218708747,0.0073363103974985,4.644651791862566,1.2092849477701633,0.1355376633570483,1.2791576955390942e-09,8.18456373428766e-12,0.0258600772480342,2.685751831402112e+17,775011720035.0553,33593.315443485815,12973761288150.691,300666542019.7148,0.99401498,0.970372509,0.9593095380666468,1.0,10.048084702428138,31.645804965044185
GHG Forward,2026,1331555495558.7358,1130.510080088727,375.2238036417294,0.0060963279535968,0.3532386597112699,0.007443925707996,4.742345817876783,1.2267173683280512,0.1375318514184554,1.288678070451512e-09,1.1312311888038998e-11,0.0260019209193249,2.700354936308384e+17,787315067897.6222,34653.87200173803,13164065735331.98,305076842070.266,0.993020965,0.965520647,0.9496587308355424,1.0,9.886231388206758,32.14818362179311
GHG Forward,2027,1373198119204.5764,1136.9103059698823,381.2688920457809,0.006194543279266,0.3546818494756893,0.0075638503021665,4.848944209224042,1.2462452176329473,0.1397484514145798,1.3000476685817474e-09,1.4550708975499231e-11,0.0261808348666896,2.7188936995287856e+17,799810202919.3696,35748.53912394161,13376146353889.104,309991804261.6247,0.992027944,0.960693044,0.9414564363478376,1.0,9.74087144951613,32.65839346209363
GHG Forward,2028,1416124962091.6997,1143.824729550856,387.63657605924857,0.0062980001747547,0.3562868670289805,0.0076901764175305,4.960715242065137,1.2669881315127038,0.1420923087614953,1.3122115524231655e-09,1.790091559265539e-11,0.026377823101742,2.7392618686519264e+17,812494954733.3129,36877.918083014,13599545321817.455,315169068871.78345,0.991035916,0.955889578,0.933826266233058,1.0,9.603351177236595,33.17634586404682
GHG Forward,2029,1460366021506.3076,1150.846553678601,394.1989098728335,0.0064046198563758,0.3579267554020316,0.0078203656446164,5.076099300115909,1.2885195345170677,0.1445162011678941,1.3247159107148203e-09,2.1363755551091697e-11,0.0265837130969901,2.760511056555221e+17,825367578593.8102,38042.61050123582,13829773831212.594,320504607907.592,0.99004488,0.95111013,0.9264355339316942,1.0,9.470073685327018,33.70196958501359
GHG Forward,2030,1505951857368.605,1155.3649670531677,400.0594786696128,0.006499835389656,0.3587909135090134,0.0079366192890569,5.183239165672561,1.3082532764890618,0.1467125928003127,1.334555454137624e-09,2.488813266030964e-11,0.026736625204618,2.776416862610583e+17,836172331407.2637,39243.21655360616,14035376867772.654,325269452323.81586,0.986742885754984,0.94635458,0.9192447248014654,1.0,9.319937286904436,34.14315659082376
GHG Forward,2031,1552426694668.9778,1136.4493595505833,406.52684700718345,0.0066049126590563,0.3515134517149804,0.0080649273437062,5.2998897372576845,1.3292069992794744,0.1490783462371132,1.3223304829356754e-09,3.2153016654100355e-11,0.0264632893785308,2.7479693583839635e+17,838737852310.2992,40480.01126925535,14262295989987.986,330527804854.3925,0.985294177385204,0.941622807,0.9122008506184324,1.0,9.18709787648242,34.24791368291977
GHG Forward,2032,1600213590053.5835,1116.5753654319976,413.0790833687363,0.0067113680499823,0.3438904988810943,0.0081949149489368,5.41890170056988,1.3503685719302865,0.1514706455246775,1.309298932682879e-09,3.9644392949471454e-11,0.0261966011185318,2.720285703255124e+17,841478180435.8901,41750.12227717149,14492214036125.916,335855122336.69464,0.9838472793804228,0.936914693,0.905257670312924,1.0,9.056424796167768,34.3598086222618
GHG Forward,2033,1649354549220.37,1095.7100168448608,419.7124105892706,0.0068191402928856,0.335910850827547,0.0083265077166875,5.540257114988855,1.3717256626109895,0.1538887667058208,1.295428007089304e-09,4.7366131591167905e-11,0.0259372936349463,2.693429484104e+17,844420609328.1714,43054.72040268447,14725000385560.648,341248338675.78235,0.982402150947704,0.932230119,0.8983977114680611,1.0,8.92773502975511,34.47995587738257
GHG Forward,2034,1699893139496.024,1073.8521616585492,426.43512946014135,0.0069283643281445,0.3275730654346748,0.0084598707430628,5.664098213556525,1.3933019052940092,0.1563362722938663,1.2807224338230627e-09,5.532341473472231e-11,0.0256868334270087,2.6675436555462032e+17,847592461197.1648,44395.01880827779,14960947989687.451,346714206655.42413,0.9809587549501656,0.927568969,0.8916304118932573,1.0,8.801110871076872,34.60947108731983
GHG Forward,2035,1751874545486.949,1049.8331560880958,432.7996888152277,0.007031227712162,0.3185146153609429,0.0085854632585825,5.778483215154417,1.4132933551885063,0.1586354404317625,1.2638083182886962e-09,6.345042695925516e-11,0.0254166503245149,2.6397548909537542e+17,851021917960.5732,45772.28414989624,15183637530358.783,351865509982.5963,0.9795170548612994,0.922931124,0.8840284394609441,1.0,8.66708039652369,34.749504995279274
GHG Forward,2036,1805346060931.908,1022.5532132814674,438.4703252122489,0.007122275369521,0.3085369690076507,0.0086966220938654,5.876399901885148,1.4308477784939806,0.1606779180937119,1.2438202314729476e-09,7.16724156361634e-11,0.0251113381661506,2.6084244513854557e+17,853882707443.9364,47187.86220294704,15381291127966.102,356429257294.71185,0.9773761215051066,0.918316468,0.8755387750679307,1.0,8.519857472658941,34.866318694603024
GHG Forward,2037,1860387190895.6936,992.175268279278,443.2884745880342,0.0071989327197701,0.2976038786352974,0.0087902071484222,5.949090996666445,1.4451529608429985,0.1623727614294551,1.2204926546427975e-09,7.992393621894251e-11,0.0247659961634357,2.572965597861955e+17,857069140486.7087,48644.799726571735,15548351487419.049,360276604003.08044,0.9752403483343134,0.913724886,0.8654174662586501,1.0,8.357588981212674,34.99642929293203
GHG Forward,2038,1917057998753.7805,958.2073489999918,446.91217205669216,0.0072556451598089,0.2855821934900795,0.0088594376000214,5.985237389972655,1.4550574667573115,0.1635775871166533,1.1931229117870195e-09,8.809266347025985e-11,0.0243671717516091,2.5318757879126995e+17,860614316164.1798,50145.058781668005,15672827241671.69,363129575837.5909,0.973109622108084,0.909156262,0.8531680925158371,1.0,8.175458046579761,35.14118831419043
GHG Forward,2039,1975421791623.26,921.085042658806,449.3885837352626,0.0072931797498318,0.2726190590487132,0.0089052482658808,5.987037362355482,1.460883620381095,0.1643139585294821,1.1621288606671235e-09,9.612650721928349e-11,0.0239228239702325,2.4860008943544422e+17,864552613223.9918,51690.742381486736,15756378897011.89,365026550522.1172,0.9709838370691172,0.90461048,0.8389893001982811,1.0,7.976209923281462,35.301999534753115
GHG Forward,2040,2035545181220.5376,882.7622382348328,451.5489233289153,0.0073250427390698,0.2593065129630721,0.0089441310359152,5.97400680121484,1.465475350320671,0.1649205169899736,1.1298763961463524e-09,1.0415770497758311e-10,0.0234811670663556,2.440456363212743e+17,868919509806.2969,53284.095728842025,15828176779577.586,366643408138.4397,0.9688628942476974,0.9000874279999999,0.8244283404337971,1.0,7.775890668310698,35.480311622136625
GHG Forward,2041,2097497660765.54,843.9409243207432,453.2750096055208,0.0073493182700239,0.2469370938728037,0.0089737447434652,5.950196982259479,1.4686039056480278,0.1653735305998855,1.08639990312131e-09,1.0457550539234676e-10,0.0230832490201804,2.399587154462769e+17,874599073716.9602,54927.483588042574,15884088215255.824,367884241620.8818,0.9664515835627202,0.895586991,0.8094802866256535,1.0,7.572875294391741,35.712223433477014
GHG Forward,2042,2161616873415.401,804.5946703967683,454.8829232796643,0.0073711445537307,0.234402396808638,0.0090003755299712,5.9174614673039,1.471147693718335,0.165787320368104,1.0422436110838412e-09,1.0495884741829922e-10,0.0226994207330011,2.3600699958628307e+17,880818338740.1381,56637.79791084581,15935219288964.188,369006181183.7816,0.9640442709048124,0.891109056,0.7944144535305596,1.0,7.371898084689818,35.96617268722572
GHG Forward,2043,2228006101805.1304,764.498607239555,456.2162680490137,0.0073879833188084,0.2216394995642542,0.0090209232763081,5.872492608937548,1.4726873855281242,0.1661114997445376,9.971022689724446e-10,1.0527146097432408e-10,0.0223224557549929,2.32118468044172e+17,887612094813.1987,58419.28793397776,15976084934571.111,369882184716.178,0.9616409342165346,0.886653511,0.7789492793596728,1.0,7.170575036409142,36.24357994973581
GHG Forward,2044,2296773745042.6826,723.9465484990814,457.40900888877576,0.0074020135884896,0.2087367831954087,0.0090380473796104,5.815671419946108,1.4735334440200492,0.1663803620658581,9.513416933419112e-10,1.0554423746391781e-10,0.0219592245879213,2.2836531124567258e+17,895018747285.9385,60276.50342618971,16011371512666.023,370621277277.5661,0.9592415563646806,0.882220243,0.7633920059484789,1.0,6.971244576103631,36.5460134143363
GHG Forward,2045,2368033607025.6714,683.0418095625349,458.6693761598641,0.0074133953688989,0.1957136377389312,0.0090519379204223,5.74874853746002,1.4744498228511644,0.1665945053671094,9.051308837209752e-10,1.0577967296961731e-10,0.0216105561344959,2.247568653305006e+17,903085543349.9904,62214.30011349593,16043791212977.7,371253764571.3831,0.956846123642527,0.8778091420000002,0.7478614923250532,1.0,6.775153513606267,36.87540231044773
GHG Forward,2046,2441906036437.0264,641.3083914027007,459.6238178272478,0.0074161897333891,0.1824382674413736,0.0090553441321902,5.663381475821894,1.4740231532879489,0.1666553711798304,8.577592312253125e-10,1.0589266512326943e-10,0.0212608690975814,2.211308526036296e+17,910641115144.5952,64237.91124009042,16060685589436.924,371481546724.9699,0.9536601724465268,0.8734200959999999,0.7323096399584477,1.0,6.577110400558653,37.18391654994936
GHG Forward,2047,2518292235330.47,599.2810386843306,460.7769386744427,0.0074155849442884,0.1690753367297761,0.0090546038853497,5.5712507031008505,1.472946061954308,0.1666468135044751,8.099479744757985e-10,1.0595706826433415e-10,0.0209250854748927,2.1764340174929178e+17,918824479364.4023,66340.26481065678,16075752344114.2,371585095790.4288,0.9504860988685334,0.8690529959999999,0.7168939874640723,1.0,6.383592864473337,37.518065236173385
GHG Forward,2048,2597309684332.3623,557.1136214276187,462.2373326076884,0.007413598572497,0.1556855700224371,0.0090521810493493,5.474212083412394,1.4716741845407169,0.1666153342558348,7.618380514065697e-10,1.0600123292519903e-10,0.0206094136206598,2.143581122242068e+17,927679241240.08,68526.28545455787,16093131140774.797,371663624472.0017,0.9473238774006062,0.864707731,0.7017867768932541,1.0,6.196077132369962,37.879628887516525
GHG Forward,2049,2679081356977.632,514.9475617355757,464.1406543849277,0.007412688036593,0.1423236103025868,0.0090510760712679,5.380151661178413,1.4707214115296692,0.1666152780479412,7.135672132175414e-10,1.0605990159527295e-10,0.0203207388183369,2.113463730037797e+17,937248713142.9587,70801.18973466543,16117911379343.25,371838354570.1174,0.9441734967189296,0.860384192,0.6871929798923502,1.0,6.016208256372791,38.27037606414409
GHG Forward,2050,2763735992456.8286,472.8656643294327,466.61704175312,0.0074152203956477,0.1290248348842702,0.0090541778174398,5.294737202894076,1.470566352707961,0.166697792542508,6.652083013810753e-10,1.0616663921777728e-10,0.0200650107341425,2.0867210418437667e+17,947577615769.72,73170.52084860779,16154989148790.52,372225989055.5612,0.9410349645474626,0.856082271,0.6732944119512636,1.0,5.8453445600024585,38.692132831918684
SLCP Forward,2023,1076879935911.4612,1033.305238706694,332.8044410466621,0.0054070905200803,0.3244254312048217,0.0066021488204499,4.130005796386175,1.0874210156949042,0.1216700210396399,1.167576540911422e-09,2.030415604645131e-12,0.0236435183244092,2.4597726223552493e+17,678562873505.9171,31609.24973915726,11675765409115.186,270585525124.33804,1.0,1.0,1.0,1.0,10.842216499495764,27.707540152446864
SLCP Forward,2024,1198283164085.4792,1099.557866713743,355.0391011695253,0.0057683650885265,0.3450635995956608,0.0070433871275403,4.432541197946046,1.160354919553833,0.1300008166031359,1.2434955395652096e-09,3.0190353287262424e-12,0.0252051956578877,2.619577192334477e+17,742345819438.7389,32587.6111656414,12455881276196.104,288664687744.98505,0.9950099899999998,0.99003992,0.9723467385426944,1.0,10.394772829594364,30.31196872417832
SLCP Forward,2025,1291167587890.2134,1165.195138018397,376.5370674768239,0.0061176640740934,0.3629419666930816,0.007469975132184,4.729747394574019,1.2313221018788088,0.1380076403835824,1.317676166890184e-09,3.535196422562254e-12,0.0265823108946225,2.760754738919578e+17,794407480891.1031,33593.315443485815,13210137747023.686,306144559606.5744,0.99401498,0.98805984,0.9592996880653984,1.0,10.231156567838914,32.43778584653507
SLCP Forward,2026,1331640103243.8196,1183.4365706885387,383.2356508351976,0.0062264979513547,0.3658028844489378,0.0076028702654811,4.84443892046306,1.2529259437682885,0.1404696833978855,1.3388575930023994e-09,4.396241654760073e-12,0.0268493520166933,2.7883531981356733e+17,810316524297.2871,34658.43535875378,13445147465234.998,311590903018.1923,0.993020965,0.986083721,0.9496404036009762,1.0,10.096682604018294,33.08739471282389
SLCP Forward,2027,1373427898922.8003,1204.1473888564467,390.6233984478321,0.0063465277499039,0.3666476152125361,0.0077494316514656,4.969172384321112,1.276850365051971,0.1431795878946244,1.362392750017532e-09,5.28416564449825e-12,0.027010724266977,2.80506391579638e+17,823440063294.8026,35760.94207309171,13704333022561.902,317597520800.9711,0.992027944,0.984111553,0.9414255554058386,1.0,9.978196185843036,33.6232639710949
SLCP Forward,2028,1416576103909.0537,1225.8724238317875,398.40375166545056,0.0064729366255266,0.3676564485527122,0.0079037836952649,5.100239116205136,1.302227471779669,0.1460433066699275,1.3871474369210175e-09,6.2353226359733865e-12,0.0271943475272826,2.8240334217850445e+17,836880397193.3436,36902.30338665659,13977293198079.502,323923364961.28625,0.991035916,0.98214333,0.9337777988541816,1.0,9.866955371835685,34.17206881394174
SLCP Forward,2029,1461131384375.0024,1248.1911360732515,406.452081066576,0.0066036996895899,0.3686994668674512,0.0080634538524664,5.236133294548509,1.328644043304284,0.1490150697837855,1.412601815465652e-09,7.213409476601214e-12,0.0273910438749054,2.8443121257297744e+17,850647463957.1622,38084.04419552994,14259655561814.56,330467104561.1717,0.99004488,0.980179043,0.9263639463444296,1.0,9.75932466738035,34.734215035070946
SLCP Forward,2030,1507141750282.2346,1271.175529980853,414.7450588846728,0.0067384369314095,0.369796483527353,0.0082279738027599,5.376679554921575,1.355934922618358,0.1520762686134762,1.43883821161525e-09,8.218475096913594e-12,0.0276000023361518,2.8659160039115616e+17,858601397722.498,39307.73612938239,14550599540191.545,337209722831.78546,0.989054835,0.978218685,0.919145369181183,1.000006014501218,9.654433325509514,35.05899546114155
SLCP Forward,2031,1554170078320.5195,1291.999626714228,423.0475719160025,0.0068733307941215,0.3700808121613752,0.008392692318905,5.51912609785263,1.3828226992908004,0.1551120443409298,1.46238884425671e-09,9.110088534783958e-12,0.0277699541189824,2.8834564573216154e+17,866281770814.7665,40574.730914353946,14841903894496.129,343960178838.104,0.98806578,0.976262248,0.9120699768769656,1.0000127406646615,9.549729531876402,35.372605671998365
SLCP Forward,2032,1602787614143.2473,1313.3767067790916,431.5660031060932,0.0070117320791373,0.3703801426098388,0.0085616908259903,5.66600885381849,1.4103616378967958,0.1582240145831374,1.4865553376678534e-09,1.0024011278846236e-11,0.0279507072266425,2.9021849800579834e+17,868904299652.4156,41890.25477578491,15140806480061.42,350886155802.0183,0.987077715,0.974309723,0.9050824269001666,1.0000276774013417,9.446545722250775,35.47969055080213
SLCP Forward,2033,1653055092618.6748,1335.3229914140773,440.3062823869672,0.0071537372396303,0.3706962639899006,0.0087350875655547,5.817484451776067,1.4385619628176356,0.1614149750364172,1.511355671559028e-09,1.0960715182745e-11,0.0281427259589775,2.922140071595933e+17,861865442035.3157,43256.58118892474,15447517720303.377,357992480502.8286,0.986090637,0.972361104,0.8981689906234407,1.0000613409447865,9.344829334049784,35.192275135565076
SLCP Forward,2034,1705035830964.9883,1357.913473047805,449.2938561861322,0.007299759793827,0.3710466824518075,0.0089133878329246,5.973970890169239,1.4675016239714187,0.1646947065907876,1.5368743277148051e-09,1.1921229765313798e-11,0.0283476449691613,2.9434835450246234e+17,837884185520.5471,44676.11340205526,15762932606154.57,365299846517.9883,0.985104546,0.970416382,0.8913424281889727,1.0001381381067505,9.24492747887493,34.21305618072304
SLCP Forward,2035,1758795844264.523,1381.0693178124134,458.53079394905774,0.0074492657672504,0.3713992662710465,0.0090959436671486,6.126284341128935,1.496755048865273,0.1680430306748173,1.5630505956667983e-09,1.2905386055162655e-11,0.0285035298018707,2.9594514512303546e+17,787865538622.4847,46151.385914904255,16086372213108.072,372785464635.16925,0.984119442,0.968475549,0.8845630904654276,1.0003110709645382,9.146241882232172,32.170660816327896
SLCP Forward,2036,1814404034550.6465,1403.8096200487223,468.02949207415406,0.007602451465936,0.3775802605011543,0.0092829958585878,6.271858630303528,1.5263304735649297,0.1714598736159181,1.5899116995206727e-09,1.3914025806660589e-11,0.0288699917116848,2.9968010745935834e+17,710680619907.4799,47685.07611118838,16418267617197.172,380459195554.4941,0.983135322,0.966538598,0.8777684518071214,1.0006735458589917,9.048848715365263,29.018993788908816
SLCP Forward,2037,1871931807560.7056,1426.737039442712,477.66870867884506,0.0077573412107276,0.3838154580913148,0.0094721342370511,6.3986438136272366,1.5557342805621577,0.174888257756574,1.617031044860176e-09,1.4943993206091672e-11,0.0290660111036483,3.0153487522606176e+17,606116586770.6444,49279.983904146335,16754361553185.088,388222214882.6614,0.9821521869999998,0.964605521,0.8706722771476868,1.001326591585676,8.95030550018674,24.74936416465353
SLCP Forward,2038,1931454503250.055,1449.4888308959698,487.2673362768333,0.0079109855171626,0.3900259762991652,0.0096597590587311,6.493202350413205,1.5843179420406586,0.178249287939341,1.643919104142119e-09,1.5935044197471326e-11,0.0289923804850713,3.004312125456639e+17,494392953313.6067,50939.113564387495,17088296011690.855,395926973553.70734,0.981170035,0.96267631,0.8629854255506374,1.0022738463381076,8.847371751670263,20.187388877095845
SLCP Forward,2039,1993052216112.2544,1471.8644815330904,496.8153375261333,0.0080632143769174,0.3961457975591248,0.0098456622450493,6.556791422608735,1.6121157704850573,0.181540667967039,1.6704109870943384e-09,1.6937883785191375e-11,0.0286596461215577,2.964777199860926e+17,396969589839.7847,52665.723052517904,17419715678746.178,403565011014.7749,0.980188865,0.960750957,0.8548318618800381,1.003364436019726,8.740220420680162,16.209331926690336
SLCP Forward,2040,2056807222814.1,1494.4912901243288,506.522447051024,0.0082174292481007,0.4023498428857556,0.0100339903310754,6.604462662517785,1.640058994322483,0.1848714499586579,1.6972109003162147e-09,1.7957820026402355e-11,0.0281843329984804,2.9107690267549466e+17,321857966565.8432,54463.18062366515,17755976914324.805,411306576969.1376,0.979208676,0.958829455,0.8466427878048193,1.004414742877821,8.632786153887228,13.142323106968858
SLCP Forward,2041,2122805461369.6064,1518.0467582446852,516.4254121122075,0.008374224500043,0.4088926088791141,0.0102254696996672,6.645731530958139,1.668221207093071,0.1882576557100072,1.7249664987001543e-09,1.8859057170268206e-11,0.0276566184639209,2.8518936358177277e+17,264716595847.5644,56335.05072575269,18098374936638.24,419181434729.0935,0.978229467,0.956911796,0.838539239634159,1.0053466584922028,8.525687005233824,10.80908784556643
SLCP Forward,2042,2191104569705.058,1541.6221671633673,526.4074436885223,0.0085316997057878,0.4154689745400098,0.0104177780422746,6.67488427676763,1.6962488569419798,0.191660531687649,1.7527606811010243e-09,1.9769821799990918e-11,0.0270271893635718,2.783243202173893e+17,219060483690.9821,58283.24199097441,18442818925776.53,427094499158.2514,0.977251238,0.954997973,0.8303064572925205,1.0061867235458712,8.417133157756638,8.944826462907553
SLCP Forward,2043,2261795997413.1265,1564.9952337016475,536.3915654070248,0.0086886015767065,0.4220224813614329,0.0106093838298831,6.688693855627869,1.7239897424359971,0.1950542454335017,1.7803334192201243e-09,2.068590892658773e-11,0.0262760476016064,2.7028722113368186e+17,182865154533.86243,60311.58581568082,18786583901942.07,434983068591.4539,0.976273987,0.953087977,0.8218067845230148,1.0069572325413336,8.306047019018852,7.466874197747
SLCP Forward,2044,2334975255873.304,1587.7730230672942,546.241741211638,0.0088427179462818,0.4284487603455316,0.010797584375234,6.682107917307087,1.7510741388275952,0.1983921583988116,1.8072298932678855e-09,2.160067159200101e-11,0.0253720808307581,2.6077306774302867e+17,156943280852.40436,62424.13367933618,19124893853501.62,442736451321.3897,0.975297713,0.951181801,0.8128652581351875,1.0076333234425814,8.190619496029187,6.408414644625882
SLCP Forward,2045,2410742126230.958,1609.8338936099049,555.9143739750402,0.0089933390106557,0.4347147701851609,0.0109815093990378,6.653731535963595,1.7783344994392074,0.2016648471843817,1.8333034134844123e-09,2.2511107740170092e-11,0.0243193394731478,2.4977539924973168e+17,141030949729.62976,64625.17498279492,19455893145443.312,450319131264.9947,0.974322415,0.949279437,0.8034471473534521,1.0081668417156076,8.070499508738981,5.758671532060112
SLCP Forward,2046,2489200819452.7744,1630.5504824427644,565.1913293047527,0.0091369209209708,0.4406456155349438,0.0111568355933742,6.594899905066578,1.8044278076499427,0.2048030697037086,1.8578265017799282e-09,2.340782098793937e-11,0.0230610415586735,2.3669307998019942e+17,133006034963.23473,66919.24971285992,19772215101643.06,457553769322.8129,0.973348092,0.947380878,0.7932909464235205,1.0085453825665558,7.943198052614244,5.4309927615417095
SLCP Forward,2047,2570459053711.674,1650.4359154896342,574.2514409056885,0.009276370561324,0.4463751835777843,0.0113271223480784,6.516537654409776,1.8299460900058868,0.2078775134492314,1.8813814760869637e-09,2.4298329813740053e-11,0.0216854468781305,2.2231864003998765e+17,130275675506.62384,69311.0971312731,20080131383105.254,464585840547.396,0.972374744,0.945486116,0.7826871732690052,1.0087882401051522,7.8118853339095535,5.31950486966252
SLCP Forward,2048,2654630411268.476,1669.5906333480102,583.1289888646113,0.0094122437728453,0.4519297268563785,0.0114930488505263,6.418967621427301,1.8551083892386864,0.2109071356537933,1.9040753035145606e-09,2.518347889976352e-11,0.0201980573650177,2.0669165698188387e+17,130785761713.44968,71805.79964979849,20380835999654.39,471443169186.8677,0.9714023699999998,0.943595144,0.7716807443807087,1.008929406700353,7.677466480132618,5.340333056126384
SLCP Forward,2049,2741833571124.7905,1689.0660458370644,592.1869747071456,0.0095504367328009,0.4575985882355673,0.0116618129510812,6.316707536778596,1.880870008583314,0.2140031998139075,1.9270991282513883e-09,2.6077602200901747e-11,0.0186952896598101,1.908083723491109e+17,133205530914.23396,74408.74243985453,20687054788026.11,478420824155.9766,0.970430967,0.941707954,0.7608077203727102,1.009003507149378,7.54497100257606,5.4391387157168944
SLCP Forward,2050,2832192539855.906,1709.6002520309908,601.6831379468754,0.0096951357563866,0.4635865733461148,0.0118385248593818,6.219948889904789,1.907926959560378,0.2172460942979674,1.951288797175158e-09,2.6991543810160875e-11,0.0172393512629407,1.7535648639011094e+17,136757052664.3,77125.6325935895,21007822647308.758,485728306108.196,0.969460536,0.939824538,0.7503987088276125,1.009036726420762,7.417512175347222,5.584156864121952
Full Breakthrough,2023,1076879935911.4612,1033.305238706694,332.8044410466621,0.0054070905200803,0.3244254312048217,0.0066021488204499,4.130005796386175,1.0874210156949042,0.1216700210396399,1.167576540911422e-09,2.030415604645131e-12,0.0236435183244092,2.4597726223552493e+17,678562873505.9171,31609.24973915726,11675765409115.186,270585525124.33804,1.0,1.0,1.0,1.0,10.842216499495764,27.707540152446864
Full Breakthrough,2024,1198283164085.4792,1083.1390056961206,349.73757586449307,0.005682230481559,0.3399110274068644,0.0069382133445546,4.3663556926120055,1.1430239220886371,0.1280590985500957,1.224927366794845e-09,2.9739543712157525e-12,0.0248287264552975,2.580456660354081e+17,731255194944.4557,32587.6111656414,12269887078239.896,284354277595.36255,0.9950099899999998,0.9752487529999998,0.9723569958228068,1.0,10.239555595863004,29.859108811723374
Full Breakthrough,2025,1291167587890.2134,1125.9662484649016,369.7994805291821,0.0060081972541328,0.349770015083037,0.0073363103974985,4.645117675855198,1.2092849477701633,0.1355376633570483,1.2791576955390942e-09,8.18456373428766e-12,0.0257155772547017,2.6707444856000102e+17,771977845278.5966,33593.315443485815,12973761288150.691,300666542019.7148,0.99401498,0.970372509,0.9593095380666468,1.0,10.048084702428138,31.52192373028439
Full Breakthrough,2026,1331554908457.5066,1131.320234481694,375.2236440441706,0.0060963253603835,0.3482330664784723,0.007443922540675,4.7431666950869005,1.2267167733770925,0.1375317883163411,1.2886775222826455e-09,1.1312307076086869e-11,0.025714669480316,2.670523281938059e+17,781238571913.868,34653.84037056577,13164060135693.748,305076712298.81226,0.993020965,0.965520647,0.9496587903429856,1.0,9.886231541846964,31.900064010435415
Full Breakthrough,2027,1373197396513.671,1138.5466273763982,381.2686965868402,0.0061945401033425,0.3445742478077581,0.0075638464230519,4.850182424606561,1.2462445275103504,0.1397483742786268,1.3000470020512675e-09,1.455070151539506e-11,0.0256111929874417,2.6597361076460637e+17,787686627804.7526,35748.500212074265,13376139495979.611,309991645329.7709,0.9920279440000002,0.960693044,0.941456499685592,1.0,9.740871581856693,32.16335540829635
Full Breakthrough,2028,1416126138540.413,1146.3059436614317,387.636882859218,0.0062980051598648,0.3409719460326577,0.0076901825066548,4.962426025495701,1.266989324667448,0.1420924310694045,1.3122125910892491e-09,1.7900929761920897e-11,0.0255303620034179,2.651255394604661e+17,794361057109.5299,36877.98167166586,13599556086382.398,315169318340.26416,0.991035916,0.955889578,0.9338261400750624,1.0,9.603350800656306,32.435890239153366
Full Breakthrough,2029,1460373395730.2527,1154.1933717511265,394.2008292498388,0.0064046510439572,0.3372974495885175,0.0078204037396782,5.078338791219455,1.2885266389583114,0.1445169650261293,1.324722361477897e-09,2.136385958285004e-11,0.0254631453328378,2.644148558394716e+17,801268036839.9216,38043.00885680331,13829841175911.686,320506168619.04254,0.99004488,0.95111013,0.9264348483298992,1.0,9.470071980458217,32.717920726944705
Full Breakthrough,2030,1505972111972.5562,1159.596679143557,400.0670712247431,0.0064999587570757,0.3328035061903396,0.0079367699692459,5.186098382341678,1.308280066461064,0.1467155204554252,1.334580784111846e-09,2.4888605039150675e-11,0.0253514049100385,2.6325702109094653e+17,800456921090.7189,39244.31123158254,14035643260400.37,325275625965.2461,0.9867428889476856,0.94635458,0.9192429995463808,1.0000060148706853,9.319988829020325,32.68480069773768
Full Breakthrough,2031,1552468975565.0745,1141.591087555688,406.5427645028104,0.0066051712939942,0.3200532853062002,0.0080652432385968,5.30344517609768,1.3292627520436675,0.1490844743553776,1.3223822627062792e-09,3.215427570079712e-11,0.024856968789961,2.581165871580256e+17,792729840787.6384,40482.29848861858,14262854478604.523,330540747650.5652,0.9852941851223314,0.941622807,0.912197557443311,1.000012741791033,9.187207411609029,32.369283306323965
Full Breakthrough,2032,1600284965430.5833,1122.6541688718671,413.10846947764657,0.0067118455272827,0.3068705861857373,0.0081954981277949,5.4232709642906665,1.3504702182068078,0.1514818780378106,1.3093920821741894e-09,3.9647213432207945e-11,0.024389487035164,2.5326296976290704e+17,780801611328.0591,41753.98446565004,14493245099279.914,335879016600.2724,0.9838472941292568,0.936914693,0.9052526279612102,1.00002768094916,9.056665164244835,31.882221738998155
Full Breakthrough,2033,1649463008568.6653,1102.7636445474816,419.76511704637136,0.0068199966826336,0.2932485640759757,0.0083275536641884,5.545629018123057,1.3719056099398983,0.1539086963738982,1.2955906949380534e-09,4.737208012247184e-11,0.0239505454319052,2.4871126417258502e+17,760886439729.2853,43060.590285711005,14726849690086.152,341291194749.4543,0.9824021757396952,0.932230119,0.8983907884332145,1.000061352097122,8.928269147948637,31.06903192526002
Full Breakthrough,2034,1700047623039.7517,1081.9430825931283,426.5318290389513,0.0069299355174343,0.2791919024395185,0.008461789649779,5.670816254096997,1.3936276713153697,0.1563723605321728,1.2810128714034075e-09,5.533596077771152e-11,0.0235426819343012,2.444867765064237e+17,727125111600.1514,44403.38073420794,14964340873125.031,346792833243.5067,0.9809587934017836,0.927568969,0.8916215262934332,1.0001381726576553,8.802306870891183,29.690466443324976
Full Breakthrough,2035,1752084968765.318,1059.0647399032548,432.98418599324623,0.0070342252268232,0.2644115331301289,0.0085891240372619,5.784453086745086,1.4139071853181655,0.1587033955404517,1.264347094941079e-09,6.34774767895607e-11,0.0230941139529805,2.398301835693942e+17,672478388398.5796,45783.67554996441,15190110686010.498,352015515139.26434,0.9795171111887838,0.922931124,0.8840168542569189,1.0003111745317192,8.669734035053597,27.459094323768543
Full Breakthrough,2036,1805623316895.9487,1032.2191870799395,438.8281360510455,0.0071280877421668,0.254256841298957,0.0087037203989984,5.879964875826886,1.432026496159435,0.1608082874173511,1.244835290754351e-09,7.173090631801366e-11,0.0227729325568864,2.364731243580898e+17,595683008224.1465,47202.87390084992,15393843877999.633,356720133232.0881,0.9773762305305672,0.918316468,0.875523559860441,1.0006738369437624,8.525501268151112,24.32333319862504
Full Breakthrough,2037,1860737204140.6868,1002.5173421319566,443.949775497796,0.007209672245733,0.2433280496694005,0.0088033224561318,5.946649633864462,1.4473157095074782,0.162611823339142,1.2223134402931736e-09,8.00431685873151e-11,0.022298025468415,2.314523962094641e+17,499038874396.889,48663.757383625314,15571547834656.9,360814074843.6145,0.9752405273214512,0.913724886,0.8653974349180165,1.0013273169600336,8.36848309369299,20.37709428242557
Full Breakthrough,2038,1917486791099.15,969.4301563115469,448.0100836760129,0.007273468924137,0.2315208970918934,0.0088812040462153,5.970640970832185,1.4586301083754591,0.163972435613667,1.1960539852729478e-09,8.830906677224303e-11,0.0216013035969174,2.240295773863837e+17,399924866297.8919,50168.29546550709,15711330795672.164,364021628120.9712,0.9731098890424016,0.909156262,0.8531415478463226,1.0022753827722597,8.193710052451546,16.33000378234539
Full Breakthrough,2039,1975935425167.4575,933.2186533265748,450.9897551525907,0.0073191621294072,0.2189312828430791,0.0089369777289424,5.9538096602672965,1.4660747662615667,0.1648878680015906,1.166269309175588e-09,9.646896442773166e-11,0.0207131632439541,2.145311669117016e+17,315587022980.00024,51718.59539058131,15812517775568.023,366327007682.8617,0.9709842105349306,0.90461048,0.8389547797341367,1.003367190523776,8.002547843499459,12.886263679047685
Full Breakthrough,2040,2036149737328.4504,895.6777340247967,453.6408076852746,0.007358970566263,0.2060061993256155,0.0089855629748923,5.918052020336076,1.4722383739954743,0.1656690317997363,1.135110226495701e-09,1.0464013986048939e-10,0.0197599276880178,2.0439911154204848e+17,251553557056.1789,53316.905816186816,15901499431650.451,368341666726.01385,0.9688633933037404,0.900087428,0.8243859648245234,1.0044189977455988,7.809592359604243,10.271605704882603
Full Breakthrough,2041,2098199264737.6265,857.4480782327312,455.8091618822182,0.0073903957148999,0.1940426095971109,0.0090239069306491,5.869283770891824,1.4767796002948728,0.166280322005734,1.0924728117981738e-09,1.0516001000871133e-10,0.0188258563870969,1.945268556418857e+17,203587491336.33136,54965.59662670988,15972884206496.137,369940535790.1251,0.9664522197883044,0.895586991,0.8094303061866164,1.0053524941989105,7.612663141645652,8.313022729334662
Full Breakthrough,2042,2162428614204.5037,818.5462127326253,457.8251288180751,0.0074188075725861,0.1818981578107701,0.0090585787383685,5.808707335099973,1.4806253802678968,0.1668421130808266,1.0489837184637586e-09,1.0563753080664387e-10,0.0178706511297039,1.8447886992691923e+17,165867148392.46603,56681.965800803766,16038278081233.637,371392340233.2094,0.964045067637758,0.891109056,0.7943563623798232,1.00619391995973,7.416789611403504,6.772800065395914
Full Breakthrough,2043,2228941976429.8105,778.7686559603952,459.54092205537165,0.00744180837957,0.169534215861717,0.0090866498667842,5.732892602432511,1.483386637917206,0.1673073018057101,1.0043673599314968e-09,1.0603841709016177e-10,0.0168818217522386,1.7413007959348752e+17,136391744314.0617,58470.325180733926,16092498192160.262,372577065225.7268,0.9616419166178464,0.8866535110000001,0.7788827862322374,1.0069654119134168,7.219792333013661,5.569240345435989
Full Breakthrough,2044,2297848752515.776,738.3999936039311,461.0786658877259,0.0074613858034062,0.1570220728369011,0.0091105462689834,5.64166354265431,1.4853321594257545,0.1677049115907663,9.58972995954347e-10,1.0639081881693266e-10,0.0158544718352452,1.6343429186457866e+17,115372968059.46416,60335.29530309146,16139817052909.094,373594153138.5244,0.9592427513803596,0.882220243,0.7633178000796083,1.0076421233108563,7.0238813739322845,4.710987396787922
Full Breakthrough,2045,2369263844522.927,697.5182554368852,462.623910372167,0.0074773082390433,0.1443743319880967,0.0091299801018148,5.535955245166851,1.4871521999471098,0.1680254845748798,9.129344013828832e-10,1.0669162834432729e-10,0.0147964322076154,1.5244356209470173e+17,102243716439.05028,62281.81080498216,16182117833568.65,374454472814.8289,0.956847559980244,0.877809142,0.7477808863433246,1.0081760477028878,6.830019320548519,4.174884876818528
Full Breakthrough,2046,2443308790555.729,655.6379485219572,463.79186049195806,0.0074834530042775,0.131526732384823,0.0091374764248966,5.406513349842002,1.487395099959605,0.1681658502382779,8.655386638608391e-10,1.0685308836080278e-10,0.0136714603569187,1.4076805515473318e+17,95079421870.5784,64315.19226490884,16206348542688.656,374850736617.49664,0.9536620838511392,0.873420096,0.7322242358644054,1.0085549247498804,6.632951432635958,3.882347534782292
Full Breakthrough,2047,2519882962257.368,613.338714697263,465.0990353972544,0.0074851772753062,0.1185847990437875,0.009139579468729,5.266770530948823,1.4867837506832686,0.1682130593263375,8.175483452113307e-10,1.0695143131200487e-10,0.012541051001247,1.2899011887095398e+17,91886552565.5442,66428.2567342393,16226592153876.955,375072040360.5516,0.9504885557186334,0.8690529960000001,0.7168058445688578,1.0087981818499931,6.439422940238783,3.7519741266209055
Full Breakthrough,2048,2599104779224.007,570.8141767264837,466.6702685963432,0.0074847648293034,0.1056027321895136,0.0091390781463369,5.118757262657979,1.4858275282206272,0.1682196352189092,7.691503350338141e-10,1.0701878044458602e-10,0.011411782922836,1.171700025613452e+17,91072843381.10806,68625.99952156807,16247561197275.05,375230902098.332,0.9473269536272584,0.864707731,0.7016977883516743,1.0089398451366296,6.251214390104716,3.71874820050489
Full Breakthrough,2049,2681098240137.716,528.2409867727986,468.6585096913792,0.0074849579845984,0.0926258381045649,0.0091393207154368,4.972044898991958,1.4850974882094692,0.1682465270641291,7.205233210189683e-10,1.0709392902096964e-10,0.0103301200860874,1.05790650797411e+17,91632628249.5628,70913.71518699983,16274956988728.578,375462773640.12,0.9441772697351554,0.860384192,0.6871047204029049,1.0090145330489892,6.070257607528999,3.7416057164772942
Full Breakthrough,2050,2765993192730.1387,485.7264244302841,471.207393691731,0.0074883472737989,0.0796796481111778,0.0091434688380125,4.8336683300127214,1.4851170083140914,0.1683501017500656,6.717683278762774e-10,1.0721362479377992e-10,0.009323426258561,9.516406187385362e+16,92990376971.44316,73297.03267319659,16314154663150.1,375895512118.942,0.9410395151797564,0.8560822709999999,0.6732080988180607,1.0090484111861546,5.898118153735375,3.7970462345151628
