Scenario,CY,RTK,MJ,Fuel (kg),CO2,H2O,OC,SO2,Sulphates,NOx,CO,HC,CH4,N2O,nvPM_mass,nvPM_num,ConEF,Stock,EnRoute,Payload,TechEff,AvoidancePenalty,CO2e,FuelEff
Baseline,2023,1.07688E+12,1.16658E+13,2.70355E+11,1005.358454,332.804441,0.005407091,0.324425431,0.006602149,4.130005796,1.087421016,0.121670021,1.16657978,0.00233316,0.023641291,2.46E+17,6.78563E+11,31609.24974,1,1,1,1,0,10.83296049
Baseline,2024,1.19828E+12,1.26722E+13,2.93678E+11,1088.815881,361.207261,0.005868554,0.351056879,0.007165608,4.508713363,1.181178275,0.132138111,1.263420609,0.002526841,0.02841943,2.66E+17,7.53574E+11,32587.61117,1,1,0.974696954,1,1123.870749,10.5753157
Baseline,2025,1.29119E+12,1.34932E+13,3.12705E+11,1162.845688,384.608379,0.00624876,0.374925628,0.00762988,4.828751157,1.260200037,0.140848006,1.349321987,0.002698644,0.030362208,2.84E+17,8.14095E+11,33593.34924,1,1,0.962141261,1,1200.283976,10.45020583
Baseline,2026,1.33175E+12,1.37838E+13,3.1944E+11,1187.890391,392.8922743,0.006383343,0.383000561,0.007794178,4.962618088,1.288649561,0.143915628,1.378382909,0.002756766,0.031015217,2.91E+17,8.37554E+11,34663.22549,1,1,0.952629686,1,1226.135004,10.35013911
Baseline,2027,1.37373E+12,1.40991E+13,3.26747E+11,1215.064091,401.8802718,0.006529365,0.391761927,0.00797245,5.107046956,1.319240024,0.147238346,1.409914239,0.002819828,0.031725013,2.97E+17,8.6176E+11,35776.06165,1,1,0.9444099,1,1254.183572,10.26338592
Baseline,2028,1.41718E+12,1.44293E+13,3.34398E+11,1243.515519,411.290771,0.006682254,0.400935258,0.008159113,5.258527922,1.351173944,0.15072452,1.442928196,0.002885856,0.032470899,3.04E+17,8.8674E+11,36933.92887,1,1,0.936657438,1,1283.551005,10.18165622
Baseline,2029,1.46217E+12,1.47703E+13,3.423E+11,1272.900582,421.0099893,0.00684016,0.410409613,0.008351907,5.415685443,1.384117514,0.154331835,1.477025507,0.002954051,0.033243414,3.12E+17,9.12521E+11,38139.01395,1,1,0.929060575,1,1313.882131,10.10162015
Baseline,2030,1.50874E+12,1.51217E+13,3.50446E+11,1303.190431,431.0284698,0.007002928,0.420175691,0.008550637,5.578513594,1.417988443,0.158046008,1.512172697,0.003024345,0.034039551,3.19E+17,9.39131E+11,39393.62663,1,1,0.921607076,1,1345.147174,10.02274838
Baseline,2031,1.55697E+12,1.54835E+13,3.58829E+11,1334.363968,441.339267,0.007170445,0.430226687,0.008755163,5.747004474,1.452768738,0.161861525,1.548345287,0.003096691,0.03485798,3.27E+17,9.66603E+11,40700.20738,1,1,0.914262034,1,1377.324357,9.944620088
Baseline,2032,1.60691E+12,1.58554E+13,3.67448E+11,1366.416532,451.9408392,0.007342685,0.4405611,0.008965454,5.921203766,1.488486661,0.165779338,1.585537865,0.003171076,0.035698684,3.35E+17,9.94965E+11,42061.3358,1,1,0.90698957,1,1410.408866,9.866973606
Baseline,2033,1.65865E+12,1.6238E+13,3.76315E+11,1399.389335,462.846816,0.00751987,0.451192217,0.00918178,6.101366163,1.525206275,0.169805508,1.623798253,0.003247597,0.036562835,3.43E+17,1.02425E+12,43479.73952,1,1,0.89978997,1,1444.443241,9.789891528
Baseline,2034,1.71224E+12,1.66322E+13,3.85451E+11,1433.363839,474.0841395,0.007702438,0.462146304,0.009404676,6.287932653,1.563027183,0.173950799,1.663220978,0.003326442,0.037452652,3.51E+17,1.0545E+12,44958.30383,1,1,0.892689393,1,1479.511568,9.713711125
Baseline,2035,1.76777E+12,1.70395E+13,3.9489E+11,1468.465371,485.6942559,0.007891063,0.473463768,0.009634965,6.481559783,1.602082846,0.17823078,1.703951463,0.003407903,0.038371554,3.60E+17,1.08574E+12,46500.08192,1,1,0.885739383,1,1515.743208,9.639006819
Baseline,2036,1.8253E+12,1.74618E+13,4.04676E+11,1504.853901,497.7300648,0.008086603,0.485196186,0.009873697,6.683086071,1.642532319,0.182664663,1.746175332,0.003492351,0.039323954,3.69E+17,1.118E+12,48108.30592,1,1,0.879007001,1,1553.303281,9.566490103
Baseline,2037,1.88493E+12,1.7901E+13,4.14855E+11,1542.709142,510.250994,0.008290025,0.497401503,0.010122051,6.893463653,1.684549758,0.187273898,1.790101117,0.003580202,0.040314833,3.78E+17,1.15134E+12,49786.39872,1,1,0.872561719,1,1592.377288,9.49688924
Baseline,2038,1.94674E+12,1.83592E+13,4.25473E+11,1582.193838,523.3108573,0.008502203,0.51013219,0.010381098,7.113591705,1.728291822,0.192077788,1.835917658,0.003671835,0.041348753,3.88E+17,1.18579E+12,51537.98662,1,1,0.866453067,1,1633.133209,9.430719012
Baseline,2039,2.01082E+12,1.88379E+13,4.36567E+11,1623.446319,536.9553948,0.008723881,0.523432848,0.010651745,7.344278874,1.773889587,0.19709269,1.883785472,0.003767571,0.042429635,3.98E+17,1.22138E+12,53366.91301,1,1,0.86070876,1,1675.713831,9.36826247
Baseline,2040,2.07725E+12,1.93378E+13,4.48152E+11,1666.529444,551.2053876,0.008955396,0.537323743,0.010934405,7.585999392,1.821401582,0.202326024,1.933777493,0.003867555,0.043559355,4.08E+17,1.25817E+12,55277.25294,1,1,0.855309883,1,1720.184034,9.309315417
Baseline,2041,2.14614E+12,1.98589E+13,4.60229E+11,1711.43939,566.0595676,0.009196727,0.551803643,0.011229054,7.838920682,1.870824314,0.207777508,1.98588929,0.003971779,0.044737967,4.20E+17,1.2962E+12,57273.32885,1,1,0.85020185,1,1766.539874,9.25330718
Baseline,2042,2.21759E+12,2.04001E+13,4.72773E+11,1758.084128,581.4874962,0.009447381,0.566842877,0.011535087,8.102791876,1.922071139,0.213436625,2.040014073,0.004080028,0.045963123,4.31E+17,1.33551E+12,59359.72751,1,1,0.845289416,1,1814.686359,9.199247399
Baseline,2043,2.2917E+12,2.096E+13,4.85748E+11,1806.336256,597.4470382,0.009706673,0.582400366,0.01185167,8.377177772,1.975028596,0.219289126,2.09600401,0.004192008,0.047231506,4.43E+17,1.37616E+12,61541.31811,1,1,0.84046828,1,1864.491983,9.14606615
Baseline,2044,2.36859E+12,2.15371E+13,4.99121E+11,1856.065081,613.8949708,0.0099739,0.598433973,0.012177942,8.661609944,2.0295835,0.225320688,2.153707451,0.004307415,0.048539711,4.55E+17,1.41819E+12,63823.27191,1,1,0.835643112,1,1915.821848,9.092793945
Baseline,2045,2.44837E+12,2.213E+13,5.12863E+11,1907.166559,630.7968839,0.010248503,0.614910152,0.012513223,8.955729598,2.085653025,0.231520386,2.213003665,0.004426007,0.04988504,4.68E+17,1.46166E+12,66211.0832,1,1,0.830740754,1,1968.568558,9.038698602
Baseline,2046,2.53116E+12,2.27387E+13,5.26969E+11,1959.623244,648.1470094,0.010530388,0.631823278,0.012857398,9.259579972,2.143243074,0.237887783,2.273872412,0.004547745,0.051267089,4.81E+17,1.50663E+12,68710.59204,1,1,0.825733856,1,2022.714108,8.983532042
Baseline,2047,2.61709E+12,2.3364E+13,5.4146E+11,2013.508568,665.9696334,0.01081995,0.649197027,0.013210947,9.573648211,2.20244634,0.24443276,2.336398896,0.004672798,0.052687849,4.94E+17,1.55315E+12,71328.00863,1,1,0.820637578,1,2078.334292,8.927478192
Baseline,2048,2.70629E+12,2.40078E+13,5.5638E+11,2068.990667,684.3203672,0.011118093,0.667085609,0.013574975,9.898896313,2.263444793,0.251175833,2.400778217,0.004801556,0.054151734,5.08E+17,1.60129E+12,74069.93971,1,1,0.815504774,1,2135.60266,8.871101231
Baseline,2049,2.79891E+12,2.46725E+13,5.71785E+11,2126.27635,703.2676181,0.011425928,0.685555705,0.013950838,10.2365071,2.326448307,0.258140791,2.467250348,0.004934501,0.055664006,5.22E+17,1.65111E+12,76943.41687,1,1,0.810399037,1,2194.732678,8.815048292
Baseline,2050,2.89508E+12,2.53605E+13,5.87729E+11,2185.570279,722.8790928,0.011744555,0.7046733,0.014339878,10.58768619,2.391653879,0.265349789,2.536052772,0.005072106,0.057229601,5.37E+17,1.70267E+12,79955.92728,1,1,0.805376831,1,2255.935599,8.759865202
Continuation,2023,1.07688E+12,1.16658E+13,2.70355E+11,1005.358454,332.804441,0.005407091,0.324425431,0.006602149,4.130005796,1.087421016,0.121670021,1.16657978,0.00233316,0.023641291,2.46E+17,6.78563E+11,31609.24974,1,1,1,1,0,10.83296049
Continuation,2024,1.19828E+12,1.24559E+13,2.88665E+11,1070.718456,355.0391012,0.005768365,0.3450636,0.007043387,4.432887453,1.16035492,0.130000817,1.242897657,0.002483703,0.027971569,2.62E+17,7.42346E+11,32587.61117,0.99500999,0.99003992,0.972346739,1,1105.203323,10.39477283
Continuation,2025,1.29117E+12,1.32101E+13,3.06145E+11,1134.230169,376.5370675,0.006117664,0.365469201,0.007469975,4.730205573,1.231322102,0.13800764,1.316808838,0.002631751,0.029658886,2.78E+17,7.97553E+11,33593.31544,0.99401498,0.98805984,0.959299688,1,1170.765837,10.23115657
Continuation,2026,1.33164E+12,1.34452E+13,3.11591E+11,1151.571696,383.2358159,0.006226501,0.370915394,0.007602874,4.844921954,1.252926561,0.140469749,1.337416362,0.002672151,0.030114183,2.82E+17,8.1669E+11,34658.46747,0.993020965,0.986083721,0.949640343,1,1188.678919,10.09668245
Continuation,2027,1.37343E+12,1.37043E+13,3.17598E+11,1170.897412,390.6236012,0.006346531,0.377003325,0.007749436,4.969642224,1.276851082,0.143179668,1.360361288,0.002717203,0.030620794,2.87E+17,8.36311E+11,35760.98158,0.992027944,0.984111553,0.941425491,1,1208.641035,9.978196048
Continuation,2028,1.41657E+12,1.39773E+13,3.23923E+11,1191.185035,398.4034262,0.006472931,0.383396982,0.007903777,5.100675114,1.302226201,0.146043177,1.384481145,0.002764488,0.031154299,2.92E+17,8.56371E+11,36902.23727,0.991035916,0.98214333,0.933777929,1,1229.597628,9.866955773
Continuation,2029,1.46112E+12,1.42596E+13,3.30465E+11,1212.02333,406.4500416,0.006603667,0.389970264,0.008063413,5.236517761,1.328636473,0.149014258,1.409279105,0.002813763,0.031704501,2.97E+17,8.76876E+11,38083.63039,0.99004488,0.980179043,0.926364657,1,1251.123879,9.759326504
Continuation,2030,1.50712E+12,1.45503E+13,3.37203E+11,1233.472486,414.7370026,0.006738306,0.396743081,0.008227814,5.376964255,1.355906432,0.15207316,1.434826399,0.002864528,0.032270893,3.02E+17,8.97898E+11,39306.59268,0.989054835,0.978218685,0.919147166,1,1273.28178,9.654380182
Continuation,2031,1.55461E+12,1.48486E+13,3.44116E+11,1253.40295,423.2399151,0.006876453,0.403022674,0.008396494,5.521813352,1.383835419,0.155207482,1.458475999,0.002923458,0.032802362,3.08E+17,9.18601E+11,40572.67478,0.98806578,0.976262248,0.912072292,1,1293.871601,9.551339425
Continuation,2032,1.60371E+12,1.51546E+13,3.51205E+11,1273.831333,431.9586628,0.007018106,0.409459013,0.008569452,5.671134018,1.412426392,0.158418622,1.482717338,0.002983889,0.033346761,3.13E+17,9.3986E+11,41886.74454,0.987077715,0.974309723,0.905085249,1,1314.975847,9.449679243
Continuation,2033,1.65448E+12,1.54681E+13,3.5847E+11,1294.758286,440.894267,0.007163282,0.416052253,0.008746709,5.825016361,1.441674012,0.161707637,1.507551382,0.003045827,0.033904265,3.18E+17,9.61694E+11,43250.98617,0.986090637,0.972361104,0.8981723,1,1336.595194,9.349254561
Continuation,2034,1.70697E+12,1.57898E+13,3.65923E+11,1316.222661,450.0607493,0.007312209,0.422814827,0.008928543,5.983722847,1.471619711,0.165080247,1.533023576,0.00310937,0.034476015,3.24E+17,9.84122E+11,44667.70635,0.985104546,0.970416382,0.8913462,1,1358.76976,9.250197757
Continuation,2035,1.76126E+12,1.6118E+13,3.7352E+11,1338.072963,459.4347031,0.007463934,0.429691034,0.009113796,6.140673089,1.5017529,0.168507055,1.55898796,0.003174282,0.035057913,3.29E+17,1.00716E+12,46139.3349,0.984119442,0.968475549,0.884567136,1,1381.344015,9.151441789
Continuation,2036,1.81741E+12,1.64516E+13,3.81233E+11,1360.138057,468.9823234,0.007617903,0.436648952,0.009301792,6.292864683,1.531931281,0.171971451,1.585318228,0.003240295,0.035647696,3.35E+17,1.03084E+12,47668.43615,0.983135322,0.966538598,0.877772368,1,1404.143314,9.052255586
Continuation,2037,1.8755E+12,1.67845E+13,3.8892E+11,1381.968616,478.5301614,0.00777129,0.443527828,0.009489082,6.430392232,1.561492203,0.17539783,1.611419595,0.003306174,0.036232895,3.41E+17,1.05518E+12,49258.08198,0.982152187,0.964605521,0.870674718,1,1426.701815,8.949354715
Continuation,2038,1.93561E+12,1.71099E+13,3.96427E+11,1403.192819,487.8860534,0.007920968,0.450219053,0.00967185,6.542706267,1.589751585,0.17870328,1.636815663,0.003371037,0.036804522,3.46E+17,1.08029E+12,50911.22118,0.981170035,0.96267631,0.862984213,1,1448.634498,8.839551211
Continuation,2039,1.99781E+12,1.74297E+13,4.03796E+11,1423.802604,497.1047169,0.008067818,0.456712774,0.009851172,6.631652293,1.616955557,0.181908554,1.661524609,0.003434759,0.037362568,3.52E+17,1.10611E+12,52631.05438,0.980188865,0.960750957,0.854824156,1,1469.933762,8.724407381
Continuation,2040,2.06219E+12,1.77544E+13,4.11269E+11,1444.655612,506.4840155,0.008216674,0.463285862,0.010032942,6.710507774,1.64432152,0.185153845,1.686540181,0.003499365,0.037927614,3.57E+17,1.13266E+12,54420.88774,0.979208676,0.958829455,0.846627539,1,1491.484832,8.609477193
Continuation,2041,2.12885E+12,1.80867E+13,4.18909E+11,1466.577331,516.0995864,0.008368758,0.470228607,0.010218655,6.786885461,1.672045363,0.18846808,1.71273021,0.003566163,0.038520876,3.63E+17,1.16027E+12,56284.21747,0.978229467,0.956911796,0.83851541,1,1514.137155,8.495996225
Continuation,2042,2.19782E+12,1.84219E+13,4.26608E+11,1488.595129,525.8217888,0.008521958,0.477206607,0.01040573,6.856192893,1.6997266,0.191806688,1.739038977,0.003633415,0.039116979,3.68E+17,1.18866E+12,58222.55793,0.977251238,0.954997973,0.8302743,1,1536.888912,8.381914942
Continuation,2043,2.2692E+12,1.87571E+13,4.34297E+11,1510.462505,535.5639411,0.00867486,0.484142429,0.010592439,6.915775791,1.727175814,0.195140007,1.765171886,0.003700485,0.039709348,3.74E+17,1.21785E+12,60239.63585,0.976273987,0.953087977,0.821766931,1,1559.485412,8.265951469
Continuation,2044,2.34309E+12,1.9088E+13,4.41879E+11,1531.845637,545.2072007,0.008825528,0.490930703,0.010776417,6.961816145,1.75407974,0.198428404,1.790731825,0.003766509,0.040288869,3.80E+17,1.24789E+12,62339.38883,0.975297713,0.951181801,0.81281895,1,1581.5818,8.14651949
Continuation,2045,2.41959E+12,1.94139E+13,4.49342E+11,1552.714665,554.7394036,0.008973759,0.497563552,0.010957411,6.990251026,1.781366371,0.20167509,1.8156764,0.003831363,0.040855609,3.85E+17,1.2788E+12,64525.98331,0.974322415,0.949279437,0.803395635,1,1603.147025,8.023663641
Continuation,2046,2.49879E+12,1.9728E+13,4.56523E+11,1572.505492,563.9573854,0.009116248,0.503860286,0.011131391,6.997091858,1.807742892,0.204817001,1.8393335,0.003893599,0.041394591,3.90E+17,1.31061E+12,66803.8269,0.973348092,0.947380878,0.793237293,1,1623.598315,7.895011886
Continuation,2047,2.58082E+12,2.00362E+13,4.63561E+11,1591.693556,573.032829,0.009255784,0.509976325,0.011301769,6.990511602,1.833777943,0.20792248,1.862257604,0.003954362,0.041922,3.95E+17,1.34335E+12,69177.51739,0.972374744,0.945486116,0.782633225,1,1643.426504,7.76350983
Continuation,2048,2.66578E+12,2.03393E+13,4.7047E+11,1610.333252,581.9848531,0.009392672,0.515930754,0.011468922,6.970664452,1.859640988,0.211004888,1.884505022,0.004013744,0.042439744,4.00E+17,1.37705E+12,71651.98375,0.97140237,0.943595144,0.771629045,1,1662.68754,7.629759121
Continuation,2049,2.7538E+12,2.06492E+13,4.7753E+11,1629.382086,591.1556124,0.009532469,0.522032191,0.011639632,6.949057596,1.886223729,0.214167964,1.907188252,0.004074079,0.042972134,4.06E+17,1.41174E+12,74232.44551,0.970430967,0.941707954,0.760758368,1,1682.36983,7.498426218
Continuation,2050,2.84499E+12,2.09743E+13,4.84936E+11,1649.507942,600.7868652,0.0096791,0.528496342,0.011818688,6.933817029,1.91417354,0.217486252,1.931082097,0.004137009,0.043536141,4.11E+17,1.44748E+12,76924.43101,0.969460536,0.939824538,0.750350426,1,1703.162778,7.372365265
GHG Forward,2023,1.07688E+12,1.16658E+13,2.70355E+11,1005.358454,332.804441,0.005407091,0.324425431,0.006602149,4.130005796,1.087421016,0.121670021,1.16657978,0.00233316,0.023641291,2.46E+17,6.78563E+11,31609.24974,1,1,1,1,0,10.83296049
GHG Forward,2024,1.19828E+12,1.22699E+13,2.84354E+11,1054.730232,349.7375759,0.00568223,0.339911027,0.006938213,4.366178316,1.143023922,0.128059099,1.224338412,0.002446615,0.027553791,2.58E+17,7.31255E+11,32587.61117,0.99500999,0.975248753,0.972356996,1,1088.700163,10.2395556
GHG Forward,2025,1.29117E+12,1.29738E+13,3.00667E+11,1095.951937,369.7994805,0.006008197,0.352252022,0.00733631,4.644651792,1.209284948,0.135537663,1.27500725,0.002549781,0.028638666,2.69E+17,7.75012E+11,33593.31544,0.99401498,0.970372509,0.959309538,1,1131.328224,10.0480847
GHG Forward,2026,1.33156E+12,1.31641E+13,3.05077E+11,1100.698967,375.2238036,0.006096328,0.35323866,0.007443926,4.742345818,1.226717368,0.137531851,1.282361081,0.002564367,0.028762477,2.70E+17,7.87315E+11,34653.872,0.993020965,0.965520647,0.949658731,1,1136.279261,9.886231388
GHG Forward,2027,1.3732E+12,1.33761E+13,3.09992E+11,1106.850623,381.268892,0.006194543,0.354681849,0.00756385,4.848944209,1.246245218,0.139748451,1.291489323,0.002582497,0.028927039,2.72E+17,7.9981E+11,35748.53912,0.992027944,0.960693044,0.941456436,1,1142.684155,9.74087145
GHG Forward,2028,1.41612E+12,1.35995E+13,3.15169E+11,1113.490764,387.6365761,0.006298,0.356286867,0.007690176,4.960715242,1.266988132,0.142092309,1.301334951,0.002602058,0.029111,2.74E+17,8.12495E+11,36877.91808,0.991035916,0.955889578,0.933826266,1,1149.597436,9.603351177
GHG Forward,2029,1.46037E+12,1.38298E+13,3.20505E+11,1120.222714,394.1989099,0.00640462,0.357926755,0.007820366,5.0760993,1.288519535,0.144516201,1.311443031,0.002622139,0.02930419,2.76E+17,8.25368E+11,38042.6105,0.99004488,0.95111013,0.926435534,1,1156.609809,9.470073685
GHG Forward,2030,1.50595E+12,1.40354E+13,3.25269E+11,1124.504759,400.0594787,0.006499835,0.358790914,0.007936619,5.183239166,1.308253276,0.146712593,1.318840217,0.002636796,0.029438624,2.78E+17,8.36172E+11,39243.21655,0.986742886,0.94635458,0.919244725,1,1161.097058,9.319937287
GHG Forward,2031,1.55243E+12,1.42623E+13,3.30528E+11,1105.75607,406.526847,0.006604913,0.351513452,0.008064927,5.299889737,1.329206999,0.149078346,1.301574413,0.002651488,0.029041242,2.75E+17,8.38738E+11,40480.01127,0.985294177,0.941622807,0.912200851,1,1141.882751,9.187097876
GHG Forward,2032,1.60021E+12,1.44922E+13,3.35855E+11,1086.05373,413.0790834,0.006711368,0.343890499,0.008194915,5.418901701,1.350368572,0.151470646,1.283344396,0.002665839,0.028653253,2.72E+17,8.41478E+11,41750.12228,0.983847279,0.936914693,0.90525767,1,1121.688472,9.056424796
GHG Forward,2033,1.64935E+12,1.4725E+13,3.41248E+11,1065.36497,419.7124106,0.00681914,0.335910851,0.008326508,5.540257115,1.371725663,0.153888767,1.264114654,0.002679807,0.028275355,2.69E+17,8.44421E+11,43054.7204,0.982402151,0.932230119,0.898397711,1,1100.480476,8.92773503
GHG Forward,2034,1.69989E+12,1.49609E+13,3.46714E+11,1043.687945,426.4351295,0.006928364,0.327573065,0.008459871,5.664098214,1.393301905,0.156336272,1.243886333,0.002693428,0.027909036,2.67E+17,8.47592E+11,44395.01881,0.980958755,0.927568969,0.891630412,1,1078.256959,8.801110871
GHG Forward,2035,1.75187E+12,1.51836E+13,3.51866E+11,1019.885588,432.7996888,0.007031228,0.318514615,0.008585463,5.778483215,1.413293355,0.15863544,1.221329583,0.002703839,0.027523347,2.64E+17,8.51022E+11,45772.28415,0.979517055,0.922931124,0.884028439,1,1053.843901,8.667080397
GHG Forward,2036,1.80535E+12,1.53813E+13,3.56429E+11,992.878887,438.4703252,0.007122275,0.308536969,0.008696622,5.876399902,1.430847778,0.160677918,1.195629713,0.002709014,0.027101782,2.61E+17,8.53883E+11,47187.8622,0.977376122,0.918316468,0.875538775,1,1026.139576,8.519857473
GHG Forward,2037,1.86039E+12,1.55484E+13,3.60277E+11,962.8378694,443.2884746,0.007198933,0.297603879,0.008790207,5.949090997,1.445152961,0.162372761,1.16656618,0.002708103,0.026639456,2.57E+17,8.57069E+11,48644.79973,0.975240348,0.913724886,0.865417466,1,995.3077816,8.357588981
GHG Forward,2038,1.91706E+12,1.56728E+13,3.6313E+11,929.2887084,446.9121721,0.007255645,0.285582193,0.008859438,5.98523739,1.455057467,0.163577587,1.133513232,0.002699192,0.026122321,2.53E+17,8.60614E+11,50145.05878,0.973109622,0.909156262,0.853168093,1,960.8571476,8.175458047
GHG Forward,2039,1.97542E+12,1.57564E+13,3.65027E+11,892.6586721,449.3885837,0.00729318,0.272619059,0.008905248,5.987037362,1.46088362,0.164313959,1.096925231,0.002682785,0.025559461,2.49E+17,8.64553E+11,51690.74238,0.970983837,0.90461048,0.8389893,1,923.2274386,7.976209923
GHG Forward,2040,2.03555E+12,1.58282E+13,3.66643E+11,854.8452675,451.5489233,0.007325043,0.259306513,0.008944131,5.974006801,1.46547535,0.164920517,1.059079231,0.002664001,0.0250027,2.44E+17,8.6892E+11,53284.09573,0.968862894,0.900087428,0.82442834,1,884.3794948,7.775890668
GHG Forward,2041,2.0975E+12,1.58841E+13,3.67884E+11,816.3018161,453.2750096,0.007349318,0.246937094,0.008973745,5.950196982,1.468603906,0.165373531,1.015382997,0.0027622,0.024503198,2.40E+17,8.74599E+11,54927.48359,0.966451584,0.895586991,0.809480287,1,844.6743141,7.572875294
GHG Forward,2042,2.16162E+12,1.59352E+13,3.69006E+11,777.2211539,454.8829233,0.007371145,0.234402397,0.009000376,5.917461467,1.471147694,0.16578732,0.971030727,0.002859976,0.024021074,2.36E+17,8.80818E+11,56637.79791,0.964044271,0.891109056,0.794414454,1,804.4139632,7.371898085
GHG Forward,2043,2.22801E+12,1.59761E+13,3.69882E+11,737.3874675,456.216268,0.007387983,0.2216395,0.009020923,5.872492609,1.472687386,0.1661115,0.925741674,0.002956195,0.023548598,2.32E+17,8.87612E+11,58419.28793,0.961640934,0.886653511,0.778949279,1,763.3746824,7.170575036
GHG Forward,2044,2.29677E+12,1.60114E+13,3.70621E+11,697.0861604,457.4090089,0.007402014,0.208736783,0.009038047,5.81567142,1.473533444,0.166380362,0.87986058,0.003051542,0.023092975,2.28E+17,8.95019E+11,60276.50343,0.959241556,0.882220243,0.763392006,1,721.8514392,6.971244576
GHG Forward,2045,2.36803E+12,1.60438E+13,3.71254E+11,656.4165568,458.6693762,0.007413395,0.195713638,0.009051938,5.748748537,1.474449823,0.166594505,0.833554894,0.003146279,0.022654963,2.25E+17,9.03086E+11,62214.30011,0.956846124,0.877809142,0.747861492,1,679.948184,6.775153514
GHG Forward,2046,2.44191E+12,1.60607E+13,3.71482E+11,614.9256779,459.6238178,0.00741619,0.182438267,0.009055344,5.663381476,1.474023153,0.166655371,0.78617132,0.003237491,0.022218101,2.21E+17,9.10641E+11,64237.91124,0.953660172,0.873420096,0.73230964,1,637.1933729,6.577110401
GHG Forward,2047,2.51829E+12,1.60758E+13,3.71585E+11,573.1294087,460.7769387,0.007415585,0.169075337,0.009054604,5.571250703,1.472946062,0.166646814,0.738380986,0.003327171,0.021798006,2.18E+17,9.18824E+11,66340.26481,0.950486099,0.869052996,0.716893987,1,594.121689,6.383592864
GHG Forward,2048,2.59731E+12,1.60931E+13,3.71664E+11,531.178316,462.2373326,0.007413599,0.15568557,0.009052181,5.474212083,1.471674185,0.166615334,0.690305346,0.003415727,0.021400989,2.14E+17,9.27679E+11,68526.28545,0.947323877,0.864707731,0.701786777,1,550.8871148,6.196077132
GHG Forward,2049,2.67908E+12,1.61179E+13,3.71838E+11,489.2090574,464.1406544,0.007412688,0.14232361,0.009051076,5.380151661,1.470721412,0.166615278,0.642058438,0.003503893,0.021033989,2.11E+17,9.37249E+11,70801.18973,0.944173497,0.860384192,0.68719298,1,507.6296098,6.016208256
GHG Forward,2050,2.76374E+12,1.6155E+13,3.72226E+11,447.300018,466.6170418,0.00741522,0.129024835,0.009054178,5.294737203,1.470566353,0.166697793,0.593690283,0.0035925,0.020702899,2.09E+17,9.47578E+11,73170.52085,0.941034965,0.856082271,0.673294412,1,464.4291461,5.84534456
SLCP Forward,2023,1.07688E+12,1.16658E+13,2.70355E+11,1005.358454,332.804441,0.005407091,0.324425431,0.006602149,4.130005796,1.087421016,0.121670021,1.16657978,0.00233316,0.023641291,2.46E+17,6.78563E+11,31609.24974,1,1,1,1,0,10.83296049
SLCP Forward,2024,1.19828E+12,1.24559E+13,2.88665E+11,1070.718456,355.0391012,0.005768365,0.3450636,0.007043387,4.432361131,1.16035492,0.130000817,1.242897657,0.002483703,0.027971569,2.62E+17,7.42346E+11,32587.61117,0.99500999,0.99003992,0.972346739,1,1105.203323,10.39477283
SLCP Forward,2025,1.29117E+12,1.32101E+13,3.06145E+11,1134.230169,376.5370675,0.006117664,0.365469201,0.007469975,4.729273019,1.231322102,0.13800764,1.316808838,0.002631751,0.029658886,2.78E+17,7.97553E+11,33593.31544,0.99401498,0.98805984,0.959299688,1,1170.765837,10.23115657
SLCP Forward,2026,1.33164E+12,1.34452E+13,3.11591E+11,1151.571696,383.2358159,0.006226501,0.370915394,0.007602874,4.843600297,1.252926561,0.140469749,1.337416362,0.002672151,0.030114183,2.82E+17,8.1669E+11,34658.46747,0.993020965,0.986083721,0.949640343,1,1188.678919,10.09668245
SLCP Forward,2027,1.37343E+12,1.37043E+13,3.17598E+11,1171.274991,390.6236012,0.006346531,0.374414445,0.007749436,4.967903097,1.276851082,0.143179668,1.360361288,0.002714771,0.030451488,2.85E+17,8.33061E+11,35760.98158,0.992027944,0.984111553,0.941425491,1,1209.017951,9.978196048
SLCP Forward,2028,1.41658E+12,1.39773E+13,3.23923E+11,1191.950687,398.4035608,0.006472934,0.378150165,0.00790378,5.098480825,1.302226705,0.14604323,1.384481612,0.002759561,0.030813273,2.89E+17,8.49787E+11,36902.26415,0.991035916,0.98214333,0.933777883,1,1230.361947,9.866955657
SLCP Forward,2029,1.46113E+12,1.42596E+13,3.30466E+11,1213.798325,406.4507491,0.006603678,0.377815125,0.008063427,5.233829525,1.328639092,0.149014539,1.409281559,0.00280235,0.030923397,2.90E+17,8.61716E+11,38083.77341,0.99004488,0.980179043,0.926364417,1,1252.895825,9.759325925
SLCP Forward,2030,1.50713E+12,1.45505E+13,3.37207E+11,1236.295841,414.7421812,0.00673839,0.377495097,0.008227917,5.373777923,1.355924455,0.152075124,1.434844295,0.002846479,0.031048047,2.91E+17,8.67759E+11,39307.1484,0.989054835,0.978218685,0.91914629,1.000006015,1276.100695,9.654435431
SLCP Forward,2031,1.55415E+12,1.48417E+13,3.43956E+11,1256.694375,423.0428919,0.006873255,0.37631689,0.008392599,5.515576955,1.382805873,0.155110185,1.457804159,0.002897198,0.031124528,2.92E+17,8.7354E+11,40573.77016,0.98806578,0.976262248,0.91207133,1.000012741,1297.137583,9.549731968
SLCP Forward,2032,1.60276E+12,1.51406E+13,3.50881E+11,1277.626948,431.55966,0.007011629,0.375115008,0.008561565,5.661755577,1.410339054,0.158221496,1.481365821,0.002949247,0.031214507,2.93E+17,8.74262E+11,41888.94651,0.987077715,0.974309723,0.905084065,1.000027677,1318.725243,9.446547657
SLCP Forward,2033,1.65303E+12,1.54472E+13,3.57986E+11,1299.109265,440.298475,0.00715361,0.373890551,0.008734933,5.812461822,1.438534347,0.161411878,1.505547154,0.003002664,0.031318496,2.94E+17,8.65336E+11,43254.96438,0.986090637,0.972361104,0.898170769,1.000061341,1340.879875,9.344830011
SLCP Forward,2034,1.705E+12,1.57626E+13,3.65293E+11,1321.214224,449.2848494,0.007299613,0.372660365,0.008913209,5.968104095,1.467469929,0.164691137,1.530432247,0.00305762,0.031438302,2.95E+17,8.3953E+11,44674.24196,0.985104546,0.970416382,0.891344211,1.000138138,1363.676711,9.244926302
SLCP Forward,2035,1.75876E+12,1.6086E+13,3.72777E+11,1343.863985,458.5209251,0.007449105,0.37139131,0.009095748,6.120386612,1.496720478,0.168039122,1.55596072,0.003114054,0.03151175,2.96E+17,7.87848E+11,46149.33009,0.984119442,0.968475549,0.884564753,1.000311072,1387.036253,9.146238466
SLCP Forward,2036,1.81437E+12,1.64179E+13,3.80451E+11,1365.928159,468.0191701,0.007602284,0.377571968,0.009282791,6.265944449,1.526294461,0.171455789,1.582159471,0.003179043,0.031919117,3.00E+17,7.10664E+11,47682.92405,0.983135322,0.966538598,0.877769878,1.000673547,1409.830776,9.048842797
SLCP Forward,2037,1.87189E+12,1.6754E+13,3.88213E+11,1388.16305,477.6579193,0.007757166,0.383806818,0.00947192,6.392724932,1.555696689,0.174883991,1.608602125,0.003244873,0.032156351,3.02E+17,6.06102E+11,49277.73061,0.982152187,0.964605521,0.870673475,1.001326594,1432.802878,8.950297113
SLCP Forward,2038,1.93141E+12,1.70879E+13,3.95918E+11,1410.216829,487.2560723,0.007910802,0.390016984,0.009659535,6.487292662,1.58427875,0.178244836,1.63484059,0.00331075,0.032123892,3.00E+17,4.94381E+11,50936.75395,0.981170035,0.96267631,0.862986404,1.002273851,1455.588328,8.847360993
SLCP Forward,2039,1.99301E+12,1.74193E+13,4.03555E+11,1431.89332,496.8035937,0.008063024,0.39613645,0.009845429,6.550905935,1.612074962,0.18153603,1.660674363,0.003376115,0.031831495,2.96E+17,3.9696E+11,52663.25173,0.980188865,0.960750957,0.854832634,1.003364443,1477.985342,8.740207418
SLCP Forward,2040,2.05676E+12,1.77555E+13,4.11297E+11,1453.80289,506.5102153,0.00821723,0.402340135,0.010033748,6.598621928,1.640016542,0.184866622,1.686804807,0.003442364,0.031397075,2.91E+17,3.2185E+11,54460.59188,0.979208676,0.958829455,0.846643367,1.004414752,1500.623746,8.632771062
SLCP Forward,2041,2.12276E+12,1.80979E+13,4.19171E+11,1476.664346,516.4126848,0.008374018,0.40888253,0.010225217,6.639963857,1.668177084,0.188252634,1.713974607,0.003510535,0.030913715,2.85E+17,2.6471E+11,56332.33853,0.978229467,0.956911796,0.838539643,1.00534667,1524.242831,8.525669996
SLCP Forward,2042,2.19105E+12,1.84424E+13,4.27084E+11,1499.544755,526.3942151,0.008531485,0.415458521,0.010417515,6.669225654,1.696203043,0.191655315,1.741176525,0.003578997,0.030328788,2.78E+17,2.19054E+11,58280.4001,0.977251238,0.954997973,0.830306698,1.006186736,1547.881822,8.417114381
SLCP Forward,2043,2.26174E+12,1.87861E+13,4.34972E+11,1522.228231,536.3778309,0.008688378,0.422011649,0.010609111,6.683187641,1.723942195,0.195048831,1.768153113,0.003647191,0.029621855,2.70E+17,1.8286E+11,60308.60763,0.976273987,0.953087977,0.821806875,1.006957246,1571.317678,8.306026611
SLCP Forward,2044,2.33492E+12,1.91244E+13,4.42725E+11,1544.332902,546.2275006,0.008842486,0.428437549,0.010797302,6.676803743,1.751024854,0.198386547,1.79445359,0.003714154,0.028760993,2.61E+17,1.56939E+11,62421.01221,0.975297713,0.951181801,0.812865209,1.007633336,1594.156004,8.190597605
SLCP Forward,2045,2.41068E+12,1.94554E+13,4.50307E+11,1565.740782,555.8996328,0.008993099,0.434703184,0.010981217,6.648683111,1.77828352,0.201659041,1.819933161,0.003779548,0.027750008,2.50E+17,1.41027E+11,64621.90283,0.974322415,0.949279437,0.803446973,1.008166854,1616.27478,8.070476329
SLCP Forward,2046,2.48914E+12,1.97717E+13,4.57541E+11,1585.842052,565.1761014,0.009136673,0.440633666,0.011156533,6.590161945,1.804375182,0.204797074,1.843869962,0.003841839,0.026530767,2.37E+17,1.33002E+11,66915.81904,0.973348092,0.947380878,0.793290663,1.008545395,1637.044137,7.943173817
SLCP Forward,2047,2.5704E+12,2.00796E+13,4.64573E+11,1605.13586,574.2357446,0.009276115,0.446362885,0.011326811,6.512161649,1.829891882,0.207871335,1.86684182,0.0039022,0.025192602,2.22E+17,1.30271E+11,69307.49964,0.972374744,0.945486116,0.782686807,1.008788252,1656.979258,7.811860374
SLCP Forward,2048,2.65457E+12,2.03803E+13,4.7143E+11,1623.72019,583.1128524,0.009411981,0.4519171,0.011492728,6.414998248,1.855052692,0.210900787,1.888955264,0.003960822,0.023741236,2.07E+17,1.30781E+11,71802.02655,0.97140237,0.943595144,0.771680333,1.008929419,1676.181078,7.677441243
SLCP Forward,2049,2.74177E+12,2.06865E+13,4.78407E+11,1642.617992,592.1704302,0.009550168,0.457585657,0.011661484,6.313178846,1.880812925,0.213996692,1.911392984,0.004020149,0.022275355,1.91E+17,1.33201E+11,74404.78439,0.970430967,0.941707954,0.76080732,1.009003519,1695.705382,7.544946055
SLCP Forward,2050,2.83212E+12,2.10072E+13,4.85715E+11,1662.547382,601.6662164,0.00969486,0.463573362,0.011838189,6.216881556,1.907868586,0.217239439,1.934984345,0.004081913,0.020858755,1.75E+17,1.36752E+11,77121.47969,0.969460536,0.939824538,0.750398378,1.009036739,1716.293319,7.417488104
Full Breakthrough,2023,1.07688E+12,1.16658E+13,2.70355E+11,1005.358454,332.804441,0.005407091,0.324425431,0.006602149,4.130005796,1.087421016,0.121670021,1.16657978,0.00233316,0.023641291,2.46E+17,6.78563E+11,31609.24974,1,1,1,1,0,10.83296049
Full Breakthrough,2024,1.19828E+12,1.22699E+13,2.84354E+11,1054.730232,349.7375759,0.00568223,0.339911027,0.006938213,4.366178316,1.143023922,0.128059099,1.224338412,0.002446615,0.027553791,2.58E+17,7.31255E+11,32587.61117,0.99500999,0.975248753,0.972356996,1,1088.700163,10.2395556
Full Breakthrough,2025,1.29117E+12,1.29738E+13,3.00667E+11,1095.951937,369.7994805,0.006008197,0.352252022,0.00733631,4.644651792,1.209284948,0.135537663,1.27500725,0.002549781,0.028638666,2.69E+17,7.75012E+11,33593.31544,0.99401498,0.970372509,0.959309538,1,1131.328224,10.0480847
Full Breakthrough,2026,1.33156E+12,1.31641E+13,3.05077E+11,1100.698967,375.2238036,0.006096328,0.35323866,0.007443926,4.742345818,1.226717368,0.137531851,1.282361081,0.002564367,0.028762477,2.70E+17,7.87315E+11,34653.872,0.993020965,0.965520647,0.949658731,1,1136.279261,9.886231388
Full Breakthrough,2027,1.3732E+12,1.33761E+13,3.09992E+11,1107.219157,381.268892,0.006194543,0.352154993,0.00756385,4.848944209,1.246245218,0.139748451,1.291489323,0.002580123,0.028768071,2.70E+17,7.96748E+11,35748.53912,0.992027944,0.960693044,0.941456436,1,1143.05204,9.74087145
Full Breakthrough,2028,1.41613E+12,1.35995E+13,3.15169E+11,1114.235688,387.636704,0.006298002,0.351181919,0.007690179,4.960716853,1.266988609,0.14209236,1.30133538,0.002597263,0.028794903,2.71E+17,8.06366E+11,36877.94419,0.991035916,0.955889578,0.933826221,1,1150.341063,9.603351068
Full Breakthrough,2029,1.46037E+12,1.38298E+13,3.20505E+11,1121.944014,394.1995767,0.006404631,0.346138229,0.007820379,5.076107757,1.288521996,0.144516466,1.31144525,0.00261107,0.028589777,2.69E+17,8.11429E+11,38042.74843,0.99004488,0.95111013,0.926435303,1,1158.328147,9.470073148
Full Breakthrough,2030,1.50596E+12,1.40355E+13,3.25273E+11,1127.226509,400.0643849,0.006499915,0.340228146,0.007936717,5.183302217,1.30827031,0.146714452,1.318856392,0.002619388,0.028338045,2.67E+17,8.08726E+11,39243.74801,0.986742887,0.94635458,0.919243885,1.000006015,1163.814495,9.319990741
Full Breakthrough,2031,1.55245E+12,1.42627E+13,3.30537E+11,1109.503531,406.5384242,0.006605101,0.326044849,0.008065157,5.300039425,1.329247164,0.149082749,1.301611483,0.002627631,0.027602055,2.61E+17,7.99041E+11,40481.38201,0.985294182,0.941622807,0.912198853,1.000012742,1145.624707,9.187209572
Full Breakthrough,2032,1.60026E+12,1.4493E+13,3.35874E+11,1090.856796,413.1026281,0.006711751,0.311402246,0.008195382,5.419208298,1.350449433,0.151479558,1.283417549,0.002635456,0.026907129,2.55E+17,7.85274E+11,41752.74373,0.983847289,0.936914693,0.90525419,1.000027681,1126.485233,9.056666792
Full Breakthrough,2033,1.64943E+12,1.47266E+13,3.41285E+11,1071.263953,419.7579745,0.006819881,0.296293866,0.008327412,5.540854838,1.371880349,0.153905862,1.264251894,0.002642851,0.02625481,2.50E+17,7.63659E+11,43059.06536,0.982402169,0.932230119,0.898392479,1.000061352,1106.373103,8.92826956
Full Breakthrough,2034,1.70002E+12,1.49641E+13,3.46786E+11,1050.747146,426.5236352,0.006929802,0.280724808,0.008461627,5.665267907,1.393598826,0.156369112,1.244144514,0.002649918,0.02564765,2.45E+17,7.28378E+11,44401.62332,0.980958785,0.927568969,0.891623217,1.000138173,1085.311304,8.802305552
Full Breakthrough,2035,1.75205E+12,1.51898E+13,3.52008E+11,1028.209721,432.9752577,0.00703408,0.264406116,0.008588947,5.778899659,1.413875878,0.158699858,1.221825051,0.002653989,0.025011706,2.40E+17,6.72464E+11,45781.74948,0.979517102,0.922931124,0.884018443,1.000311175,1062.167901,8.669730795
Full Breakthrough,2036,1.80559E+12,1.53935E+13,3.56713E+11,1001.621179,438.8188213,0.007127936,0.254251477,0.008703536,5.874425127,1.431993947,0.160804599,1.196580039,0.002659945,0.024590331,2.36E+17,5.9567E+11,47200.85554,0.977376216,0.918316468,0.875524908,1.000673838,1034.894321,8.525495573
Full Breakthrough,2037,1.8607E+12,1.55712E+13,3.60806E+11,972.233697,443.9400743,0.007209515,0.243322762,0.00880313,5.941140509,1.447281858,0.162607985,1.168280978,0.002660686,0.024014701,2.31E+17,4.99028E+11,48661.64307,0.975240507,0.913724886,0.865398531,1.001327319,1004.737307,8.368474842
Full Breakthrough,2038,1.91745E+12,1.5711E+13,3.64013E+11,939.5374036,448.000005,0.007273305,0.231515716,0.008881004,5.965180118,1.45859499,0.16396845,1.136272295,0.002654324,0.023216047,2.24E+17,3.99916E+11,50166.08152,0.973109864,0.909156262,0.853142378,1.002275387,971.1686404,8.193699182
Full Breakthrough,2039,1.97589E+12,1.58122E+13,3.66319E+11,903.7898066,450.9793111,0.007318992,0.218926236,0.00893677,5.948412393,1.466038422,0.164883741,1.100807875,0.00264094,0.022225428,2.15E+17,3.15579E+11,51716.27794,0.97098418,0.90461048,0.838955336,1.003367197,934.4527574,8.002534333
Full Breakthrough,2040,2.03611E+12,1.59011E+13,3.68333E+11,866.7330627,453.6300025,0.007358795,0.206001312,0.008985348,5.912737318,1.472200816,0.165664765,1.063959776,0.002625085,0.021172153,2.04E+17,2.51547E+11,53314.48078,0.968863357,0.900087428,0.824386255,1.004419007,896.3894167,7.809576327
Full Breakthrough,2041,2.09815E+12,1.59725E+13,3.69931E+11,828.760085,455.7980046,0.007390214,0.194037876,0.009023685,5.864078757,1.476740855,0.166275919,1.021033942,0.002726593,0.020149431,1.95E+17,2.03582E+11,54963.05973,0.966452178,0.895586991,0.809430338,1.005352505,857.2765681,7.612644723
Full Breakthrough,2042,2.16238E+12,1.60379E+13,3.71383E+11,790.1058131,457.8136232,0.007418621,0.181893598,0.00905835,5.803644729,1.480585458,0.166837574,0.977285753,0.002827659,0.019107941,1.84E+17,1.65863E+11,56679.31123,0.96404502,0.891109056,0.794356151,1.006193932,817.4599365,7.416768995
Full Breakthrough,2043,2.22889E+12,1.60921E+13,3.72567E+11,750.5754423,459.5290739,0.007441616,0.169529851,0.009086415,5.728011263,1.483345535,0.16730263,0.932462767,0.002927199,0.018034764,1.74E+17,1.36388E+11,58467.54668,0.961641864,0.886653511,0.778882344,1.006965425,776.7375549,7.219769682
Full Breakthrough,2044,2.2978E+12,1.61394E+13,3.73584E+11,710.4455054,461.0664829,0.007461188,0.157017925,0.009110304,5.637006778,1.485289903,0.167700109,0.886895018,0.003025791,0.016925301,1.63E+17,1.1537E+11,60332.38615,0.959242693,0.882220243,0.763317145,1.007642136,735.3950909,7.023856911
Full Breakthrough,2045,2.36921E+12,1.61817E+13,3.74444E+11,669.7913041,462.6114089,0.007477105,0.144370424,0.009129732,5.531568298,1.487108854,0.168020557,0.840718515,0.003123511,0.015787283,1.52E+17,1.02241E+11,62278.76377,0.956847496,0.877809142,0.747780044,1.00817606,693.511566,6.829993357
Full Breakthrough,2046,2.44325E+12,1.62059E+13,3.7484E+11,628.1519626,463.7790704,0.007483245,0.131523088,0.009137222,5.402440323,1.48735075,0.168160808,0.793279443,0.003217388,0.014583671,1.41E+17,95076456244,64311.99956,0.953662005,0.873420096,0.732223241,1.008554937,650.6075104,6.63292433
Full Breakthrough,2047,2.51982E+12,1.62261E+13,3.75061E+11,586.0863969,465.0859955,0.007484965,0.118581443,0.00913932,5.263050405,1.486738501,0.168207914,0.745288618,0.003309382,0.013376627,1.29E+17,91883615642,66424.9112,0.950488463,0.869052996,0.716804748,1.008798194,607.2617086,6.439395226
Full Breakthrough,2048,2.59904E+12,1.62471E+13,3.7522E+11,543.7836309,466.6570276,0.007484549,0.105599688,0.009138814,5.115420878,1.485781513,0.168214403,0.69691087,0.003399967,0.012172891,1.17E+17,91069873001,68622.4935,0.947326846,0.864707731,0.701696657,1.008939857,563.6677977,6.251186727
Full Breakthrough,2049,2.68103E+12,1.62745E+13,3.75452E+11,501.4142099,468.6451237,0.007484739,0.092623127,0.009139053,4.969112418,1.485050858,0.168241225,0.648298419,0.003489964,0.011019028,1.06E+17,91629586641,70910.04047,0.944177147,0.860384192,0.687103638,1.009014545,520.0006872,6.070230752
Full Breakthrough,2050,2.76592E+12,1.63137E+13,3.75884E+11,459.0799325,471.1939201,0.007488126,0.07967729,0.009143198,4.831147718,1.485069914,0.168344748,0.599527294,0.003580276,0.009942385,9.52E+16,92987240494,73293.18046,0.941039376,0.856082271,0.673207151,1.009048423,476.3644901,5.898092862
