Scenario,Sector,Source,Species,Units,Year,ems
BAU_off-road_TTW_ch4,off-road,TTW,ch4,Mt,2020,0.045590000000000006
BAU_off-road_TTW_ch4,off-road,TTW,ch4,Mt,2021,0.045537999999999995
BAU_off-road_TTW_ch4,off-road,TTW,ch4,Mt,2022,0.045486
BAU_off-road_TTW_ch4,off-road,TTW,ch4,Mt,2023,0.045433999999999995
BAU_off-road_TTW_ch4,off-road,TTW,ch4,Mt,2024,0.045382000000000006
BAU_off-road_TTW_ch4,off-road,TTW,ch4,Mt,2025,0.04533
BAU_off-road_TTW_ch4,off-road,TTW,ch4,Mt,2026,0.045194000000000005
BAU_off-road_TTW_ch4,off-road,TTW,ch4,Mt,2027,0.045058
BAU_off-road_TTW_ch4,off-road,TTW,ch4,Mt,2028,0.044922
BAU_off-road_TTW_ch4,off-road,TTW,ch4,Mt,2029,0.044786
BAU_off-road_TTW_ch4,off-road,TTW,ch4,Mt,2030,0.04465
BAU_off-road_TTW_ch4,off-road,TTW,ch4,Mt,2031,0.04475
BAU_off-road_TTW_ch4,off-road,TTW,ch4,Mt,2032,0.04485
BAU_off-road_TTW_ch4,off-road,TTW,ch4,Mt,2033,0.044950000000000004
BAU_off-road_TTW_ch4,off-road,TTW,ch4,Mt,2034,0.04505
BAU_off-road_TTW_ch4,off-road,TTW,ch4,Mt,2035,0.04515
BAU_off-road_TTW_ch4,off-road,TTW,ch4,Mt,2036,0.045246
BAU_off-road_TTW_ch4,off-road,TTW,ch4,Mt,2037,0.045342
BAU_off-road_TTW_ch4,off-road,TTW,ch4,Mt,2038,0.045438000000000006
BAU_off-road_TTW_ch4,off-road,TTW,ch4,Mt,2039,0.045534
BAU_off-road_TTW_ch4,off-road,TTW,ch4,Mt,2040,0.04563
BAU_off-road_TTW_ch4,off-road,TTW,ch4,Mt,2041,0.045528000000000006
BAU_off-road_TTW_ch4,off-road,TTW,ch4,Mt,2042,0.045426
BAU_off-road_TTW_ch4,off-road,TTW,ch4,Mt,2043,0.045323999999999996
BAU_off-road_TTW_ch4,off-road,TTW,ch4,Mt,2044,0.045222
BAU_off-road_TTW_ch4,off-road,TTW,ch4,Mt,2045,0.04512000000000001
BAU_off-road_TTW_ch4,off-road,TTW,ch4,Mt,2046,0.044906
BAU_off-road_TTW_ch4,off-road,TTW,ch4,Mt,2047,0.044692
BAU_off-road_TTW_ch4,off-road,TTW,ch4,Mt,2048,0.044478
BAU_off-road_TTW_ch4,off-road,TTW,ch4,Mt,2049,0.044264
BAU_off-road_TTW_ch4,off-road,TTW,ch4,Mt,2050,0.04405
BAU_off-road_TTW_co2,off-road,TTW,co2,Gt,2020,0.6482380461055365
BAU_off-road_TTW_co2,off-road,TTW,co2,Gt,2021,0.6497518942163478
BAU_off-road_TTW_co2,off-road,TTW,co2,Gt,2022,0.6512657423271592
BAU_off-road_TTW_co2,off-road,TTW,co2,Gt,2023,0.6527795904379705
BAU_off-road_TTW_co2,off-road,TTW,co2,Gt,2024,0.6542934385487817
BAU_off-road_TTW_co2,off-road,TTW,co2,Gt,2025,0.6558072866595931
BAU_off-road_TTW_co2,off-road,TTW,co2,Gt,2026,0.6541809288767021
BAU_off-road_TTW_co2,off-road,TTW,co2,Gt,2027,0.6525545710938111
BAU_off-road_TTW_co2,off-road,TTW,co2,Gt,2028,0.65092821331092
BAU_off-road_TTW_co2,off-road,TTW,co2,Gt,2029,0.6493018555280289
BAU_off-road_TTW_co2,off-road,TTW,co2,Gt,2030,0.647675497745138
BAU_off-road_TTW_co2,off-road,TTW,co2,Gt,2031,0.6502641069722213
BAU_off-road_TTW_co2,off-road,TTW,co2,Gt,2032,0.6528527161993047
BAU_off-road_TTW_co2,off-road,TTW,co2,Gt,2033,0.6554413254263882
BAU_off-road_TTW_co2,off-road,TTW,co2,Gt,2034,0.6580299346534715
BAU_off-road_TTW_co2,off-road,TTW,co2,Gt,2035,0.660618543880555
BAU_off-road_TTW_co2,off-road,TTW,co2,Gt,2036,0.663148611151031
BAU_off-road_TTW_co2,off-road,TTW,co2,Gt,2037,0.6656786784215072
BAU_off-road_TTW_co2,off-road,TTW,co2,Gt,2038,0.6682087456919832
BAU_off-road_TTW_co2,off-road,TTW,co2,Gt,2039,0.6707388129624592
BAU_off-road_TTW_co2,off-road,TTW,co2,Gt,2040,0.6732688802329353
BAU_off-road_TTW_co2,off-road,TTW,co2,Gt,2041,0.6729893871734514
BAU_off-road_TTW_co2,off-road,TTW,co2,Gt,2042,0.6727098941139674
BAU_off-road_TTW_co2,off-road,TTW,co2,Gt,2043,0.6724304010544835
BAU_off-road_TTW_co2,off-road,TTW,co2,Gt,2044,0.6721509079949995
BAU_off-road_TTW_co2,off-road,TTW,co2,Gt,2045,0.6718714149355155
BAU_off-road_TTW_co2,off-road,TTW,co2,Gt,2046,0.669583110716949
BAU_off-road_TTW_co2,off-road,TTW,co2,Gt,2047,0.6672948064983825
BAU_off-road_TTW_co2,off-road,TTW,co2,Gt,2048,0.6650065022798158
BAU_off-road_TTW_co2,off-road,TTW,co2,Gt,2049,0.6627181980612492
BAU_off-road_TTW_co2,off-road,TTW,co2,Gt,2050,0.6604298938426826
Striving_off-road_TTW_ch4,off-road,TTW,ch4,Mt,2020,0.045590000000000006
Striving_off-road_TTW_ch4,off-road,TTW,ch4,Mt,2021,0.045537999999999995
Striving_off-road_TTW_ch4,off-road,TTW,ch4,Mt,2022,0.045486
Striving_off-road_TTW_ch4,off-road,TTW,ch4,Mt,2023,0.045433999999999995
Striving_off-road_TTW_ch4,off-road,TTW,ch4,Mt,2024,0.045382000000000006
Striving_off-road_TTW_ch4,off-road,TTW,ch4,Mt,2025,0.04533
Striving_off-road_TTW_ch4,off-road,TTW,ch4,Mt,2026,0.04360144
Striving_off-road_TTW_ch4,off-road,TTW,ch4,Mt,2027,0.04188216
Striving_off-road_TTW_ch4,off-road,TTW,ch4,Mt,2028,0.04017216
Striving_off-road_TTW_ch4,off-road,TTW,ch4,Mt,2029,0.03847144
Striving_off-road_TTW_ch4,off-road,TTW,ch4,Mt,2030,0.03678
Striving_off-road_TTW_ch4,off-road,TTW,ch4,Mt,2031,0.035281999999999994
Striving_off-road_TTW_ch4,off-road,TTW,ch4,Mt,2032,0.033775999999999994
Striving_off-road_TTW_ch4,off-road,TTW,ch4,Mt,2033,0.032262
Striving_off-road_TTW_ch4,off-road,TTW,ch4,Mt,2034,0.030740000000000003
Striving_off-road_TTW_ch4,off-road,TTW,ch4,Mt,2035,0.02921
Striving_off-road_TTW_ch4,off-road,TTW,ch4,Mt,2036,0.02767152
Striving_off-road_TTW_ch4,off-road,TTW,ch4,Mt,2037,0.026125680000000002
Striving_off-road_TTW_ch4,off-road,TTW,ch4,Mt,2038,0.02457248
Striving_off-road_TTW_ch4,off-road,TTW,ch4,Mt,2039,0.023011919999999998
Striving_off-road_TTW_ch4,off-road,TTW,ch4,Mt,2040,0.021443999999999994
Striving_off-road_TTW_ch4,off-road,TTW,ch4,Mt,2041,0.01978976
Striving_off-road_TTW_ch4,off-road,TTW,ch4,Mt,2042,0.01814304
Striving_off-road_TTW_ch4,off-road,TTW,ch4,Mt,2043,0.016503840000000006
Striving_off-road_TTW_ch4,off-road,TTW,ch4,Mt,2044,0.014872159999999999
Striving_off-road_TTW_ch4,off-road,TTW,ch4,Mt,2045,0.013248
Striving_off-road_TTW_ch4,off-road,TTW,ch4,Mt,2046,0.011620159999999997
Striving_off-road_TTW_ch4,off-road,TTW,ch4,Mt,2047,0.010009440000000001
Striving_off-road_TTW_ch4,off-road,TTW,ch4,Mt,2048,0.008415839999999999
Striving_off-road_TTW_ch4,off-road,TTW,ch4,Mt,2049,0.0068393599999999975
Striving_off-road_TTW_ch4,off-road,TTW,ch4,Mt,2050,0.00528
Striving_off-road_TTW_co2,off-road,TTW,co2,Gt,2020,0.6482380461055365
Striving_off-road_TTW_co2,off-road,TTW,co2,Gt,2021,0.6497518942163478
Striving_off-road_TTW_co2,off-road,TTW,co2,Gt,2022,0.6512657423271592
Striving_off-road_TTW_co2,off-road,TTW,co2,Gt,2023,0.6527795904379705
Striving_off-road_TTW_co2,off-road,TTW,co2,Gt,2024,0.6542934385487817
Striving_off-road_TTW_co2,off-road,TTW,co2,Gt,2025,0.6558072866595931
Striving_off-road_TTW_co2,off-road,TTW,co2,Gt,2026,0.6293883502991681
Striving_off-road_TTW_co2,off-road,TTW,co2,Gt,2027,0.6031457482500586
Striving_off-road_TTW_co2,off-road,TTW,co2,Gt,2028,0.5770794805122649
Striving_off-road_TTW_co2,off-road,TTW,co2,Gt,2029,0.5511895470857867
Striving_off-road_TTW_co2,off-road,TTW,co2,Gt,2030,0.5254759479706241
Striving_off-road_TTW_co2,off-road,TTW,co2,Gt,2031,0.5031630541355547
Striving_off-road_TTW_co2,off-road,TTW,co2,Gt,2032,0.480696295931402
Striving_off-road_TTW_co2,off-road,TTW,co2,Gt,2033,0.458075673358166
Striving_off-road_TTW_co2,off-road,TTW,co2,Gt,2034,0.4353011864158467
Striving_off-road_TTW_co2,off-road,TTW,co2,Gt,2035,0.41237283510444395
Striving_off-road_TTW_co2,off-road,TTW,co2,Gt,2036,0.3893012766978042
Striving_off-road_TTW_co2,off-road,TTW,co2,Gt,2037,0.36608843560034543
Striving_off-road_TTW_co2,off-road,TTW,co2,Gt,2038,0.34273431181206754
Striving_off-road_TTW_co2,off-road,TTW,co2,Gt,2039,0.3192389053329706
Striving_off-road_TTW_co2,off-road,TTW,co2,Gt,2040,0.29560221616305465
Striving_off-road_TTW_co2,off-road,TTW,co2,Gt,2041,0.27084942327794687
Striving_off-road_TTW_co2,off-road,TTW,co2,Gt,2042,0.24618469011521843
Striving_off-road_TTW_co2,off-road,TTW,co2,Gt,2043,0.22160801667486943
Striving_off-road_TTW_co2,off-road,TTW,co2,Gt,2044,0.1971194029568997
Striving_off-road_TTW_co2,off-road,TTW,co2,Gt,2045,0.17271884896130935
Striving_off-road_TTW_co2,off-road,TTW,co2,Gt,2046,0.14811064421583034
Striving_off-road_TTW_co2,off-road,TTW,co2,Gt,2047,0.12375365163909413
Striving_off-road_TTW_co2,off-road,TTW,co2,Gt,2048,0.09964787123110048
Striving_off-road_TTW_co2,off-road,TTW,co2,Gt,2049,0.07579330299184951
Striving_off-road_TTW_co2,off-road,TTW,co2,Gt,2050,0.052189946921341275
BAU_Marine_WTT_co2,Marine,WTT,co2,Gt,2020,0.14515096389999999
BAU_Marine_WTT_ch4,Marine,WTT,ch4,Mt,2020,1.35339248
BAU_Marine_WTT_n2o,Marine,WTT,n2o,Mt,2020,0.00246942
BAU_Marine_TTW_co2,Marine,TTW,co2,Gt,2020,0.8488797017
BAU_Marine_TTW_ch4,Marine,TTW,ch4,Mt,2020,0.0593627
BAU_Marine_TTW_n2o,Marine,TTW,n2o,Mt,2020,0.040283339999999994
Striving_Marine_WTT_co2,Marine,WTT,co2,Gt,2020,0.14515096389999999
Striving_Marine_WTT_ch4,Marine,WTT,ch4,Mt,2020,1.35339248
Striving_Marine_WTT_n2o,Marine,WTT,n2o,Mt,2020,0.00246942
Striving_Marine_TTW_co2,Marine,TTW,co2,Gt,2020,0.8488797017
Striving_Marine_TTW_ch4,Marine,TTW,ch4,Mt,2020,0.0593627
Striving_Marine_TTW_n2o,Marine,TTW,n2o,Mt,2020,0.040283339999999994
BAU_Aviation_WTT_co2,Aviation,WTT,co2,Gt,2020,0.09795202541
BAU_Aviation_WTT_ch4,Aviation,WTT,ch4,Mt,2020,0.826326265
BAU_Aviation_WTT_n2o,Aviation,WTT,n2o,Mt,2020,0.001436981
BAU_Aviation_TTW_co2,Aviation,TTW,co2,Gt,2020,0.6058447786272411
Striving_Aviation_WTT_co2,Aviation,WTT,co2,Gt,2020,0.09756236213
Striving_Aviation_WTT_ch4,Aviation,WTT,ch4,Mt,2020,0.823039053
Striving_Aviation_WTT_n2o,Aviation,WTT,n2o,Mt,2020,0.001431265
Striving_Aviation_TTW_co2,Aviation,TTW,co2,Gt,2020,0.6034346655
Striving_on-road_TTW_ch4,on-road,TTW,ch4,Mt,2020,0.961
Striving_on-road_TTW_co2,on-road,TTW,co2,Gt,2020,5.918
Striving_on-road_WTT_co2,on-road,WTT,co2,Gt,2020,2.217
Striving_on-road_TTW_n2o,on-road,TTW,n2o,Mt,2020,0.14
BAU_on-road_TTW_ch4,on-road,TTW,ch4,Mt,2020,0.962
BAU_on-road_TTW_co2,on-road,TTW,co2,Gt,2020,5.917
BAU_on-road_WTT_co2,on-road,WTT,co2,Gt,2020,2.218
BAU_on-road_TTW_n2o,on-road,TTW,n2o,Mt,2020,0.14
BAU_Marine_WTT_co2,Marine,WTT,co2,Gt,2021,0.1492566007
BAU_Marine_WTT_ch4,Marine,WTT,ch4,Mt,2021,1.4080770200000001
BAU_Marine_WTT_n2o,Marine,WTT,n2o,Mt,2021,0.00253769
BAU_Marine_TTW_co2,Marine,TTW,co2,Gt,2021,0.8749622759
BAU_Marine_TTW_ch4,Marine,TTW,ch4,Mt,2021,0.08335827999999999
BAU_Marine_TTW_n2o,Marine,TTW,n2o,Mt,2021,0.04060153
Striving_Marine_WTT_co2,Marine,WTT,co2,Gt,2021,0.1492566007
Striving_Marine_WTT_ch4,Marine,WTT,ch4,Mt,2021,1.4080770200000001
Striving_Marine_WTT_n2o,Marine,WTT,n2o,Mt,2021,0.00253769
Striving_Marine_TTW_co2,Marine,TTW,co2,Gt,2021,0.8749622759
Striving_Marine_TTW_ch4,Marine,TTW,ch4,Mt,2021,0.08335827999999999
Striving_Marine_TTW_n2o,Marine,TTW,n2o,Mt,2021,0.04060153
BAU_Aviation_WTT_co2,Aviation,WTT,co2,Gt,2021,0.108388246139443
BAU_Aviation_WTT_ch4,Aviation,WTT,ch4,Mt,2021,0.91436654
BAU_Aviation_WTT_n2o,Aviation,WTT,n2o,Mt,2021,0.001590083
BAU_Aviation_TTW_co2,Aviation,TTW,co2,Gt,2021,0.6703940292275881
Striving_Aviation_WTT_co2,Aviation,WTT,co2,Gt,2021,0.1072180029
Striving_Aviation_WTT_ch4,Aviation,WTT,ch4,Mt,2021,0.904494332
Striving_Aviation_WTT_n2o,Aviation,WTT,n2o,Mt,2021,0.001572916
Striving_Aviation_TTW_co2,Aviation,TTW,co2,Gt,2021,0.6636178738999999
Striving_on-road_TTW_ch4,on-road,TTW,ch4,Mt,2021,0.961
Striving_on-road_TTW_co2,on-road,TTW,co2,Gt,2021,6.148
Striving_on-road_WTT_co2,on-road,WTT,co2,Gt,2021,2.316
Striving_on-road_TTW_n2o,on-road,TTW,n2o,Mt,2021,0.14300000000000002
BAU_on-road_TTW_ch4,on-road,TTW,ch4,Mt,2021,0.963
BAU_on-road_TTW_co2,on-road,TTW,co2,Gt,2021,6.149
BAU_on-road_WTT_co2,on-road,WTT,co2,Gt,2021,2.316
BAU_on-road_TTW_n2o,on-road,TTW,n2o,Mt,2021,0.14400000000000002
BAU_Marine_WTT_co2,Marine,WTT,co2,Gt,2022,0.1512995258
BAU_Marine_WTT_ch4,Marine,WTT,ch4,Mt,2022,1.42821319
BAU_Marine_WTT_n2o,Marine,WTT,n2o,Mt,2022,0.0025720300000000003
BAU_Marine_TTW_co2,Marine,TTW,co2,Gt,2022,0.8818651005000001
BAU_Marine_TTW_ch4,Marine,TTW,ch4,Mt,2022,0.10266955999999999
BAU_Marine_TTW_n2o,Marine,TTW,n2o,Mt,2022,0.04456614
Striving_Marine_WTT_co2,Marine,WTT,co2,Gt,2022,0.1512995258
Striving_Marine_WTT_ch4,Marine,WTT,ch4,Mt,2022,1.42821319
Striving_Marine_WTT_n2o,Marine,WTT,n2o,Mt,2022,0.0025720300000000003
Striving_Marine_TTW_co2,Marine,TTW,co2,Gt,2022,0.8818651005000001
Striving_Marine_TTW_ch4,Marine,TTW,ch4,Mt,2022,0.10266955999999999
Striving_Marine_TTW_n2o,Marine,TTW,n2o,Mt,2022,0.04456614
BAU_Aviation_WTT_co2,Aviation,WTT,co2,Gt,2022,0.132247391399603
BAU_Aviation_WTT_ch4,Aviation,WTT,ch4,Mt,2022,1.115643015
BAU_Aviation_WTT_n2o,Aviation,WTT,n2o,Mt,2022,0.001940103
BAU_Aviation_TTW_co2,Aviation,TTW,co2,Gt,2022,0.817965644182102
Striving_Aviation_WTT_co2,Aviation,WTT,co2,Gt,2022,0.12992122800000003
Striving_Aviation_WTT_ch4,Aviation,WTT,ch4,Mt,2022,1.09601943
Striving_Aviation_WTT_n2o,Aviation,WTT,n2o,Mt,2022,0.001905978
Striving_Aviation_TTW_co2,Aviation,TTW,co2,Gt,2022,0.8046932606
Striving_on-road_TTW_ch4,on-road,TTW,ch4,Mt,2022,0.9580000000000001
Striving_on-road_TTW_co2,on-road,TTW,co2,Gt,2022,6.224
Striving_on-road_WTT_co2,on-road,WTT,co2,Gt,2022,2.35
Striving_on-road_TTW_n2o,on-road,TTW,n2o,Mt,2022,0.145
BAU_on-road_TTW_ch4,on-road,TTW,ch4,Mt,2022,0.962
BAU_on-road_TTW_co2,on-road,TTW,co2,Gt,2022,6.232
BAU_on-road_WTT_co2,on-road,WTT,co2,Gt,2022,2.355
BAU_on-road_TTW_n2o,on-road,TTW,n2o,Mt,2022,0.145
BAU_Marine_WTT_co2,Marine,WTT,co2,Gt,2023,0.15244949330000002
BAU_Marine_WTT_ch4,Marine,WTT,ch4,Mt,2023,1.45517042
BAU_Marine_WTT_n2o,Marine,WTT,n2o,Mt,2023,0.0025895799999999997
BAU_Marine_TTW_co2,Marine,TTW,co2,Gt,2023,0.9003461537999999
BAU_Marine_TTW_ch4,Marine,TTW,ch4,Mt,2023,0.12473326
BAU_Marine_TTW_n2o,Marine,TTW,n2o,Mt,2023,0.04510652
Striving_Marine_WTT_co2,Marine,WTT,co2,Gt,2023,0.15244949330000002
Striving_Marine_WTT_ch4,Marine,WTT,ch4,Mt,2023,1.45517042
Striving_Marine_WTT_n2o,Marine,WTT,n2o,Mt,2023,0.0025895799999999997
Striving_Marine_TTW_co2,Marine,TTW,co2,Gt,2023,0.9003461537999999
Striving_Marine_TTW_ch4,Marine,TTW,ch4,Mt,2023,0.12473326
Striving_Marine_TTW_n2o,Marine,TTW,n2o,Mt,2023,0.04510652
BAU_Aviation_WTT_co2,Aviation,WTT,co2,Gt,2023,0.154870488254241
BAU_Aviation_WTT_ch4,Aviation,WTT,ch4,Mt,2023,1.306492148
BAU_Aviation_WTT_n2o,Aviation,WTT,n2o,Mt,2023,0.00227199
BAU_Aviation_TTW_co2,Aviation,TTW,co2,Gt,2023,0.9578921546127179
Striving_Aviation_WTT_co2,Aviation,WTT,co2,Gt,2023,0.1510939732
Striving_Aviation_WTT_ch4,Aviation,WTT,ch4,Mt,2023,1.274633351
Striving_Aviation_WTT_n2o,Aviation,WTT,n2o,Mt,2023,0.002216587
Striving_Aviation_TTW_co2,Aviation,TTW,co2,Gt,2023,0.9364718913000001
Striving_on-road_TTW_ch4,on-road,TTW,ch4,Mt,2023,0.9570000000000001
Striving_on-road_TTW_co2,on-road,TTW,co2,Gt,2023,6.236
Striving_on-road_WTT_co2,on-road,WTT,co2,Gt,2023,2.364
Striving_on-road_TTW_n2o,on-road,TTW,n2o,Mt,2023,0.14400000000000002
BAU_on-road_TTW_ch4,on-road,TTW,ch4,Mt,2023,0.968
BAU_on-road_TTW_co2,on-road,TTW,co2,Gt,2023,6.307
BAU_on-road_WTT_co2,on-road,WTT,co2,Gt,2023,2.396
BAU_on-road_TTW_n2o,on-road,TTW,n2o,Mt,2023,0.147
BAU_Marine_WTT_co2,Marine,WTT,co2,Gt,2024,0.154305135
BAU_Marine_WTT_ch4,Marine,WTT,ch4,Mt,2024,1.48293467
BAU_Marine_WTT_n2o,Marine,WTT,n2o,Mt,2024,0.00262076
BAU_Marine_TTW_co2,Marine,TTW,co2,Gt,2024,0.8856850144
BAU_Marine_TTW_ch4,Marine,TTW,ch4,Mt,2024,0.13244108
BAU_Marine_TTW_n2o,Marine,TTW,n2o,Mt,2024,0.049176239999999996
Striving_Marine_WTT_co2,Marine,WTT,co2,Gt,2024,0.1544099627
Striving_Marine_WTT_ch4,Marine,WTT,ch4,Mt,2024,1.4734444
Striving_Marine_WTT_n2o,Marine,WTT,n2o,Mt,2024,0.00262341
Striving_Marine_TTW_co2,Marine,TTW,co2,Gt,2024,0.886980592
Striving_Marine_TTW_ch4,Marine,TTW,ch4,Mt,2024,0.12613436
Striving_Marine_TTW_n2o,Marine,TTW,n2o,Mt,2024,0.049294370000000004
BAU_Aviation_WTT_co2,Aviation,WTT,co2,Gt,2024,0.174331451776061
BAU_Aviation_WTT_ch4,Aviation,WTT,ch4,Mt,2024,1.470665428
BAU_Aviation_WTT_n2o,Aviation,WTT,n2o,Mt,2024,0.002557487
BAU_Aviation_TTW_co2,Aviation,TTW,co2,Gt,2024,1.0782604990848599
Striving_Aviation_WTT_co2,Aviation,WTT,co2,Gt,2024,0.16890115460000002
Striving_Aviation_WTT_ch4,Aviation,WTT,ch4,Mt,2024,1.424855276
Striving_Aviation_WTT_n2o,Aviation,WTT,n2o,Mt,2024,0.002477823
Striving_Aviation_TTW_co2,Aviation,TTW,co2,Gt,2024,1.047549767
Striving_on-road_TTW_ch4,on-road,TTW,ch4,Mt,2024,0.961
Striving_on-road_TTW_co2,on-road,TTW,co2,Gt,2024,6.229
Striving_on-road_WTT_co2,on-road,WTT,co2,Gt,2024,2.369
Striving_on-road_TTW_n2o,on-road,TTW,n2o,Mt,2024,0.14400000000000002
BAU_on-road_TTW_ch4,on-road,TTW,ch4,Mt,2024,0.983
BAU_on-road_TTW_co2,on-road,TTW,co2,Gt,2024,6.378
BAU_on-road_WTT_co2,on-road,WTT,co2,Gt,2024,2.43
BAU_on-road_TTW_n2o,on-road,TTW,n2o,Mt,2024,0.148
BAU_Marine_WTT_co2,Marine,WTT,co2,Gt,2025,0.1569248361
BAU_Marine_WTT_ch4,Marine,WTT,ch4,Mt,2025,1.51955326
BAU_Marine_WTT_n2o,Marine,WTT,n2o,Mt,2025,0.00266401
BAU_Marine_TTW_co2,Marine,TTW,co2,Gt,2025,0.900024232
BAU_Marine_TTW_ch4,Marine,TTW,ch4,Mt,2025,0.14146107
BAU_Marine_TTW_n2o,Marine,TTW,n2o,Mt,2025,0.04999829
Striving_Marine_WTT_co2,Marine,WTT,co2,Gt,2025,0.1540262442
Striving_Marine_WTT_ch4,Marine,WTT,ch4,Mt,2025,1.46990332
Striving_Marine_WTT_n2o,Marine,WTT,n2o,Mt,2025,0.0026167
Striving_Marine_TTW_co2,Marine,TTW,co2,Gt,2025,0.8846030367000001
Striving_Marine_TTW_ch4,Marine,TTW,ch4,Mt,2025,0.14141591
Striving_Marine_TTW_n2o,Marine,TTW,n2o,Mt,2025,0.04925831
BAU_Aviation_WTT_co2,Aviation,WTT,co2,Gt,2025,0.201741421688614
BAU_Aviation_WTT_ch4,Aviation,WTT,ch4,Mt,2025,1.701896767
BAU_Aviation_WTT_n2o,Aviation,WTT,n2o,Mt,2025,0.002959598
BAU_Aviation_TTW_co2,Aviation,TTW,co2,Gt,2025,1.24779438144922
Striving_Aviation_WTT_co2,Aviation,WTT,co2,Gt,2025,0.1869968566
Striving_Aviation_WTT_ch4,Aviation,WTT,ch4,Mt,2025,1.577511168
Striving_Aviation_WTT_n2o,Aviation,WTT,n2o,Mt,2025,0.002743292
Striving_Aviation_TTW_co2,Aviation,TTW,co2,Gt,2025,1.160560545
Striving_on-road_TTW_ch4,on-road,TTW,ch4,Mt,2025,0.969
Striving_on-road_TTW_co2,on-road,TTW,co2,Gt,2025,6.192
Striving_on-road_WTT_co2,on-road,WTT,co2,Gt,2025,2.367
Striving_on-road_TTW_n2o,on-road,TTW,n2o,Mt,2025,0.14300000000000002
BAU_on-road_TTW_ch4,on-road,TTW,ch4,Mt,2025,1.0070000000000001
BAU_on-road_TTW_co2,on-road,TTW,co2,Gt,2025,6.441
BAU_on-road_WTT_co2,on-road,WTT,co2,Gt,2025,2.463
BAU_on-road_TTW_n2o,on-road,TTW,n2o,Mt,2025,0.15
BAU_Marine_WTT_co2,Marine,WTT,co2,Gt,2026,0.1592863141
BAU_Marine_WTT_ch4,Marine,WTT,ch4,Mt,2026,1.55460651
BAU_Marine_WTT_n2o,Marine,WTT,n2o,Mt,2026,0.00270275
BAU_Marine_TTW_co2,Marine,TTW,co2,Gt,2026,0.912753621
BAU_Marine_TTW_ch4,Marine,TTW,ch4,Mt,2026,0.1508007
BAU_Marine_TTW_n2o,Marine,TTW,n2o,Mt,2026,0.05074296
Striving_Marine_WTT_co2,Marine,WTT,co2,Gt,2026,0.15330781840000002
Striving_Marine_WTT_ch4,Marine,WTT,ch4,Mt,2026,1.48845742
Striving_Marine_WTT_n2o,Marine,WTT,n2o,Mt,2026,0.0026495
Striving_Marine_TTW_co2,Marine,TTW,co2,Gt,2026,0.8800976609
Striving_Marine_TTW_ch4,Marine,TTW,ch4,Mt,2026,0.14309563
Striving_Marine_TTW_n2o,Marine,TTW,n2o,Mt,2026,0.049980800000000006
BAU_Aviation_WTT_co2,Aviation,WTT,co2,Gt,2026,0.206200985967232
BAU_Aviation_WTT_ch4,Aviation,WTT,ch4,Mt,2026,1.739517787
BAU_Aviation_WTT_n2o,Aviation,WTT,n2o,Mt,2026,0.003025021
BAU_Aviation_TTW_co2,Aviation,TTW,co2,Gt,2026,1.2753773101507
Striving_Aviation_WTT_co2,Aviation,WTT,co2,Gt,2026,0.184188905
Striving_Aviation_WTT_ch4,Aviation,WTT,ch4,Mt,2026,1.553823203
Striving_Aviation_WTT_n2o,Aviation,WTT,n2o,Mt,2026,0.002702099
Striving_Aviation_TTW_co2,Aviation,TTW,co2,Gt,2026,1.147854191
Striving_on-road_TTW_ch4,on-road,TTW,ch4,Mt,2026,0.986
Striving_on-road_TTW_co2,on-road,TTW,co2,Gt,2026,6.0200000000000005
Striving_on-road_WTT_co2,on-road,WTT,co2,Gt,2026,2.327
Striving_on-road_TTW_n2o,on-road,TTW,n2o,Mt,2026,0.139
BAU_on-road_TTW_ch4,on-road,TTW,ch4,Mt,2026,1.038
BAU_on-road_TTW_co2,on-road,TTW,co2,Gt,2026,6.48
BAU_on-road_WTT_co2,on-road,WTT,co2,Gt,2026,2.487
BAU_on-road_TTW_n2o,on-road,TTW,n2o,Mt,2026,0.151
BAU_Marine_WTT_co2,Marine,WTT,co2,Gt,2027,0.161545509
BAU_Marine_WTT_ch4,Marine,WTT,ch4,Mt,2027,1.58961873
BAU_Marine_WTT_n2o,Marine,WTT,n2o,Mt,2027,0.0027396300000000003
BAU_Marine_TTW_co2,Marine,TTW,co2,Gt,2027,0.9247433571
BAU_Marine_TTW_ch4,Marine,TTW,ch4,Mt,2027,0.16060844
BAU_Marine_TTW_n2o,Marine,TTW,n2o,Mt,2027,0.05146207
Striving_Marine_WTT_co2,Marine,WTT,co2,Gt,2027,0.14593684480000002
Striving_Marine_WTT_ch4,Marine,WTT,ch4,Mt,2027,1.50524103
Striving_Marine_WTT_n2o,Marine,WTT,n2o,Mt,2027,0.00267937
Striving_Marine_TTW_co2,Marine,TTW,co2,Gt,2027,0.8371657468
Striving_Marine_TTW_ch4,Marine,TTW,ch4,Mt,2027,0.14457457999999998
Striving_Marine_TTW_n2o,Marine,TTW,n2o,Mt,2027,0.05067137
BAU_Aviation_WTT_co2,Aviation,WTT,co2,Gt,2027,0.210743475792196
BAU_Aviation_WTT_ch4,Aviation,WTT,ch4,Mt,2027,1.777838369
BAU_Aviation_WTT_n2o,Aviation,WTT,n2o,Mt,2027,0.003091661
BAU_Aviation_TTW_co2,Aviation,TTW,co2,Gt,2027,1.3034731430933701
Striving_Aviation_WTT_co2,Aviation,WTT,co2,Gt,2027,0.1813701685
Striving_Aviation_WTT_ch4,Aviation,WTT,ch4,Mt,2027,1.530044256
Striving_Aviation_WTT_n2o,Aviation,WTT,n2o,Mt,2027,0.002660747
Striving_Aviation_TTW_co2,Aviation,TTW,co2,Gt,2027,1.134906006
Striving_on-road_TTW_ch4,on-road,TTW,ch4,Mt,2027,1.006
Striving_on-road_TTW_co2,on-road,TTW,co2,Gt,2027,5.793
Striving_on-road_WTT_co2,on-road,WTT,co2,Gt,2027,2.2720000000000002
Striving_on-road_TTW_n2o,on-road,TTW,n2o,Mt,2027,0.133
BAU_on-road_TTW_ch4,on-road,TTW,ch4,Mt,2027,1.078
BAU_on-road_TTW_co2,on-road,TTW,co2,Gt,2027,6.513
BAU_on-road_WTT_co2,on-road,WTT,co2,Gt,2027,2.5100000000000002
BAU_on-road_TTW_n2o,on-road,TTW,n2o,Mt,2027,0.152
BAU_Marine_WTT_co2,Marine,WTT,co2,Gt,2028,0.1633132195
BAU_Marine_WTT_ch4,Marine,WTT,ch4,Mt,2028,1.62075155
BAU_Marine_WTT_n2o,Marine,WTT,n2o,Mt,2028,0.00276805
BAU_Marine_TTW_co2,Marine,TTW,co2,Gt,2028,0.9337377255
BAU_Marine_TTW_ch4,Marine,TTW,ch4,Mt,2028,0.17049145000000002
BAU_Marine_TTW_n2o,Marine,TTW,n2o,Mt,2028,0.05203434
Striving_Marine_WTT_co2,Marine,WTT,co2,Gt,2028,0.123119165
Striving_Marine_WTT_ch4,Marine,WTT,ch4,Mt,2028,1.51653698
Striving_Marine_WTT_n2o,Marine,WTT,n2o,Mt,2028,0.0026997699999999998
Striving_Marine_TTW_co2,Marine,TTW,co2,Gt,2028,0.7054681427999999
Striving_Marine_TTW_ch4,Marine,TTW,ch4,Mt,2028,0.14548545000000002
Striving_Marine_TTW_n2o,Marine,TTW,n2o,Mt,2028,0.051215519999999994
BAU_Aviation_WTT_co2,Aviation,WTT,co2,Gt,2028,0.21541192215460403
BAU_Aviation_WTT_ch4,Aviation,WTT,ch4,Mt,2028,1.817221525
BAU_Aviation_WTT_n2o,Aviation,WTT,n2o,Mt,2028,0.003160148
BAU_Aviation_TTW_co2,Aviation,TTW,co2,Gt,2028,1.33234803200984
Striving_Aviation_WTT_co2,Aviation,WTT,co2,Gt,2028,0.17851076910000002
Striving_Aviation_WTT_ch4,Aviation,WTT,ch4,Mt,2028,1.505922276
Striving_Aviation_WTT_n2o,Aviation,WTT,n2o,Mt,2028,0.002618799
Striving_Aviation_TTW_co2,Aviation,TTW,co2,Gt,2028,1.121531191
Striving_on-road_TTW_ch4,on-road,TTW,ch4,Mt,2028,1.0210000000000001
Striving_on-road_TTW_co2,on-road,TTW,co2,Gt,2028,5.501
Striving_on-road_WTT_co2,on-road,WTT,co2,Gt,2028,2.196
Striving_on-road_TTW_n2o,on-road,TTW,n2o,Mt,2028,0.127
BAU_on-road_TTW_ch4,on-road,TTW,ch4,Mt,2028,1.125
BAU_on-road_TTW_co2,on-road,TTW,co2,Gt,2028,6.539
BAU_on-road_WTT_co2,on-road,WTT,co2,Gt,2028,2.531
BAU_on-road_TTW_n2o,on-road,TTW,n2o,Mt,2028,0.154
BAU_Marine_WTT_co2,Marine,WTT,co2,Gt,2029,0.16539456419999998
BAU_Marine_WTT_ch4,Marine,WTT,ch4,Mt,2029,1.65598491
BAU_Marine_WTT_n2o,Marine,WTT,n2o,Mt,2029,0.0028016399999999998
BAU_Marine_TTW_co2,Marine,TTW,co2,Gt,2029,0.9443055933
BAU_Marine_TTW_ch4,Marine,TTW,ch4,Mt,2029,0.18128312
BAU_Marine_TTW_n2o,Marine,TTW,n2o,Mt,2029,0.052719709999999996
Striving_Marine_WTT_co2,Marine,WTT,co2,Gt,2029,0.10825135740000001
Striving_Marine_WTT_ch4,Marine,WTT,ch4,Mt,2029,1.52973219
Striving_Marine_WTT_n2o,Marine,WTT,n2o,Mt,2029,0.0027239699999999996
Striving_Marine_TTW_co2,Marine,TTW,co2,Gt,2029,0.6192403896
Striving_Marine_TTW_ch4,Marine,TTW,ch4,Mt,2029,0.14652294
Striving_Marine_TTW_n2o,Marine,TTW,n2o,Mt,2029,0.05187747
BAU_Aviation_WTT_co2,Aviation,WTT,co2,Gt,2029,0.22012370749071103
BAU_Aviation_WTT_ch4,Aviation,WTT,ch4,Mt,2029,1.856970289
BAU_Aviation_WTT_n2o,Aviation,WTT,n2o,Mt,2029,0.003229271
BAU_Aviation_TTW_co2,Aviation,TTW,co2,Gt,2029,1.3614909775674602
Striving_Aviation_WTT_co2,Aviation,WTT,co2,Gt,2029,0.1755834468
Striving_Aviation_WTT_ch4,Aviation,WTT,ch4,Mt,2029,1.481227296
Striving_Aviation_WTT_n2o,Aviation,WTT,n2o,Mt,2029,0.002575854
Striving_Aviation_TTW_co2,Aviation,TTW,co2,Gt,2029,1.10756114
Striving_on-road_TTW_ch4,on-road,TTW,ch4,Mt,2029,1.0190000000000001
Striving_on-road_TTW_co2,on-road,TTW,co2,Gt,2029,5.126
Striving_on-road_WTT_co2,on-road,WTT,co2,Gt,2029,2.095
Striving_on-road_TTW_n2o,on-road,TTW,n2o,Mt,2029,0.12
BAU_on-road_TTW_ch4,on-road,TTW,ch4,Mt,2029,1.181
BAU_on-road_TTW_co2,on-road,TTW,co2,Gt,2029,6.558
BAU_on-road_WTT_co2,on-road,WTT,co2,Gt,2029,2.549
BAU_on-road_TTW_n2o,on-road,TTW,n2o,Mt,2029,0.155
BAU_Marine_WTT_co2,Marine,WTT,co2,Gt,2030,0.1674038031
BAU_Marine_WTT_ch4,Marine,WTT,ch4,Mt,2030,1.69154979
BAU_Marine_WTT_n2o,Marine,WTT,n2o,Mt,2030,0.0028338499999999997
BAU_Marine_TTW_co2,Marine,TTW,co2,Gt,2030,0.9541924824
BAU_Marine_TTW_ch4,Marine,TTW,ch4,Mt,2030,0.19261423
BAU_Marine_TTW_n2o,Marine,TTW,n2o,Mt,2030,0.05339972
Striving_Marine_WTT_co2,Marine,WTT,co2,Gt,2030,0.10135918270000001
Striving_Marine_WTT_ch4,Marine,WTT,ch4,Mt,2030,1.54113225
Striving_Marine_WTT_n2o,Marine,WTT,n2o,Mt,2030,0.0027455300000000004
Striving_Marine_TTW_co2,Marine,TTW,co2,Gt,2030,0.5784370565000001
Striving_Marine_TTW_ch4,Marine,TTW,ch4,Mt,2030,0.14731272
Striving_Marine_TTW_n2o,Marine,TTW,n2o,Mt,2030,0.05255379
BAU_Aviation_WTT_co2,Aviation,WTT,co2,Gt,2030,0.224984441855944
BAU_Aviation_WTT_ch4,Aviation,WTT,ch4,Mt,2030,1.897975592
BAU_Aviation_WTT_n2o,Aviation,WTT,n2o,Mt,2030,0.00330058
BAU_Aviation_TTW_co2,Aviation,TTW,co2,Gt,2030,1.3915551903597
Striving_Aviation_WTT_co2,Aviation,WTT,co2,Gt,2030,0.1720792877
Striving_Aviation_WTT_ch4,Aviation,WTT,ch4,Mt,2030,1.451666103
Striving_Aviation_WTT_n2o,Aviation,WTT,n2o,Mt,2030,0.002524447
Striving_Aviation_TTW_co2,Aviation,TTW,co2,Gt,2030,1.089848165
Striving_on-road_TTW_ch4,on-road,TTW,ch4,Mt,2030,0.968
Striving_on-road_TTW_co2,on-road,TTW,co2,Gt,2030,4.635
Striving_on-road_WTT_co2,on-road,WTT,co2,Gt,2030,1.956
Striving_on-road_TTW_n2o,on-road,TTW,n2o,Mt,2030,0.11
BAU_on-road_TTW_ch4,on-road,TTW,ch4,Mt,2030,1.243
BAU_on-road_TTW_co2,on-road,TTW,co2,Gt,2030,6.567
BAU_on-road_WTT_co2,on-road,WTT,co2,Gt,2030,2.563
BAU_on-road_TTW_n2o,on-road,TTW,n2o,Mt,2030,0.157
BAU_Marine_WTT_co2,Marine,WTT,co2,Gt,2031,0.1690730361
BAU_Marine_WTT_ch4,Marine,WTT,ch4,Mt,2031,1.7247360600000001
BAU_Marine_WTT_n2o,Marine,WTT,n2o,Mt,2031,0.00286015
BAU_Marine_TTW_co2,Marine,TTW,co2,Gt,2031,0.9618175840000001
BAU_Marine_TTW_ch4,Marine,TTW,ch4,Mt,2031,0.20417272
BAU_Marine_TTW_n2o,Marine,TTW,n2o,Mt,2031,0.05399442
Striving_Marine_WTT_co2,Marine,WTT,co2,Gt,2031,0.09410108298
Striving_Marine_WTT_ch4,Marine,WTT,ch4,Mt,2031,1.54819826
Striving_Marine_WTT_n2o,Marine,WTT,n2o,Mt,2031,0.00276012
Striving_Marine_TTW_co2,Marine,TTW,co2,Gt,2031,0.5352359162
Striving_Marine_TTW_ch4,Marine,TTW,ch4,Mt,2031,0.14758658
Striving_Marine_TTW_n2o,Marine,TTW,n2o,Mt,2031,0.05318588
BAU_Aviation_WTT_co2,Aviation,WTT,co2,Gt,2031,0.229867070620516
BAU_Aviation_WTT_ch4,Aviation,WTT,ch4,Mt,2031,1.939165597
BAU_Aviation_WTT_n2o,Aviation,WTT,n2o,Mt,2031,0.003372209
BAU_Aviation_TTW_co2,Aviation,TTW,co2,Gt,2031,1.42175482258267
Striving_Aviation_WTT_co2,Aviation,WTT,co2,Gt,2031,0.1648285132
Striving_Aviation_WTT_ch4,Aviation,WTT,ch4,Mt,2031,1.390498349
Striving_Aviation_WTT_n2o,Aviation,WTT,n2o,Mt,2031,0.002418077
Striving_Aviation_TTW_co2,Aviation,TTW,co2,Gt,2031,1.048594706
Striving_on-road_TTW_ch4,on-road,TTW,ch4,Mt,2031,0.9480000000000001
Striving_on-road_TTW_co2,on-road,TTW,co2,Gt,2031,4.332
Striving_on-road_WTT_co2,on-road,WTT,co2,Gt,2031,1.864
Striving_on-road_TTW_n2o,on-road,TTW,n2o,Mt,2031,0.10400000000000001
BAU_on-road_TTW_ch4,on-road,TTW,ch4,Mt,2031,1.31
BAU_on-road_TTW_co2,on-road,TTW,co2,Gt,2031,6.57
BAU_on-road_WTT_co2,on-road,WTT,co2,Gt,2031,2.58
BAU_on-road_TTW_n2o,on-road,TTW,n2o,Mt,2031,0.158
BAU_Marine_WTT_co2,Marine,WTT,co2,Gt,2032,0.1706195157
BAU_Marine_WTT_ch4,Marine,WTT,ch4,Mt,2032,1.75771799
BAU_Marine_WTT_n2o,Marine,WTT,n2o,Mt,2032,0.00288421
BAU_Marine_TTW_co2,Marine,TTW,co2,Gt,2032,0.9683550897000001
BAU_Marine_TTW_ch4,Marine,TTW,ch4,Mt,2032,0.21619356
BAU_Marine_TTW_n2o,Marine,TTW,n2o,Mt,2032,0.054579989999999995
Striving_Marine_WTT_co2,Marine,WTT,co2,Gt,2032,0.08664191378
Striving_Marine_WTT_ch4,Marine,WTT,ch4,Mt,2032,1.55289356
Striving_Marine_WTT_n2o,Marine,WTT,n2o,Mt,2032,0.00277147
Striving_Marine_TTW_co2,Marine,TTW,co2,Gt,2032,0.4905567436
Striving_Marine_TTW_ch4,Marine,TTW,ch4,Mt,2032,0.14749864999999998
Striving_Marine_TTW_n2o,Marine,TTW,n2o,Mt,2032,0.05387816
BAU_Aviation_WTT_co2,Aviation,WTT,co2,Gt,2032,0.234843066902095
BAU_Aviation_WTT_ch4,Aviation,WTT,ch4,Mt,2032,1.981143253
BAU_Aviation_WTT_n2o,Aviation,WTT,n2o,Mt,2032,0.003445208
BAU_Aviation_TTW_co2,Aviation,TTW,co2,Gt,2032,1.45253194386146
Striving_Aviation_WTT_co2,Aviation,WTT,co2,Gt,2032,0.1574535464
Striving_Aviation_WTT_ch4,Aviation,WTT,ch4,Mt,2032,1.328282905
Striving_Aviation_WTT_n2o,Aviation,WTT,n2o,Mt,2032,0.002309884
Striving_Aviation_TTW_co2,Aviation,TTW,co2,Gt,2032,1.006630396
Striving_on-road_TTW_ch4,on-road,TTW,ch4,Mt,2032,0.927
Striving_on-road_TTW_co2,on-road,TTW,co2,Gt,2032,4.022
Striving_on-road_WTT_co2,on-road,WTT,co2,Gt,2032,1.7570000000000001
Striving_on-road_TTW_n2o,on-road,TTW,n2o,Mt,2032,0.096
BAU_on-road_TTW_ch4,on-road,TTW,ch4,Mt,2032,1.3860000000000001
BAU_on-road_TTW_co2,on-road,TTW,co2,Gt,2032,6.571
BAU_on-road_WTT_co2,on-road,WTT,co2,Gt,2032,2.596
BAU_on-road_TTW_n2o,on-road,TTW,n2o,Mt,2032,0.16
BAU_Marine_WTT_co2,Marine,WTT,co2,Gt,2033,0.17235076659999998
BAU_Marine_WTT_ch4,Marine,WTT,ch4,Mt,2033,1.79368604
BAU_Marine_WTT_n2o,Marine,WTT,n2o,Mt,2033,0.00291121
BAU_Marine_TTW_co2,Marine,TTW,co2,Gt,2033,0.9754650657999999
BAU_Marine_TTW_ch4,Marine,TTW,ch4,Mt,2033,0.22907612
BAU_Marine_TTW_n2o,Marine,TTW,n2o,Mt,2033,0.05526372
Striving_Marine_WTT_co2,Marine,WTT,co2,Gt,2033,0.07914437678
Striving_Marine_WTT_ch4,Marine,WTT,ch4,Mt,2033,1.5579984599999999
Striving_Marine_WTT_n2o,Marine,WTT,n2o,Mt,2033,0.00278488
Striving_Marine_TTW_co2,Marine,TTW,co2,Gt,2033,0.4453079559
Striving_Marine_TTW_ch4,Marine,TTW,ch4,Mt,2033,0.14726701
Striving_Marine_TTW_n2o,Marine,TTW,n2o,Mt,2033,0.05477902
BAU_Aviation_WTT_co2,Aviation,WTT,co2,Gt,2033,0.23983470614777802
BAU_Aviation_WTT_ch4,Aviation,WTT,ch4,Mt,2033,2.023252873
BAU_Aviation_WTT_n2o,Aviation,WTT,n2o,Mt,2033,0.003518437
BAU_Aviation_TTW_co2,Aviation,TTW,co2,Gt,2033,1.48340581871002
Striving_Aviation_WTT_co2,Aviation,WTT,co2,Gt,2033,0.1499542704
Striving_Aviation_WTT_ch4,Aviation,WTT,ch4,Mt,2033,1.265018784
Striving_Aviation_WTT_n2o,Aviation,WTT,n2o,Mt,2033,0.002199868
Striving_Aviation_TTW_co2,Aviation,TTW,co2,Gt,2033,0.963954522
Striving_on-road_TTW_ch4,on-road,TTW,ch4,Mt,2033,0.898
Striving_on-road_TTW_co2,on-road,TTW,co2,Gt,2033,3.702
Striving_on-road_WTT_co2,on-road,WTT,co2,Gt,2033,1.6320000000000001
Striving_on-road_TTW_n2o,on-road,TTW,n2o,Mt,2033,0.089
BAU_on-road_TTW_ch4,on-road,TTW,ch4,Mt,2033,1.468
BAU_on-road_TTW_co2,on-road,TTW,co2,Gt,2033,6.57
BAU_on-road_WTT_co2,on-road,WTT,co2,Gt,2033,2.61
BAU_on-road_TTW_n2o,on-road,TTW,n2o,Mt,2033,0.161
BAU_Marine_WTT_co2,Marine,WTT,co2,Gt,2034,0.1744096506
BAU_Marine_WTT_ch4,Marine,WTT,ch4,Mt,2034,1.83422198
BAU_Marine_WTT_n2o,Marine,WTT,n2o,Mt,2034,0.00294355
BAU_Marine_TTW_co2,Marine,TTW,co2,Gt,2034,0.9838385226
BAU_Marine_TTW_ch4,Marine,TTW,ch4,Mt,2034,0.24306162
BAU_Marine_TTW_n2o,Marine,TTW,n2o,Mt,2034,0.056103349999999996
Striving_Marine_WTT_co2,Marine,WTT,co2,Gt,2034,0.07164111411
Striving_Marine_WTT_ch4,Marine,WTT,ch4,Mt,2034,1.5648008400000002
Striving_Marine_WTT_n2o,Marine,WTT,n2o,Mt,2034,0.00280307
Striving_Marine_TTW_co2,Marine,TTW,co2,Gt,2034,0.3996725278
Striving_Marine_TTW_ch4,Marine,TTW,ch4,Mt,2034,0.14694913
Striving_Marine_TTW_n2o,Marine,TTW,n2o,Mt,2034,0.05600691
BAU_Aviation_WTT_co2,Aviation,WTT,co2,Gt,2034,0.24493217987082203
BAU_Aviation_WTT_ch4,Aviation,WTT,ch4,Mt,2034,2.066255316
BAU_Aviation_WTT_n2o,Aviation,WTT,n2o,Mt,2034,0.003593218
BAU_Aviation_TTW_co2,Aviation,TTW,co2,Gt,2034,1.51493429222806
Striving_Aviation_WTT_co2,Aviation,WTT,co2,Gt,2034,0.1423382401
Striving_Aviation_WTT_ch4,Aviation,WTT,ch4,Mt,2034,1.200769721
Striving_Aviation_WTT_n2o,Aviation,WTT,n2o,Mt,2034,0.002088139
Striving_Aviation_TTW_co2,Aviation,TTW,co2,Gt,2034,0.9206138274
Striving_on-road_TTW_ch4,on-road,TTW,ch4,Mt,2034,0.86
Striving_on-road_TTW_co2,on-road,TTW,co2,Gt,2034,3.372
Striving_on-road_WTT_co2,on-road,WTT,co2,Gt,2034,1.489
Striving_on-road_TTW_n2o,on-road,TTW,n2o,Mt,2034,0.081
BAU_on-road_TTW_ch4,on-road,TTW,ch4,Mt,2034,1.556
BAU_on-road_TTW_co2,on-road,TTW,co2,Gt,2034,6.565
BAU_on-road_WTT_co2,on-road,WTT,co2,Gt,2034,2.621
BAU_on-road_TTW_n2o,on-road,TTW,n2o,Mt,2034,0.162
BAU_Marine_WTT_co2,Marine,WTT,co2,Gt,2035,0.17613519249999998
BAU_Marine_WTT_ch4,Marine,WTT,ch4,Mt,2035,1.87242009
BAU_Marine_WTT_n2o,Marine,WTT,n2o,Mt,2035,0.00297006
BAU_Marine_TTW_co2,Marine,TTW,co2,Gt,2035,0.9896101787
BAU_Marine_TTW_ch4,Marine,TTW,ch4,Mt,2035,0.25724967
BAU_Marine_TTW_n2o,Marine,TTW,n2o,Mt,2035,0.05690101
Striving_Marine_WTT_co2,Marine,WTT,co2,Gt,2035,0.06384051075
Striving_Marine_WTT_ch4,Marine,WTT,ch4,Mt,2035,1.5674788899999998
Striving_Marine_WTT_n2o,Marine,WTT,n2o,Mt,2035,0.0028161700000000002
Striving_Marine_TTW_co2,Marine,TTW,co2,Gt,2035,0.35207506289999996
Striving_Marine_TTW_ch4,Marine,TTW,ch4,Mt,2035,0.1459163
Striving_Marine_TTW_n2o,Marine,TTW,n2o,Mt,2035,0.057448309999999995
BAU_Aviation_WTT_co2,Aviation,WTT,co2,Gt,2035,0.250065010829261
BAU_Aviation_WTT_ch4,Aviation,WTT,ch4,Mt,2035,2.109556034
BAU_Aviation_WTT_n2o,Aviation,WTT,n2o,Mt,2035,0.003668518
BAU_Aviation_TTW_co2,Aviation,TTW,co2,Gt,2035,1.54668145439862
Striving_Aviation_WTT_co2,Aviation,WTT,co2,Gt,2035,0.1317144917
Striving_Aviation_WTT_ch4,Aviation,WTT,ch4,Mt,2035,1.111147456
Striving_Aviation_WTT_n2o,Aviation,WTT,n2o,Mt,2035,0.001932285
Striving_Aviation_TTW_co2,Aviation,TTW,co2,Gt,2035,0.8588555358
Striving_on-road_TTW_ch4,on-road,TTW,ch4,Mt,2035,0.8160000000000001
Striving_on-road_TTW_co2,on-road,TTW,co2,Gt,2035,3.0420000000000003
Striving_on-road_WTT_co2,on-road,WTT,co2,Gt,2035,1.33
Striving_on-road_TTW_n2o,on-road,TTW,n2o,Mt,2035,0.073
BAU_on-road_TTW_ch4,on-road,TTW,ch4,Mt,2035,1.651
BAU_on-road_TTW_co2,on-road,TTW,co2,Gt,2035,6.557
BAU_on-road_WTT_co2,on-road,WTT,co2,Gt,2035,2.629
BAU_on-road_TTW_n2o,on-road,TTW,n2o,Mt,2035,0.164
BAU_Marine_WTT_co2,Marine,WTT,co2,Gt,2036,0.1782629734
BAU_Marine_WTT_ch4,Marine,WTT,ch4,Mt,2036,1.91606537
BAU_Marine_WTT_n2o,Marine,WTT,n2o,Mt,2036,0.00300313
BAU_Marine_TTW_co2,Marine,TTW,co2,Gt,2036,0.9967579628
BAU_Marine_TTW_ch4,Marine,TTW,ch4,Mt,2036,0.27268614
BAU_Marine_TTW_n2o,Marine,TTW,n2o,Mt,2036,0.05791222
Striving_Marine_WTT_co2,Marine,WTT,co2,Gt,2036,0.056007554030000004
Striving_Marine_WTT_ch4,Marine,WTT,ch4,Mt,2036,1.57285081
Striving_Marine_WTT_n2o,Marine,WTT,n2o,Mt,2036,0.00283709
Striving_Marine_TTW_co2,Marine,TTW,co2,Gt,2036,0.3041210771
Striving_Marine_TTW_ch4,Marine,TTW,ch4,Mt,2036,0.14470125
Striving_Marine_TTW_n2o,Marine,TTW,n2o,Mt,2036,0.05947324
BAU_Aviation_WTT_co2,Aviation,WTT,co2,Gt,2036,0.255349181119885
BAU_Aviation_WTT_ch4,Aviation,WTT,ch4,Mt,2036,2.154133456
BAU_Aviation_WTT_n2o,Aviation,WTT,n2o,Mt,2036,0.003746038
BAU_Aviation_TTW_co2,Aviation,TTW,co2,Gt,2036,1.5793646681088902
Striving_Aviation_WTT_co2,Aviation,WTT,co2,Gt,2036,0.1208765822
Striving_Aviation_WTT_ch4,Aviation,WTT,ch4,Mt,2036,1.019718523
Striving_Aviation_WTT_n2o,Aviation,WTT,n2o,Mt,2036,0.001773291
Striving_Aviation_TTW_co2,Aviation,TTW,co2,Gt,2036,0.7954134263
Striving_on-road_TTW_ch4,on-road,TTW,ch4,Mt,2036,0.778
Striving_on-road_TTW_co2,on-road,TTW,co2,Gt,2036,2.731
Striving_on-road_WTT_co2,on-road,WTT,co2,Gt,2036,1.209
Striving_on-road_TTW_n2o,on-road,TTW,n2o,Mt,2036,0.066
BAU_on-road_TTW_ch4,on-road,TTW,ch4,Mt,2036,1.752
BAU_on-road_TTW_co2,on-road,TTW,co2,Gt,2036,6.55
BAU_on-road_WTT_co2,on-road,WTT,co2,Gt,2036,2.642
BAU_on-road_TTW_n2o,on-road,TTW,n2o,Mt,2036,0.165
BAU_Marine_WTT_co2,Marine,WTT,co2,Gt,2037,0.1804804975
BAU_Marine_WTT_ch4,Marine,WTT,ch4,Mt,2037,1.961878
BAU_Marine_WTT_n2o,Marine,WTT,n2o,Mt,2037,0.00303749
BAU_Marine_TTW_co2,Marine,TTW,co2,Gt,2037,1.0033142910000001
BAU_Marine_TTW_ch4,Marine,TTW,ch4,Mt,2037,0.28892879
BAU_Marine_TTW_n2o,Marine,TTW,n2o,Mt,2037,0.059059980000000005
Striving_Marine_WTT_co2,Marine,WTT,co2,Gt,2037,0.047969506630000006
Striving_Marine_WTT_ch4,Marine,WTT,ch4,Mt,2037,1.57850223
Striving_Marine_WTT_n2o,Marine,WTT,n2o,Mt,2037,0.00286236
Striving_Marine_TTW_co2,Marine,TTW,co2,Gt,2037,0.25510961740000004
Striving_Marine_TTW_ch4,Marine,TTW,ch4,Mt,2037,0.14294146
Striving_Marine_TTW_n2o,Marine,TTW,n2o,Mt,2037,0.06215661
BAU_Aviation_WTT_co2,Aviation,WTT,co2,Gt,2037,0.260725434672864
BAU_Aviation_WTT_ch4,Aviation,WTT,ch4,Mt,2037,2.199487694
BAU_Aviation_WTT_n2o,Aviation,WTT,n2o,Mt,2037,0.003824909
BAU_Aviation_TTW_co2,Aviation,TTW,co2,Gt,2037,1.6126174276091498
Striving_Aviation_WTT_co2,Aviation,WTT,co2,Gt,2037,0.1099730869
Striving_Aviation_WTT_ch4,Aviation,WTT,ch4,Mt,2037,0.927736305
Striving_Aviation_WTT_n2o,Aviation,WTT,n2o,Mt,2037,0.001613333
Striving_Aviation_TTW_co2,Aviation,TTW,co2,Gt,2037,0.7316249914
Striving_on-road_TTW_ch4,on-road,TTW,ch4,Mt,2037,0.731
Striving_on-road_TTW_co2,on-road,TTW,co2,Gt,2037,2.428
Striving_on-road_WTT_co2,on-road,WTT,co2,Gt,2037,1.084
Striving_on-road_TTW_n2o,on-road,TTW,n2o,Mt,2037,0.058
BAU_on-road_TTW_ch4,on-road,TTW,ch4,Mt,2037,1.861
BAU_on-road_TTW_co2,on-road,TTW,co2,Gt,2037,6.547
BAU_on-road_WTT_co2,on-road,WTT,co2,Gt,2037,2.6550000000000002
BAU_on-road_TTW_n2o,on-road,TTW,n2o,Mt,2037,0.166
BAU_Marine_WTT_co2,Marine,WTT,co2,Gt,2038,0.1831053312
BAU_Marine_WTT_ch4,Marine,WTT,ch4,Mt,2038,2.01332855
BAU_Marine_WTT_n2o,Marine,WTT,n2o,Mt,2038,0.00307847
BAU_Marine_TTW_co2,Marine,TTW,co2,Gt,2038,1.010783238
BAU_Marine_TTW_ch4,Marine,TTW,ch4,Mt,2038,0.30648282
BAU_Marine_TTW_n2o,Marine,TTW,n2o,Mt,2038,0.06047861
Striving_Marine_WTT_co2,Marine,WTT,co2,Gt,2038,0.0397228823
Striving_Marine_WTT_ch4,Marine,WTT,ch4,Mt,2038,1.5877611699999998
Striving_Marine_WTT_n2o,Marine,WTT,n2o,Mt,2038,0.00289908
Striving_Marine_TTW_co2,Marine,TTW,co2,Gt,2038,0.2054651712
Striving_Marine_TTW_ch4,Marine,TTW,ch4,Mt,2038,0.14076559
Striving_Marine_TTW_n2o,Marine,TTW,n2o,Mt,2038,0.06583707000000001
BAU_Aviation_WTT_co2,Aviation,WTT,co2,Gt,2038,0.266413822862584
BAU_Aviation_WTT_ch4,Aviation,WTT,ch4,Mt,2038,2.24747511
BAU_Aviation_WTT_n2o,Aviation,WTT,n2o,Mt,2038,0.003908359
BAU_Aviation_TTW_co2,Aviation,TTW,co2,Gt,2038,1.64780077648824
Striving_Aviation_WTT_co2,Aviation,WTT,co2,Gt,2038,0.09904739784000001
Striving_Aviation_WTT_ch4,Aviation,WTT,ch4,Mt,2038,0.83556686
Striving_Aviation_WTT_n2o,Aviation,WTT,n2o,Mt,2038,0.001453051
Striving_Aviation_TTW_co2,Aviation,TTW,co2,Gt,2038,0.6677715326
Striving_on-road_TTW_ch4,on-road,TTW,ch4,Mt,2038,0.68
Striving_on-road_TTW_co2,on-road,TTW,co2,Gt,2038,2.1350000000000002
Striving_on-road_WTT_co2,on-road,WTT,co2,Gt,2038,0.9550000000000001
Striving_on-road_TTW_n2o,on-road,TTW,n2o,Mt,2038,0.052000000000000005
BAU_on-road_TTW_ch4,on-road,TTW,ch4,Mt,2038,1.976
BAU_on-road_TTW_co2,on-road,TTW,co2,Gt,2038,6.549
BAU_on-road_WTT_co2,on-road,WTT,co2,Gt,2038,2.669
BAU_on-road_TTW_n2o,on-road,TTW,n2o,Mt,2038,0.167
BAU_Marine_WTT_co2,Marine,WTT,co2,Gt,2039,0.1856891611
BAU_Marine_WTT_ch4,Marine,WTT,ch4,Mt,2039,2.06549353
BAU_Marine_WTT_n2o,Marine,WTT,n2o,Mt,2039,0.00311852
BAU_Marine_TTW_co2,Marine,TTW,co2,Gt,2039,1.016365689
BAU_Marine_TTW_ch4,Marine,TTW,ch4,Mt,2039,0.32458293
BAU_Marine_TTW_n2o,Marine,TTW,n2o,Mt,2039,0.06205858
Striving_Marine_WTT_co2,Marine,WTT,co2,Gt,2039,0.03102820915
Striving_Marine_WTT_ch4,Marine,WTT,ch4,Mt,2039,1.59746811
Striving_Marine_WTT_n2o,Marine,WTT,n2o,Mt,2039,0.00294272
Striving_Marine_TTW_co2,Marine,TTW,co2,Gt,2039,0.15468326180000003
Striving_Marine_TTW_ch4,Marine,TTW,ch4,Mt,2039,0.13768222
Striving_Marine_TTW_n2o,Marine,TTW,n2o,Mt,2039,0.07064103999999999
BAU_Aviation_WTT_co2,Aviation,WTT,co2,Gt,2039,0.27226994130937404
BAU_Aviation_WTT_ch4,Aviation,WTT,ch4,Mt,2039,2.296877503
BAU_Aviation_WTT_n2o,Aviation,WTT,n2o,Mt,2039,0.00399427
BAU_Aviation_TTW_co2,Aviation,TTW,co2,Gt,2039,1.68402155670206
Striving_Aviation_WTT_co2,Aviation,WTT,co2,Gt,2039,0.08814169546
Striving_Aviation_WTT_ch4,Aviation,WTT,ch4,Mt,2039,0.743566023
Striving_Aviation_WTT_n2o,Aviation,WTT,n2o,Mt,2039,0.001293061
Striving_Aviation_TTW_co2,Aviation,TTW,co2,Gt,2039,0.6041289365
Striving_on-road_TTW_ch4,on-road,TTW,ch4,Mt,2039,0.62
Striving_on-road_TTW_co2,on-road,TTW,co2,Gt,2039,1.853
Striving_on-road_WTT_co2,on-road,WTT,co2,Gt,2039,0.8220000000000001
Striving_on-road_TTW_n2o,on-road,TTW,n2o,Mt,2039,0.045
BAU_on-road_TTW_ch4,on-road,TTW,ch4,Mt,2039,2.098
BAU_on-road_TTW_co2,on-road,TTW,co2,Gt,2039,6.558
BAU_on-road_WTT_co2,on-road,WTT,co2,Gt,2039,2.684
BAU_on-road_TTW_n2o,on-road,TTW,n2o,Mt,2039,0.168
BAU_Marine_WTT_co2,Marine,WTT,co2,Gt,2040,0.1887686581
BAU_Marine_WTT_ch4,Marine,WTT,ch4,Mt,2040,2.1242556
BAU_Marine_WTT_n2o,Marine,WTT,n2o,Mt,2040,0.00316666
BAU_Marine_TTW_co2,Marine,TTW,co2,Gt,2040,1.022621696
BAU_Marine_TTW_ch4,Marine,TTW,ch4,Mt,2040,0.34409260999999997
BAU_Marine_TTW_n2o,Marine,TTW,n2o,Mt,2040,0.06402606
Striving_Marine_WTT_co2,Marine,WTT,co2,Gt,2040,0.02177930627
Striving_Marine_WTT_ch4,Marine,WTT,ch4,Mt,2040,1.6131378
Striving_Marine_WTT_n2o,Marine,WTT,n2o,Mt,2040,0.0030047399999999997
Striving_Marine_TTW_co2,Marine,TTW,co2,Gt,2040,0.1034262327
Striving_Marine_TTW_ch4,Marine,TTW,ch4,Mt,2040,0.13392894
Striving_Marine_TTW_n2o,Marine,TTW,n2o,Mt,2040,0.07710782000000001
BAU_Aviation_WTT_co2,Aviation,WTT,co2,Gt,2040,0.278428595453276
BAU_Aviation_WTT_ch4,Aviation,WTT,ch4,Mt,2040,2.348832097
BAU_Aviation_WTT_n2o,Aviation,WTT,n2o,Mt,2040,0.004084619
BAU_Aviation_TTW_co2,Aviation,TTW,co2,Gt,2040,1.72211355572599
Striving_Aviation_WTT_co2,Aviation,WTT,co2,Gt,2040,0.07728424436
Striving_Aviation_WTT_ch4,Aviation,WTT,ch4,Mt,2040,0.651972235
Striving_Aviation_WTT_n2o,Aviation,WTT,n2o,Mt,2040,0.00113378
Striving_Aviation_TTW_co2,Aviation,TTW,co2,Gt,2040,0.54089
Striving_on-road_TTW_ch4,on-road,TTW,ch4,Mt,2040,0.547
Striving_on-road_TTW_co2,on-road,TTW,co2,Gt,2040,1.582
Striving_on-road_WTT_co2,on-road,WTT,co2,Gt,2040,0.685
Striving_on-road_TTW_n2o,on-road,TTW,n2o,Mt,2040,0.038
BAU_on-road_TTW_ch4,on-road,TTW,ch4,Mt,2040,2.227
BAU_on-road_TTW_co2,on-road,TTW,co2,Gt,2040,6.574
BAU_on-road_WTT_co2,on-road,WTT,co2,Gt,2040,2.7
BAU_on-road_TTW_n2o,on-road,TTW,n2o,Mt,2040,0.169
BAU_Marine_WTT_co2,Marine,WTT,co2,Gt,2041,0.1918955436
BAU_Marine_WTT_ch4,Marine,WTT,ch4,Mt,2041,2.1845005299999998
BAU_Marine_WTT_n2o,Marine,WTT,n2o,Mt,2041,0.00321539
BAU_Marine_TTW_co2,Marine,TTW,co2,Gt,2041,1.026636859
BAU_Marine_TTW_ch4,Marine,TTW,ch4,Mt,2041,0.36412295
BAU_Marine_TTW_n2o,Marine,TTW,n2o,Mt,2041,0.06628966
Striving_Marine_WTT_co2,Marine,WTT,co2,Gt,2041,0.011587524140000001
Striving_Marine_WTT_ch4,Marine,WTT,ch4,Mt,2041,1.6317733300000001
Striving_Marine_WTT_n2o,Marine,WTT,n2o,Mt,2041,0.0030809699999999997
Striving_Marine_TTW_co2,Marine,TTW,co2,Gt,2041,0.05164271264
Striving_Marine_TTW_ch4,Marine,TTW,ch4,Mt,2041,0.12898679
Striving_Marine_TTW_n2o,Marine,TTW,n2o,Mt,2041,0.08543528
BAU_Aviation_WTT_co2,Aviation,WTT,co2,Gt,2041,0.284913693911113
BAU_Aviation_WTT_ch4,Aviation,WTT,ch4,Mt,2041,2.403540584
BAU_Aviation_WTT_n2o,Aviation,WTT,n2o,Mt,2041,0.004179757
BAU_Aviation_TTW_co2,Aviation,TTW,co2,Gt,2041,1.7622246511624302
Striving_Aviation_WTT_co2,Aviation,WTT,co2,Gt,2041,0.06802904157
Striving_Aviation_WTT_ch4,Aviation,WTT,ch4,Mt,2041,0.573895063
Striving_Aviation_WTT_n2o,Aviation,WTT,n2o,Mt,2041,0.000998004
Striving_Aviation_TTW_co2,Aviation,TTW,co2,Gt,2041,0.48511000000000004
Striving_on-road_TTW_ch4,on-road,TTW,ch4,Mt,2041,0.49
Striving_on-road_TTW_co2,on-road,TTW,co2,Gt,2041,1.349
Striving_on-road_WTT_co2,on-road,WTT,co2,Gt,2041,0.597
Striving_on-road_TTW_n2o,on-road,TTW,n2o,Mt,2041,0.033
BAU_on-road_TTW_ch4,on-road,TTW,ch4,Mt,2041,2.353
BAU_on-road_TTW_co2,on-road,TTW,co2,Gt,2041,6.593
BAU_on-road_WTT_co2,on-road,WTT,co2,Gt,2041,2.719
BAU_on-road_TTW_n2o,on-road,TTW,n2o,Mt,2041,0.17
BAU_Marine_WTT_co2,Marine,WTT,co2,Gt,2042,0.19572238430000002
BAU_Marine_WTT_ch4,Marine,WTT,ch4,Mt,2042,2.25347461
BAU_Marine_WTT_n2o,Marine,WTT,n2o,Mt,2042,0.00327568
BAU_Marine_TTW_co2,Marine,TTW,co2,Gt,2042,1.031335588
BAU_Marine_TTW_ch4,Marine,TTW,ch4,Mt,2042,0.38576613
BAU_Marine_TTW_n2o,Marine,TTW,n2o,Mt,2042,0.06914817999999999
Striving_Marine_WTT_co2,Marine,WTT,co2,Gt,2042,0.01253252958
Striving_Marine_WTT_ch4,Marine,WTT,ch4,Mt,2042,1.65936821
Striving_Marine_WTT_n2o,Marine,WTT,n2o,Mt,2042,0.00318385
Striving_Marine_TTW_co2,Marine,TTW,co2,Gt,2042,0.05145262292
Striving_Marine_TTW_ch4,Marine,TTW,ch4,Mt,2042,0.1230762
Striving_Marine_TTW_n2o,Marine,TTW,n2o,Mt,2042,0.09626876
BAU_Aviation_WTT_co2,Aviation,WTT,co2,Gt,2042,0.29162513941003104
BAU_Aviation_WTT_ch4,Aviation,WTT,ch4,Mt,2042,2.460158543
BAU_Aviation_WTT_n2o,Aviation,WTT,n2o,Mt,2042,0.004278216
BAU_Aviation_TTW_co2,Aviation,TTW,co2,Gt,2042,1.80373572962542
Striving_Aviation_WTT_co2,Aviation,WTT,co2,Gt,2042,0.05883399386
Striving_Aviation_WTT_ch4,Aviation,WTT,ch4,Mt,2042,0.496325361
Striving_Aviation_WTT_n2o,Aviation,WTT,n2o,Mt,2042,0.00086311
Striving_Aviation_TTW_co2,Aviation,TTW,co2,Gt,2042,0.42986
Striving_on-road_TTW_ch4,on-road,TTW,ch4,Mt,2042,0.434
Striving_on-road_TTW_co2,on-road,TTW,co2,Gt,2042,1.1340000000000001
Striving_on-road_WTT_co2,on-road,WTT,co2,Gt,2042,0.513
Striving_on-road_TTW_n2o,on-road,TTW,n2o,Mt,2042,0.028
BAU_on-road_TTW_ch4,on-road,TTW,ch4,Mt,2042,2.478
BAU_on-road_TTW_co2,on-road,TTW,co2,Gt,2042,6.617
BAU_on-road_WTT_co2,on-road,WTT,co2,Gt,2042,2.74
BAU_on-road_TTW_n2o,on-road,TTW,n2o,Mt,2042,0.171
BAU_Marine_WTT_co2,Marine,WTT,co2,Gt,2043,0.199538179
BAU_Marine_WTT_ch4,Marine,WTT,ch4,Mt,2043,2.3227836600000002
BAU_Marine_WTT_n2o,Marine,WTT,n2o,Mt,2043,0.0033356799999999997
BAU_Marine_TTW_co2,Marine,TTW,co2,Gt,2043,1.032260722
BAU_Marine_TTW_ch4,Marine,TTW,ch4,Mt,2043,0.40744840000000004
BAU_Marine_TTW_n2o,Marine,TTW,n2o,Mt,2043,0.07244360000000001
Striving_Marine_WTT_co2,Marine,WTT,co2,Gt,2043,0.013757901800000001
Striving_Marine_WTT_ch4,Marine,WTT,ch4,Mt,2043,1.68911886
Striving_Marine_WTT_n2o,Marine,WTT,n2o,Mt,2043,0.0033009800000000002
Striving_Marine_TTW_co2,Marine,TTW,co2,Gt,2043,0.0508588413
Striving_Marine_TTW_ch4,Marine,TTW,ch4,Mt,2043,0.11548778
Striving_Marine_TTW_n2o,Marine,TTW,n2o,Mt,2043,0.10949711999999999
BAU_Aviation_WTT_co2,Aviation,WTT,co2,Gt,2043,0.29876161688498504
BAU_Aviation_WTT_ch4,Aviation,WTT,ch4,Mt,2043,2.520362084
BAU_Aviation_WTT_n2o,Aviation,WTT,n2o,Mt,2043,0.00438291
BAU_Aviation_TTW_co2,Aviation,TTW,co2,Gt,2043,1.8478756807671
Striving_Aviation_WTT_co2,Aviation,WTT,co2,Gt,2043,0.04967484519
Striving_Aviation_WTT_ch4,Aviation,WTT,ch4,Mt,2043,0.419058504
Striving_Aviation_WTT_n2o,Aviation,WTT,n2o,Mt,2043,0.000728743
Striving_Aviation_TTW_co2,Aviation,TTW,co2,Gt,2043,0.37501
Striving_on-road_TTW_ch4,on-road,TTW,ch4,Mt,2043,0.382
Striving_on-road_TTW_co2,on-road,TTW,co2,Gt,2043,0.9400000000000001
Striving_on-road_WTT_co2,on-road,WTT,co2,Gt,2043,0.435
Striving_on-road_TTW_n2o,on-road,TTW,n2o,Mt,2043,0.024
BAU_on-road_TTW_ch4,on-road,TTW,ch4,Mt,2043,2.6
BAU_on-road_TTW_co2,on-road,TTW,co2,Gt,2043,6.646
BAU_on-road_WTT_co2,on-road,WTT,co2,Gt,2043,2.762
BAU_on-road_TTW_n2o,on-road,TTW,n2o,Mt,2043,0.17200000000000001
BAU_Marine_WTT_co2,Marine,WTT,co2,Gt,2044,0.2045174386
BAU_Marine_WTT_ch4,Marine,WTT,ch4,Mt,2044,2.4057289500000003
BAU_Marine_WTT_n2o,Marine,WTT,n2o,Mt,2044,0.00341512
BAU_Marine_TTW_co2,Marine,TTW,co2,Gt,2044,1.034675429
BAU_Marine_TTW_ch4,Marine,TTW,ch4,Mt,2044,0.43128809
BAU_Marine_TTW_n2o,Marine,TTW,n2o,Mt,2044,0.07671297
Striving_Marine_WTT_co2,Marine,WTT,co2,Gt,2044,0.0
Striving_Marine_WTT_ch4,Marine,WTT,ch4,Mt,2044,1.7275087900000001
Striving_Marine_WTT_n2o,Marine,WTT,n2o,Mt,2044,0.00344448
Striving_Marine_TTW_co2,Marine,TTW,co2,Gt,2044,0.0
Striving_Marine_TTW_ch4,Marine,TTW,ch4,Mt,2044,0.1066296
Striving_Marine_TTW_n2o,Marine,TTW,n2o,Mt,2044,0.1256315
BAU_Aviation_WTT_co2,Aviation,WTT,co2,Gt,2044,0.30611599404955503
BAU_Aviation_WTT_ch4,Aviation,WTT,ch4,Mt,2044,2.582403833
BAU_Aviation_WTT_n2o,Aviation,WTT,n2o,Mt,2044,0.0044908
BAU_Aviation_TTW_co2,Aviation,TTW,co2,Gt,2044,1.8933633670746401
Striving_Aviation_WTT_co2,Aviation,WTT,co2,Gt,2044,0.040514636070000005
Striving_Aviation_WTT_ch4,Aviation,WTT,ch4,Mt,2044,0.341782702
Striving_Aviation_WTT_n2o,Aviation,WTT,n2o,Mt,2044,0.00059436
Striving_Aviation_TTW_co2,Aviation,TTW,co2,Gt,2044,0.32035
Striving_on-road_TTW_ch4,on-road,TTW,ch4,Mt,2044,0.335
Striving_on-road_TTW_co2,on-road,TTW,co2,Gt,2044,0.769
Striving_on-road_WTT_co2,on-road,WTT,co2,Gt,2044,0.363
Striving_on-road_TTW_n2o,on-road,TTW,n2o,Mt,2044,0.02
BAU_on-road_TTW_ch4,on-road,TTW,ch4,Mt,2044,2.718
BAU_on-road_TTW_co2,on-road,TTW,co2,Gt,2044,6.678
BAU_on-road_WTT_co2,on-road,WTT,co2,Gt,2044,2.7840000000000003
BAU_on-road_TTW_n2o,on-road,TTW,n2o,Mt,2044,0.17300000000000001
BAU_Marine_WTT_co2,Marine,WTT,co2,Gt,2045,0.2106848134
BAU_Marine_WTT_ch4,Marine,WTT,ch4,Mt,2045,2.50235548
BAU_Marine_WTT_n2o,Marine,WTT,n2o,Mt,2045,0.00351449
BAU_Marine_TTW_co2,Marine,TTW,co2,Gt,2045,1.037488034
BAU_Marine_TTW_ch4,Marine,TTW,ch4,Mt,2045,0.45710462
BAU_Marine_TTW_n2o,Marine,TTW,n2o,Mt,2045,0.08212704
Striving_Marine_WTT_co2,Marine,WTT,co2,Gt,2045,0.0
Striving_Marine_WTT_ch4,Marine,WTT,ch4,Mt,2045,1.76580102
Striving_Marine_WTT_n2o,Marine,WTT,n2o,Mt,2045,0.00359525
Striving_Marine_TTW_co2,Marine,TTW,co2,Gt,2045,0.0
Striving_Marine_TTW_ch4,Marine,TTW,ch4,Mt,2045,0.09609587
Striving_Marine_TTW_n2o,Marine,TTW,n2o,Mt,2045,0.14392741
BAU_Aviation_WTT_co2,Aviation,WTT,co2,Gt,2045,0.31379916357647697
BAU_Aviation_WTT_ch4,Aviation,WTT,ch4,Mt,2045,2.647219285
BAU_Aviation_WTT_n2o,Aviation,WTT,n2o,Mt,2045,0.004603514
BAU_Aviation_TTW_co2,Aviation,TTW,co2,Gt,2045,1.9408846727498401
Striving_Aviation_WTT_co2,Aviation,WTT,co2,Gt,2045,0.0313071864
Striving_Aviation_WTT_ch4,Aviation,WTT,ch4,Mt,2045,0.264108376
Striving_Aviation_WTT_n2o,Aviation,WTT,n2o,Mt,2045,0.000459284
Striving_Aviation_TTW_co2,Aviation,TTW,co2,Gt,2045,0.26563
Striving_on-road_TTW_ch4,on-road,TTW,ch4,Mt,2045,0.28800000000000003
Striving_on-road_TTW_co2,on-road,TTW,co2,Gt,2045,0.621
Striving_on-road_WTT_co2,on-road,WTT,co2,Gt,2045,0.296
Striving_on-road_TTW_n2o,on-road,TTW,n2o,Mt,2045,0.016
BAU_on-road_TTW_ch4,on-road,TTW,ch4,Mt,2045,2.834
BAU_on-road_TTW_co2,on-road,TTW,co2,Gt,2045,6.714
BAU_on-road_WTT_co2,on-road,WTT,co2,Gt,2045,2.807
BAU_on-road_TTW_n2o,on-road,TTW,n2o,Mt,2045,0.17500000000000002
BAU_Marine_WTT_co2,Marine,WTT,co2,Gt,2046,0.21791215780000003
BAU_Marine_WTT_ch4,Marine,WTT,ch4,Mt,2046,2.61066492
BAU_Marine_WTT_n2o,Marine,WTT,n2o,Mt,2046,0.00363183
BAU_Marine_TTW_co2,Marine,TTW,co2,Gt,2046,1.0386672650000002
BAU_Marine_TTW_ch4,Marine,TTW,ch4,Mt,2046,0.48423066
BAU_Marine_TTW_n2o,Marine,TTW,n2o,Mt,2046,0.08882836999999999
Striving_Marine_WTT_co2,Marine,WTT,co2,Gt,2046,0.0
Striving_Marine_WTT_ch4,Marine,WTT,ch4,Mt,2046,1.78354433
Striving_Marine_WTT_n2o,Marine,WTT,n2o,Mt,2046,0.0037071599999999997
Striving_Marine_TTW_co2,Marine,TTW,co2,Gt,2046,0.0
Striving_Marine_TTW_ch4,Marine,TTW,ch4,Mt,2046,0.08339947
Striving_Marine_TTW_n2o,Marine,TTW,n2o,Mt,2046,0.16200851000000002
BAU_Aviation_WTT_co2,Aviation,WTT,co2,Gt,2046,0.321677005530752
BAU_Aviation_WTT_ch4,Aviation,WTT,ch4,Mt,2046,2.713676999
BAU_Aviation_WTT_n2o,Aviation,WTT,n2o,Mt,2046,0.004719084
BAU_Aviation_TTW_co2,Aviation,TTW,co2,Gt,2046,1.98961005024649
Striving_Aviation_WTT_co2,Aviation,WTT,co2,Gt,2046,0.02189658316
Striving_Aviation_WTT_ch4,Aviation,WTT,ch4,Mt,2046,0.184720241
Striving_Aviation_WTT_n2o,Aviation,WTT,n2o,Mt,2046,0.000321228
Striving_Aviation_TTW_co2,Aviation,TTW,co2,Gt,2046,0.20999
Striving_on-road_TTW_ch4,on-road,TTW,ch4,Mt,2046,0.248
Striving_on-road_TTW_co2,on-road,TTW,co2,Gt,2046,0.5
Striving_on-road_WTT_co2,on-road,WTT,co2,Gt,2046,0.242
Striving_on-road_TTW_n2o,on-road,TTW,n2o,Mt,2046,0.013000000000000001
BAU_on-road_TTW_ch4,on-road,TTW,ch4,Mt,2046,2.947
BAU_on-road_TTW_co2,on-road,TTW,co2,Gt,2046,6.752
BAU_on-road_WTT_co2,on-road,WTT,co2,Gt,2046,2.834
BAU_on-road_TTW_n2o,on-road,TTW,n2o,Mt,2046,0.176
BAU_Marine_WTT_co2,Marine,WTT,co2,Gt,2047,0.2262101179
BAU_Marine_WTT_ch4,Marine,WTT,ch4,Mt,2047,2.73002329
BAU_Marine_WTT_n2o,Marine,WTT,n2o,Mt,2047,0.00376755
BAU_Marine_TTW_co2,Marine,TTW,co2,Gt,2047,1.036728558
BAU_Marine_TTW_ch4,Marine,TTW,ch4,Mt,2047,0.51211224
BAU_Marine_TTW_n2o,Marine,TTW,n2o,Mt,2047,0.09704137
Striving_Marine_WTT_co2,Marine,WTT,co2,Gt,2047,0.0
Striving_Marine_WTT_ch4,Marine,WTT,ch4,Mt,2047,1.74257126
Striving_Marine_WTT_n2o,Marine,WTT,n2o,Mt,2047,0.00369244
Striving_Marine_TTW_co2,Marine,TTW,co2,Gt,2047,0.0
Striving_Marine_TTW_ch4,Marine,TTW,ch4,Mt,2047,0.06815494999999999
Striving_Marine_TTW_n2o,Marine,TTW,n2o,Mt,2047,0.17472844
BAU_Aviation_WTT_co2,Aviation,WTT,co2,Gt,2047,0.32986660314076
BAU_Aviation_WTT_ch4,Aviation,WTT,ch4,Mt,2047,2.782764693
BAU_Aviation_WTT_n2o,Aviation,WTT,n2o,Mt,2047,0.004839228
BAU_Aviation_TTW_co2,Aviation,TTW,co2,Gt,2047,2.04026367307994
Striving_Aviation_WTT_co2,Aviation,WTT,co2,Gt,2047,0.01231348631
Striving_Aviation_WTT_ch4,Aviation,WTT,ch4,Mt,2047,0.103876945
Striving_Aviation_WTT_n2o,Aviation,WTT,n2o,Mt,2047,0.000180642
Striving_Aviation_TTW_co2,Aviation,TTW,co2,Gt,2047,0.15377000000000002
Striving_on-road_TTW_ch4,on-road,TTW,ch4,Mt,2047,0.211
Striving_on-road_TTW_co2,on-road,TTW,co2,Gt,2047,0.395
Striving_on-road_WTT_co2,on-road,WTT,co2,Gt,2047,0.193
Striving_on-road_TTW_n2o,on-road,TTW,n2o,Mt,2047,0.011
BAU_on-road_TTW_ch4,on-road,TTW,ch4,Mt,2047,3.055
BAU_on-road_TTW_co2,on-road,TTW,co2,Gt,2047,6.792
BAU_on-road_WTT_co2,on-road,WTT,co2,Gt,2047,2.862
BAU_on-road_TTW_n2o,on-road,TTW,n2o,Mt,2047,0.177
BAU_Marine_WTT_co2,Marine,WTT,co2,Gt,2048,0.2364971235
BAU_Marine_WTT_ch4,Marine,WTT,ch4,Mt,2048,2.87053841
BAU_Marine_WTT_n2o,Marine,WTT,n2o,Mt,2048,0.0039372800000000005
BAU_Marine_TTW_co2,Marine,TTW,co2,Gt,2048,1.034028125
BAU_Marine_TTW_ch4,Marine,TTW,ch4,Mt,2048,0.5420913100000001
BAU_Marine_TTW_n2o,Marine,TTW,n2o,Mt,2048,0.10743116999999999
Striving_Marine_WTT_co2,Marine,WTT,co2,Gt,2048,0.0
Striving_Marine_WTT_ch4,Marine,WTT,ch4,Mt,2048,1.57800338
Striving_Marine_WTT_n2o,Marine,WTT,n2o,Mt,2048,0.00340079
Striving_Marine_TTW_co2,Marine,TTW,co2,Gt,2048,0.0
Striving_Marine_TTW_ch4,Marine,TTW,ch4,Mt,2048,0.050244830000000004
Striving_Marine_TTW_n2o,Marine,TTW,n2o,Mt,2048,0.17258148
BAU_Aviation_WTT_co2,Aviation,WTT,co2,Gt,2048,0.338319007684849
BAU_Aviation_WTT_ch4,Aviation,WTT,ch4,Mt,2048,2.854069435
BAU_Aviation_WTT_n2o,Aviation,WTT,n2o,Mt,2048,0.004963227
BAU_Aviation_TTW_co2,Aviation,TTW,co2,Gt,2048,2.09254278765924
Striving_Aviation_WTT_co2,Aviation,WTT,co2,Gt,2048,0.002424691222
Striving_Aviation_WTT_ch4,Aviation,WTT,ch4,Mt,2048,0.020454769
Striving_Aviation_WTT_n2o,Aviation,WTT,n2o,Mt,2048,3.55708e-05
Striving_Aviation_TTW_co2,Aviation,TTW,co2,Gt,2048,0.09673000000000001
Striving_on-road_TTW_ch4,on-road,TTW,ch4,Mt,2048,0.177
Striving_on-road_TTW_co2,on-road,TTW,co2,Gt,2048,0.308
Striving_on-road_WTT_co2,on-road,WTT,co2,Gt,2048,0.149
Striving_on-road_TTW_n2o,on-road,TTW,n2o,Mt,2048,0.008
BAU_on-road_TTW_ch4,on-road,TTW,ch4,Mt,2048,3.1590000000000003
BAU_on-road_TTW_co2,on-road,TTW,co2,Gt,2048,6.8340000000000005
BAU_on-road_WTT_co2,on-road,WTT,co2,Gt,2048,2.89
BAU_on-road_TTW_n2o,on-road,TTW,n2o,Mt,2048,0.178
BAU_Marine_WTT_co2,Marine,WTT,co2,Gt,2049,0.24918357119999998
BAU_Marine_WTT_ch4,Marine,WTT,ch4,Mt,2049,3.03601702
BAU_Marine_WTT_n2o,Marine,WTT,n2o,Mt,2049,0.00414829
BAU_Marine_TTW_co2,Marine,TTW,co2,Gt,2049,1.029901924
BAU_Marine_TTW_ch4,Marine,TTW,ch4,Mt,2049,0.57419974
BAU_Marine_TTW_n2o,Marine,TTW,n2o,Mt,2049,0.12054505
Striving_Marine_WTT_co2,Marine,WTT,co2,Gt,2049,0.0
Striving_Marine_WTT_ch4,Marine,WTT,ch4,Mt,2049,1.16056362
Striving_Marine_WTT_n2o,Marine,WTT,n2o,Mt,2049,0.00253634
Striving_Marine_TTW_co2,Marine,TTW,co2,Gt,2049,0.0
Striving_Marine_TTW_ch4,Marine,TTW,ch4,Mt,2049,0.02930002
Striving_Marine_TTW_n2o,Marine,TTW,n2o,Mt,2049,0.13665278
BAU_Aviation_WTT_co2,Aviation,WTT,co2,Gt,2049,0.347073742686618
BAU_Aviation_WTT_ch4,Aviation,WTT,ch4,Mt,2049,2.927924646
BAU_Aviation_WTT_n2o,Aviation,WTT,n2o,Mt,2049,0.005091661
BAU_Aviation_TTW_co2,Aviation,TTW,co2,Gt,2049,2.1466918516186704
Striving_Aviation_WTT_co2,Aviation,WTT,co2,Gt,2049,0.0
Striving_Aviation_WTT_ch4,Aviation,WTT,ch4,Mt,2049,0.0
Striving_Aviation_WTT_n2o,Aviation,WTT,n2o,Mt,2049,0.0
Striving_Aviation_TTW_co2,Aviation,TTW,co2,Gt,2049,0.07762000000000001
Striving_on-road_TTW_ch4,on-road,TTW,ch4,Mt,2049,0.147
Striving_on-road_TTW_co2,on-road,TTW,co2,Gt,2049,0.23600000000000002
Striving_on-road_WTT_co2,on-road,WTT,co2,Gt,2049,0.11
Striving_on-road_TTW_n2o,on-road,TTW,n2o,Mt,2049,0.006
BAU_on-road_TTW_ch4,on-road,TTW,ch4,Mt,2049,3.258
BAU_on-road_TTW_co2,on-road,TTW,co2,Gt,2049,6.876
BAU_on-road_WTT_co2,on-road,WTT,co2,Gt,2049,2.918
BAU_on-road_TTW_n2o,on-road,TTW,n2o,Mt,2049,0.18
BAU_Marine_WTT_co2,Marine,WTT,co2,Gt,2050,0.26452515460000003
BAU_Marine_WTT_ch4,Marine,WTT,ch4,Mt,2050,3.22801617
BAU_Marine_WTT_n2o,Marine,WTT,n2o,Mt,2050,0.00440543
BAU_Marine_TTW_co2,Marine,TTW,co2,Gt,2050,1.02256652
BAU_Marine_TTW_ch4,Marine,TTW,ch4,Mt,2050,0.60784399
BAU_Marine_TTW_n2o,Marine,TTW,n2o,Mt,2050,0.1369361
Striving_Marine_WTT_co2,Marine,WTT,co2,Gt,2050,0.0
Striving_Marine_WTT_ch4,Marine,WTT,ch4,Mt,2050,0.25761494
Striving_Marine_WTT_n2o,Marine,WTT,n2o,Mt,2050,0.0005691
Striving_Marine_TTW_co2,Marine,TTW,co2,Gt,2050,0.0
Striving_Marine_TTW_ch4,Marine,TTW,ch4,Mt,2050,0.00502779
Striving_Marine_TTW_n2o,Marine,TTW,n2o,Mt,2050,0.03224254
BAU_Aviation_WTT_co2,Aviation,WTT,co2,Gt,2050,0.35613104264115103
BAU_Aviation_WTT_ch4,Aviation,WTT,ch4,Mt,2050,3.004332304
BAU_Aviation_WTT_n2o,Aviation,WTT,n2o,Mt,2050,0.005224534
BAU_Aviation_TTW_co2,Aviation,TTW,co2,Gt,2050,2.2027123153378705
Striving_Aviation_WTT_co2,Aviation,WTT,co2,Gt,2050,0.0
Striving_Aviation_WTT_ch4,Aviation,WTT,ch4,Mt,2050,0.0
Striving_Aviation_WTT_n2o,Aviation,WTT,n2o,Mt,2050,0.0
Striving_Aviation_TTW_co2,Aviation,TTW,co2,Gt,2050,0.06947
Striving_on-road_TTW_ch4,on-road,TTW,ch4,Mt,2050,0.121
Striving_on-road_TTW_co2,on-road,TTW,co2,Gt,2050,0.18
Striving_on-road_WTT_co2,on-road,WTT,co2,Gt,2050,0.076
Striving_on-road_TTW_n2o,on-road,TTW,n2o,Mt,2050,0.005
BAU_on-road_TTW_ch4,on-road,TTW,ch4,Mt,2050,3.352
BAU_on-road_TTW_co2,on-road,TTW,co2,Gt,2050,6.918
BAU_on-road_WTT_co2,on-road,WTT,co2,Gt,2050,2.946
BAU_on-road_TTW_n2o,on-road,TTW,n2o,Mt,2050,0.181
BAU_on-road_WTT_ch4,on-road,WTT,ch4,Mt,2020,8.907828360900002
BAU_on-road_WTT_ch4,on-road,WTT,ch4,Mt,2021,9.281531130900001
BAU_on-road_WTT_ch4,on-road,WTT,ch4,Mt,2022,9.416790772375002
BAU_on-road_WTT_ch4,on-road,WTT,ch4,Mt,2023,9.5443687458
BAU_on-road_WTT_ch4,on-road,WTT,ch4,Mt,2024,9.665925952375002
BAU_on-road_WTT_ch4,on-road,WTT,ch4,Mt,2025,9.778140589700001
BAU_on-road_WTT_ch4,on-road,WTT,ch4,Mt,2026,9.8582790726
BAU_on-road_WTT_ch4,on-road,WTT,ch4,Mt,2027,9.933642464550001
BAU_on-road_WTT_ch4,on-road,WTT,ch4,Mt,2028,10.003919346575001
BAU_on-road_WTT_ch4,on-road,WTT,ch4,Mt,2029,10.068071655425001
BAU_on-road_WTT_ch4,on-road,WTT,ch4,Mt,2030,10.124334683575
BAU_on-road_WTT_ch4,on-road,WTT,ch4,Mt,2031,10.171462755125
BAU_on-road_WTT_ch4,on-road,WTT,ch4,Mt,2032,10.220251727875
BAU_on-road_WTT_ch4,on-road,WTT,ch4,Mt,2033,10.268936894300001
BAU_on-road_WTT_ch4,on-road,WTT,ch4,Mt,2034,10.31689541645
BAU_on-road_WTT_ch4,on-road,WTT,ch4,Mt,2035,10.36298542475
BAU_on-road_WTT_ch4,on-road,WTT,ch4,Mt,2036,10.412397235450001
BAU_on-road_WTT_ch4,on-road,WTT,ch4,Mt,2037,10.467103168725002
BAU_on-road_WTT_ch4,on-road,WTT,ch4,Mt,2038,10.531878315525
BAU_on-road_WTT_ch4,on-road,WTT,ch4,Mt,2039,10.60755312645
BAU_on-road_WTT_ch4,on-road,WTT,ch4,Mt,2040,10.6932971509
BAU_on-road_WTT_ch4,on-road,WTT,ch4,Mt,2041,10.779871625950001
BAU_on-road_WTT_ch4,on-road,WTT,ch4,Mt,2042,10.872570674175
BAU_on-road_WTT_ch4,on-road,WTT,ch4,Mt,2043,10.9723285525
BAU_on-road_WTT_ch4,on-road,WTT,ch4,Mt,2044,11.077069134425
BAU_on-road_WTT_ch4,on-road,WTT,ch4,Mt,2045,11.187103838925001
BAU_on-road_WTT_ch4,on-road,WTT,ch4,Mt,2046,11.301290796425
BAU_on-road_WTT_ch4,on-road,WTT,ch4,Mt,2047,11.418384331025
BAU_on-road_WTT_ch4,on-road,WTT,ch4,Mt,2048,11.538488249050001
BAU_on-road_WTT_ch4,on-road,WTT,ch4,Mt,2049,11.660045455625001
BAU_on-road_WTT_ch4,on-road,WTT,ch4,Mt,2050,11.782433112800001
Striving_on-road_WTT_ch4,on-road,WTT,ch4,Mt,2020,8.910734938000001
Striving_on-road_WTT_ch4,on-road,WTT,ch4,Mt,2021,9.2807006803
Striving_on-road_WTT_ch4,on-road,WTT,ch4,Mt,2022,9.405994914575
Striving_on-road_WTT_ch4,on-road,WTT,ch4,Mt,2023,9.440251001825002
Striving_on-road_WTT_ch4,on-road,WTT,ch4,Mt,2024,9.4496973774
Striving_on-road_WTT_ch4,on-road,WTT,ch4,Mt,2025,9.42540669735
Striving_on-road_WTT_ch4,on-road,WTT,ch4,Mt,2026,9.231081256950002
Striving_on-road_WTT_ch4,on-road,WTT,ch4,Mt,2027,8.97862427455
Striving_on-road_WTT_ch4,on-road,WTT,ch4,Mt,2028,8.660873113725
Striving_on-road_WTT_ch4,on-road,WTT,ch4,Mt,2029,8.26609765975
Striving_on-road_WTT_ch4,on-road,WTT,ch4,Mt,2030,7.766374011200001
Striving_on-road_WTT_ch4,on-road,WTT,ch4,Mt,2031,7.462429091600001
Striving_on-road_WTT_ch4,on-road,WTT,ch4,Mt,2032,7.155681401225001
Striving_on-road_WTT_ch4,on-road,WTT,ch4,Mt,2033,6.843639588275001
Striving_on-road_WTT_ch4,on-road,WTT,ch4,Mt,2034,6.525577008475
Striving_on-road_WTT_ch4,on-road,WTT,ch4,Mt,2035,6.212081906975
Striving_on-road_WTT_ch4,on-road,WTT,ch4,Mt,2036,5.92090516535
Striving_on-road_WTT_ch4,on-road,WTT,ch4,Mt,2037,5.641769957425
Striving_on-road_WTT_ch4,on-road,WTT,ch4,Mt,2038,5.3784133109
Striving_on-road_WTT_ch4,on-road,WTT,ch4,Mt,2039,5.131042838425
Striving_on-road_WTT_ch4,on-road,WTT,ch4,Mt,2040,4.899762346325001
Striving_on-road_WTT_ch4,on-road,WTT,ch4,Mt,2041,4.699416139075001
Striving_on-road_WTT_ch4,on-road,WTT,ch4,Mt,2042,4.51827410195
Striving_on-road_WTT_ch4,on-road,WTT,ch4,Mt,2043,4.36007326265
Striving_on-road_WTT_ch4,on-road,WTT,ch4,Mt,2044,4.223983170575
Striving_on-road_WTT_ch4,on-road,WTT,ch4,Mt,2045,4.110834276325001
Striving_on-road_WTT_ch4,on-road,WTT,ch4,Mt,2046,4.021560836825
Striving_on-road_WTT_ch4,on-road,WTT,ch4,Mt,2047,3.9479621524000006
Striving_on-road_WTT_ch4,on-road,WTT,ch4,Mt,2048,3.8891039661250004
Striving_on-road_WTT_ch4,on-road,WTT,ch4,Mt,2049,3.844259633725
Striving_on-road_WTT_ch4,on-road,WTT,ch4,Mt,2050,3.81197586665
BAU_on-road_WTT_n2o,on-road,WTT,n2o,Mt,2020,0.019032415104000003
BAU_on-road_WTT_n2o,on-road,WTT,n2o,Mt,2021,0.019830866304
BAU_on-road_WTT_n2o,on-road,WTT,n2o,Mt,2022,0.02011986128
BAU_on-road_WTT_n2o,on-road,WTT,n2o,Mt,2023,0.020392443648
BAU_on-road_WTT_n2o,on-road,WTT,n2o,Mt,2024,0.02065216208
BAU_on-road_WTT_n2o,on-road,WTT,n2o,Mt,2025,0.020891919232000004
BAU_on-road_WTT_n2o,on-road,WTT,n2o,Mt,2026,0.021063142656
BAU_on-road_WTT_n2o,on-road,WTT,n2o,Mt,2027,0.021224163648
BAU_on-road_WTT_n2o,on-road,WTT,n2o,Mt,2028,0.021374316832
BAU_on-road_WTT_n2o,on-road,WTT,n2o,Mt,2029,0.021511384288000004
BAU_on-road_WTT_n2o,on-road,WTT,n2o,Mt,2030,0.021631595552
BAU_on-road_WTT_n2o,on-road,WTT,n2o,Mt,2031,0.02173228912
BAU_on-road_WTT_n2o,on-road,WTT,n2o,Mt,2032,0.02183653136
BAU_on-road_WTT_n2o,on-road,WTT,n2o,Mt,2033,0.021940551808000003
BAU_on-road_WTT_n2o,on-road,WTT,n2o,Mt,2034,0.022043019712000005
BAU_on-road_WTT_n2o,on-road,WTT,n2o,Mt,2035,0.02214149536
BAU_on-road_WTT_n2o,on-road,WTT,n2o,Mt,2036,0.022247068352000004
BAU_on-road_WTT_n2o,on-road,WTT,n2o,Mt,2037,0.022363952736000003
BAU_on-road_WTT_n2o,on-road,WTT,n2o,Mt,2038,0.022502350944
BAU_on-road_WTT_n2o,on-road,WTT,n2o,Mt,2039,0.022664037312
BAU_on-road_WTT_n2o,on-road,WTT,n2o,Mt,2040,0.022847237504000004
BAU_on-road_WTT_n2o,on-road,WTT,n2o,Mt,2041,0.023032212032
BAU_on-road_WTT_n2o,on-road,WTT,n2o,Mt,2042,0.023230272288000002
BAU_on-road_WTT_n2o,on-road,WTT,n2o,Mt,2043,0.0234434144
BAU_on-road_WTT_n2o,on-road,WTT,n2o,Mt,2044,0.023667202528
BAU_on-road_WTT_n2o,on-road,WTT,n2o,Mt,2045,0.023902302048000004
BAU_on-road_WTT_n2o,on-road,WTT,n2o,Mt,2046,0.024146273248000002
BAU_on-road_WTT_n2o,on-road,WTT,n2o,Mt,2047,0.024396454624000002
BAU_on-road_WTT_n2o,on-road,WTT,n2o,Mt,2048,0.024653067968000004
BAU_on-road_WTT_n2o,on-road,WTT,n2o,Mt,2049,0.0249127864
BAU_on-road_WTT_n2o,on-road,WTT,n2o,Mt,2050,0.025174279168000004
Striving_on-road_WTT_n2o,on-road,WTT,n2o,Mt,2020,0.019038625280000002
Striving_on-road_WTT_n2o,on-road,WTT,n2o,Mt,2021,0.019829091968
Striving_on-road_WTT_n2o,on-road,WTT,n2o,Mt,2022,0.020096794912
Striving_on-road_WTT_n2o,on-road,WTT,n2o,Mt,2023,0.020169986272000003
Striving_on-road_WTT_n2o,on-road,WTT,n2o,Mt,2024,0.020190169344000003
Striving_on-road_WTT_n2o,on-road,WTT,n2o,Mt,2025,0.020138270016
Striving_on-road_WTT_n2o,on-road,WTT,n2o,Mt,2026,0.019723075392
Striving_on-road_WTT_n2o,on-road,WTT,n2o,Mt,2027,0.019183677248000002
Striving_on-road_WTT_n2o,on-road,WTT,n2o,Mt,2028,0.018504771936000003
Striving_on-road_WTT_n2o,on-road,WTT,n2o,Mt,2029,0.017661296960000003
Striving_on-road_WTT_n2o,on-road,WTT,n2o,Mt,2030,0.016593590272
Striving_on-road_WTT_n2o,on-road,WTT,n2o,Mt,2031,0.015944183296
Striving_on-road_WTT_n2o,on-road,WTT,n2o,Mt,2032,0.015288787936000001
Striving_on-road_WTT_n2o,on-road,WTT,n2o,Mt,2033,0.014622081184000001
Striving_on-road_WTT_n2o,on-road,WTT,n2o,Mt,2034,0.013942510496000001
Striving_on-road_WTT_n2o,on-road,WTT,n2o,Mt,2035,0.013272698656000002
Striving_on-road_WTT_n2o,on-road,WTT,n2o,Mt,2036,0.012650572096000002
Striving_on-road_WTT_n2o,on-road,WTT,n2o,Mt,2037,0.012054173408000001
Striving_on-road_WTT_n2o,on-road,WTT,n2o,Mt,2038,0.011491487104000001
Striving_on-road_WTT_n2o,on-road,WTT,n2o,Mt,2039,0.010962956768000002
Striving_on-road_WTT_n2o,on-road,WTT,n2o,Mt,2040,0.010468804192000001
Striving_on-road_WTT_n2o,on-road,WTT,n2o,Mt,2041,0.010040745632000001
Striving_on-road_WTT_n2o,on-road,WTT,n2o,Mt,2042,0.009653718592000001
Striving_on-road_WTT_n2o,on-road,WTT,n2o,Mt,2043,0.009315707584
Striving_on-road_WTT_n2o,on-road,WTT,n2o,Mt,2044,0.009024938272
Striving_on-road_WTT_n2o,on-road,WTT,n2o,Mt,2045,0.008783184992
Striving_on-road_WTT_n2o,on-road,WTT,n2o,Mt,2046,0.008592443872
Striving_on-road_WTT_n2o,on-road,WTT,n2o,Mt,2047,0.008435193344000001
Striving_on-road_WTT_n2o,on-road,WTT,n2o,Mt,2048,0.008309437280000002
Striving_on-road_WTT_n2o,on-road,WTT,n2o,Mt,2049,0.008213623136000001
Striving_on-road_WTT_n2o,on-road,WTT,n2o,Mt,2050,0.008144645824000001
BAU_off-road_WTT_co2,off-road,WTT,co2,Gt,2020,0.35760348873034215
BAU_off-road_WTT_co2,off-road,WTT,co2,Gt,2021,0.35843860997798616
BAU_off-road_WTT_co2,off-road,WTT,co2,Gt,2022,0.35927373122563017
BAU_off-road_WTT_co2,off-road,WTT,co2,Gt,2023,0.3601088524732742
BAU_off-road_WTT_co2,off-road,WTT,co2,Gt,2024,0.3609439737209182
BAU_off-road_WTT_co2,off-road,WTT,co2,Gt,2025,0.3617790949685621
BAU_off-road_WTT_co2,off-road,WTT,co2,Gt,2026,0.3608819072447319
BAU_off-road_WTT_co2,off-road,WTT,co2,Gt,2027,0.3599847195209018
BAU_off-road_WTT_co2,off-road,WTT,co2,Gt,2028,0.35908753179707154
BAU_off-road_WTT_co2,off-road,WTT,co2,Gt,2029,0.35819034407324124
BAU_off-road_WTT_co2,off-road,WTT,co2,Gt,2030,0.35729315634941106
BAU_off-road_WTT_co2,off-road,WTT,co2,Gt,2031,0.35872117449201457
BAU_off-road_WTT_co2,off-road,WTT,co2,Gt,2032,0.36014919263461814
BAU_off-road_WTT_co2,off-road,WTT,co2,Gt,2033,0.3615772107772217
BAU_off-road_WTT_co2,off-road,WTT,co2,Gt,2034,0.3630052289198252
BAU_off-road_WTT_co2,off-road,WTT,co2,Gt,2035,0.36443324706242874
BAU_off-road_WTT_co2,off-road,WTT,co2,Gt,2036,0.3658289702663972
BAU_off-road_WTT_co2,off-road,WTT,co2,Gt,2037,0.36722469347036585
BAU_off-road_WTT_co2,off-road,WTT,co2,Gt,2038,0.36862041667433426
BAU_off-road_WTT_co2,off-road,WTT,co2,Gt,2039,0.37001613987830273
BAU_off-road_WTT_co2,off-road,WTT,co2,Gt,2040,0.3714118630822713
BAU_off-road_WTT_co2,off-road,WTT,co2,Gt,2041,0.37125767945521043
BAU_off-road_WTT_co2,off-road,WTT,co2,Gt,2042,0.37110349582814955
BAU_off-road_WTT_co2,off-road,WTT,co2,Gt,2043,0.37094931220108873
BAU_off-road_WTT_co2,off-road,WTT,co2,Gt,2044,0.370795128574028
BAU_off-road_WTT_co2,off-road,WTT,co2,Gt,2045,0.37064094494696714
BAU_off-road_WTT_co2,off-road,WTT,co2,Gt,2046,0.3693785914384806
BAU_off-road_WTT_co2,off-road,WTT,co2,Gt,2047,0.36811623792999404
BAU_off-road_WTT_co2,off-road,WTT,co2,Gt,2048,0.36685388442150746
BAU_off-road_WTT_co2,off-road,WTT,co2,Gt,2049,0.36559153091302105
BAU_off-road_WTT_co2,off-road,WTT,co2,Gt,2050,0.36432917740453447
Striving_off-road_WTT_co2,off-road,WTT,co2,Gt,2020,0.35760348873034215
Striving_off-road_WTT_co2,off-road,WTT,co2,Gt,2021,0.35843860997798616
Striving_off-road_WTT_co2,off-road,WTT,co2,Gt,2022,0.35927373122563017
Striving_off-road_WTT_co2,off-road,WTT,co2,Gt,2023,0.3601088524732742
Striving_off-road_WTT_co2,off-road,WTT,co2,Gt,2024,0.3609439737209182
Striving_off-road_WTT_co2,off-road,WTT,co2,Gt,2025,0.3617790949685621
Striving_off-road_WTT_co2,off-road,WTT,co2,Gt,2026,0.3472049676587085
Striving_off-road_WTT_co2,off-road,WTT,co2,Gt,2027,0.33272811597975643
Striving_off-road_WTT_co2,off-road,WTT,co2,Gt,2028,0.3183485399317059
Striving_off-road_WTT_co2,off-road,WTT,co2,Gt,2029,0.30406623951455697
Striving_off-road_WTT_co2,off-road,WTT,co2,Gt,2030,0.2898812147283097
Striving_off-road_WTT_co2,off-road,WTT,co2,Gt,2031,0.2775722045937957
Striving_off-road_WTT_co2,off-road,WTT,co2,Gt,2032,0.26517831447498275
Striving_off-road_WTT_co2,off-road,WTT,co2,Gt,2033,0.25269954437187075
Striving_off-road_WTT_co2,off-road,WTT,co2,Gt,2034,0.24013589428445967
Striving_off-road_WTT_co2,off-road,WTT,co2,Gt,2035,0.22748736421274948
Striving_off-road_WTT_co2,off-road,WTT,co2,Gt,2036,0.21475983329069526
Striving_off-road_WTT_co2,off-road,WTT,co2,Gt,2037,0.20195436312481285
Striving_off-road_WTT_co2,off-road,WTT,co2,Gt,2038,0.18907095371510235
Striving_off-road_WTT_co2,off-road,WTT,co2,Gt,2039,0.17610960506156367
Striving_off-road_WTT_co2,off-road,WTT,co2,Gt,2040,0.16307031716419682
Striving_off-road_WTT_co2,off-road,WTT,co2,Gt,2041,0.14941532553772102
Striving_off-road_WTT_co2,off-road,WTT,co2,Gt,2042,0.13580891246063562
Striving_off-road_WTT_co2,off-road,WTT,co2,Gt,2043,0.1222510779329407
Striving_off-road_WTT_co2,off-road,WTT,co2,Gt,2044,0.10874182195463614
Striving_off-road_WTT_co2,off-road,WTT,co2,Gt,2045,0.09528114452572198
Striving_off-road_WTT_co2,off-road,WTT,co2,Gt,2046,0.08170591560905768
Striving_off-road_WTT_co2,off-road,WTT,co2,Gt,2047,0.06826926903647766
Striving_off-road_WTT_co2,off-road,WTT,co2,Gt,2048,0.05497120480798185
Striving_off-road_WTT_co2,off-road,WTT,co2,Gt,2049,0.04181172292357027
Striving_off-road_WTT_co2,off-road,WTT,co2,Gt,2050,0.028790823383242976
BAU_off-road_WTT_ch4,off-road,WTT,ch4,Mt,2020,3.0617500227585324
BAU_off-road_WTT_ch4,off-road,WTT,ch4,Mt,2021,3.0689002116676467
BAU_off-road_WTT_ch4,off-road,WTT,ch4,Mt,2022,3.07605040057676
BAU_off-road_WTT_ch4,off-road,WTT,ch4,Mt,2023,3.0832005894858745
BAU_off-road_WTT_ch4,off-road,WTT,ch4,Mt,2024,3.090350778394988
BAU_off-road_WTT_ch4,off-road,WTT,ch4,Mt,2025,3.097500967304102
BAU_off-road_WTT_ch4,off-road,WTT,ch4,Mt,2026,3.089819374085846
BAU_off-road_WTT_ch4,off-road,WTT,ch4,Mt,2027,3.0821377808675896
BAU_off-road_WTT_ch4,off-road,WTT,ch4,Mt,2028,3.0744561876493326
BAU_off-road_WTT_ch4,off-road,WTT,ch4,Mt,2029,3.066774594431076
BAU_off-road_WTT_ch4,off-road,WTT,ch4,Mt,2030,3.05909300121282
BAU_off-road_WTT_ch4,off-road,WTT,ch4,Mt,2031,3.0713194887007895
BAU_off-road_WTT_ch4,off-road,WTT,ch4,Mt,2032,3.0835459761887596
BAU_off-road_WTT_ch4,off-road,WTT,ch4,Mt,2033,3.09577246367673
BAU_off-road_WTT_ch4,off-road,WTT,ch4,Mt,2034,3.1079989511647
BAU_off-road_WTT_ch4,off-road,WTT,ch4,Mt,2035,3.12022543865267
BAU_off-road_WTT_ch4,off-road,WTT,ch4,Mt,2036,3.1321754214861364
BAU_off-road_WTT_ch4,off-road,WTT,ch4,Mt,2037,3.144125404319603
BAU_off-road_WTT_ch4,off-road,WTT,ch4,Mt,2038,3.1560753871530687
BAU_off-road_WTT_ch4,off-road,WTT,ch4,Mt,2039,3.1680253699865344
BAU_off-road_WTT_ch4,off-road,WTT,ch4,Mt,2040,3.179975352820001
BAU_off-road_WTT_ch4,off-road,WTT,ch4,Mt,2041,3.1786552546147546
BAU_off-road_WTT_ch4,off-road,WTT,ch4,Mt,2042,3.177335156409509
BAU_off-road_WTT_ch4,off-road,WTT,ch4,Mt,2043,3.176015058204263
BAU_off-road_WTT_ch4,off-road,WTT,ch4,Mt,2044,3.1746949599990186
BAU_off-road_WTT_ch4,off-road,WTT,ch4,Mt,2045,3.1733748617937727
BAU_off-road_WTT_ch4,off-road,WTT,ch4,Mt,2046,3.1625667712545544
BAU_off-road_WTT_ch4,off-road,WTT,ch4,Mt,2047,3.1517586807153357
BAU_off-road_WTT_ch4,off-road,WTT,ch4,Mt,2048,3.140950590176117
BAU_off-road_WTT_ch4,off-road,WTT,ch4,Mt,2049,3.1301424996368987
BAU_off-road_WTT_ch4,off-road,WTT,ch4,Mt,2050,3.11933440909768
Striving_off-road_WTT_ch4,off-road,WTT,ch4,Mt,2020,3.0617500227585324
Striving_off-road_WTT_ch4,off-road,WTT,ch4,Mt,2021,3.0689002116676467
Striving_off-road_WTT_ch4,off-road,WTT,ch4,Mt,2022,3.07605040057676
Striving_off-road_WTT_ch4,off-road,WTT,ch4,Mt,2023,3.0832005894858745
Striving_off-road_WTT_ch4,off-road,WTT,ch4,Mt,2024,3.090350778394988
Striving_off-road_WTT_ch4,off-road,WTT,ch4,Mt,2025,3.097500967304102
Striving_off-road_WTT_ch4,off-road,WTT,ch4,Mt,2026,2.9727193697278027
Striving_off-road_WTT_ch4,off-road,WTT,ch4,Mt,2027,2.8487706322172266
Striving_off-road_WTT_ch4,off-road,WTT,ch4,Mt,2028,2.7256547547723735
Striving_off-road_WTT_ch4,off-road,WTT,ch4,Mt,2029,2.6033717373932435
Striving_off-road_WTT_ch4,off-road,WTT,ch4,Mt,2030,2.4819215800798373
Striving_off-road_WTT_ch4,off-road,WTT,ch4,Mt,2031,2.376533592414254
Striving_off-road_WTT_ch4,off-road,WTT,ch4,Mt,2032,2.2704188744396845
Striving_off-road_WTT_ch4,off-road,WTT,ch4,Mt,2033,2.163577426156129
Striving_off-road_WTT_ch4,off-road,WTT,ch4,Mt,2034,2.056009247563588
Striving_off-road_WTT_ch4,off-road,WTT,ch4,Mt,2035,1.9477143386620612
Striving_off-road_WTT_ch4,off-road,WTT,ch4,Mt,2036,1.8387430357572272
Striving_off-road_WTT_ch4,off-road,WTT,ch4,Mt,2037,1.729104428172532
Striving_off-road_WTT_ch4,off-road,WTT,ch4,Mt,2038,1.6187985159079745
Striving_off-road_WTT_ch4,off-road,WTT,ch4,Mt,2039,1.5078252989635554
Striving_off-road_WTT_ch4,off-road,WTT,ch4,Mt,2040,1.3961847773392748
Striving_off-road_WTT_ch4,off-road,WTT,ch4,Mt,2041,1.279272688277817
Striving_off-road_WTT_ch4,off-road,WTT,ch4,Mt,2042,1.1627765218216717
Striving_off-road_WTT_ch4,off-road,WTT,ch4,Mt,2043,1.0466962779708398
Striving_off-road_WTT_ch4,off-road,WTT,ch4,Mt,2044,0.9310319567253202
Striving_off-road_WTT_ch4,off-road,WTT,ch4,Mt,2045,0.8157835580851134
Striving_off-road_WTT_ch4,off-road,WTT,ch4,Mt,2046,0.6995543859589676
Striving_off-road_WTT_ch4,off-road,WTT,ch4,Mt,2047,0.5845117360802989
Striving_off-road_WTT_ch4,off-road,WTT,ch4,Mt,2048,0.4706556084491065
Striving_off-road_WTT_ch4,off-road,WTT,ch4,Mt,2049,0.3579860030653909
Striving_off-road_WTT_ch4,off-road,WTT,ch4,Mt,2050,0.24650291992915235
BAU_off-road_WTT_n2o,off-road,WTT,n2o,Mt,2020,0.006541717578843682
BAU_off-road_WTT_n2o,off-road,WTT,n2o,Mt,2021,0.006556994631552467
BAU_off-road_WTT_n2o,off-road,WTT,n2o,Mt,2022,0.006572271684261251
BAU_off-road_WTT_n2o,off-road,WTT,n2o,Mt,2023,0.006587548736970036
BAU_off-road_WTT_n2o,off-road,WTT,n2o,Mt,2024,0.006602825789678819
BAU_off-road_WTT_n2o,off-road,WTT,n2o,Mt,2025,0.006618102842387605
BAU_off-road_WTT_n2o,off-road,WTT,n2o,Mt,2026,0.00660169039427268
BAU_off-road_WTT_n2o,off-road,WTT,n2o,Mt,2027,0.006585277946157755
BAU_off-road_WTT_n2o,off-road,WTT,n2o,Mt,2028,0.006568865498042829
BAU_off-road_WTT_n2o,off-road,WTT,n2o,Mt,2029,0.006552453049927904
BAU_off-road_WTT_n2o,off-road,WTT,n2o,Mt,2030,0.006536040601812979
BAU_off-road_WTT_n2o,off-road,WTT,n2o,Mt,2031,0.006562163645018022
BAU_off-road_WTT_n2o,off-road,WTT,n2o,Mt,2032,0.006588286688223068
BAU_off-road_WTT_n2o,off-road,WTT,n2o,Mt,2033,0.006614409731428112
BAU_off-road_WTT_n2o,off-road,WTT,n2o,Mt,2034,0.0066405327746331564
BAU_off-road_WTT_n2o,off-road,WTT,n2o,Mt,2035,0.006666655817838201
BAU_off-road_WTT_n2o,off-road,WTT,n2o,Mt,2036,0.006692188082780631
BAU_off-road_WTT_n2o,off-road,WTT,n2o,Mt,2037,0.006717720347723063
BAU_off-road_WTT_n2o,off-road,WTT,n2o,Mt,2038,0.006743252612665494
BAU_off-road_WTT_n2o,off-road,WTT,n2o,Mt,2039,0.0067687848776079255
BAU_off-road_WTT_n2o,off-road,WTT,n2o,Mt,2040,0.006794317142550356
BAU_off-road_WTT_n2o,off-road,WTT,n2o,Mt,2041,0.006791496628278823
BAU_off-road_WTT_n2o,off-road,WTT,n2o,Mt,2042,0.00678867611400729
BAU_off-road_WTT_n2o,off-road,WTT,n2o,Mt,2043,0.006785855599735759
BAU_off-road_WTT_n2o,off-road,WTT,n2o,Mt,2044,0.006783035085464226
BAU_off-road_WTT_n2o,off-road,WTT,n2o,Mt,2045,0.0067802145711926935
BAU_off-road_WTT_n2o,off-road,WTT,n2o,Mt,2046,0.006757122066792078
BAU_off-road_WTT_n2o,off-road,WTT,n2o,Mt,2047,0.006734029562391461
BAU_off-road_WTT_n2o,off-road,WTT,n2o,Mt,2048,0.006710937057990844
BAU_off-road_WTT_n2o,off-road,WTT,n2o,Mt,2049,0.006687844553590227
BAU_off-road_WTT_n2o,off-road,WTT,n2o,Mt,2050,0.00666475204918961
Striving_off-road_WTT_n2o,off-road,WTT,n2o,Mt,2020,0.006541717578843682
Striving_off-road_WTT_n2o,off-road,WTT,n2o,Mt,2021,0.006556994631552467
Striving_off-road_WTT_n2o,off-road,WTT,n2o,Mt,2022,0.006572271684261251
Striving_off-road_WTT_n2o,off-road,WTT,n2o,Mt,2023,0.006587548736970036
Striving_off-road_WTT_n2o,off-road,WTT,n2o,Mt,2024,0.006602825789678819
Striving_off-road_WTT_n2o,off-road,WTT,n2o,Mt,2025,0.006618102842387605
Striving_off-road_WTT_n2o,off-road,WTT,n2o,Mt,2026,0.006351495195024666
Striving_off-road_WTT_n2o,off-road,WTT,n2o,Mt,2027,0.006086667031712405
Striving_off-road_WTT_n2o,off-road,WTT,n2o,Mt,2028,0.0058236183524508186
Striving_off-road_WTT_n2o,off-road,WTT,n2o,Mt,2029,0.0055623491572399115
Striving_off-road_WTT_n2o,off-road,WTT,n2o,Mt,2030,0.005302859446079681
Striving_off-road_WTT_n2o,off-road,WTT,n2o,Mt,2031,0.005077688074678899
Striving_off-road_WTT_n2o,off-road,WTT,n2o,Mt,2032,0.004850963975458398
Striving_off-road_WTT_n2o,off-road,WTT,n2o,Mt,2033,0.004622687148418174
Striving_off-road_WTT_n2o,off-road,WTT,n2o,Mt,2034,0.004392857593558228
Striving_off-road_WTT_n2o,off-road,WTT,n2o,Mt,2035,0.00416147531087856
Striving_off-road_WTT_n2o,off-road,WTT,n2o,Mt,2036,0.0039286478486418525
Striving_off-road_WTT_n2o,off-road,WTT,n2o,Mt,2037,0.003694394627044568
Striving_off-road_WTT_n2o,off-road,WTT,n2o,Mt,2038,0.0034587156460867048
Striving_off-road_WTT_n2o,off-road,WTT,n2o,Mt,2039,0.003221610905768265
Striving_off-road_WTT_n2o,off-road,WTT,n2o,Mt,2040,0.0029830804060892477
Striving_off-road_WTT_n2o,off-road,WTT,n2o,Mt,2041,0.002733286705588639
Striving_off-road_WTT_n2o,off-road,WTT,n2o,Mt,2042,0.002484381662946571
Striving_off-road_WTT_n2o,off-road,WTT,n2o,Mt,2043,0.0022363652781630453
Striving_off-road_WTT_n2o,off-road,WTT,n2o,Mt,2044,0.0019892375512380604
Striving_off-road_WTT_n2o,off-road,WTT,n2o,Mt,2045,0.0017429984821716157
Striving_off-road_WTT_n2o,off-road,WTT,n2o,Mt,2046,0.001494663898087244
Striving_off-road_WTT_n2o,off-road,WTT,n2o,Mt,2047,0.0012488644306473775
Striving_off-road_WTT_n2o,off-road,WTT,n2o,Mt,2048,0.0010056000798520151
Striving_off-road_WTT_n2o,off-road,WTT,n2o,Mt,2049,0.0007648708457011572
Striving_off-road_WTT_n2o,off-road,WTT,n2o,Mt,2050,0.0005266767281948046
