Scenario,Sector,Species,Units,Year,ems,Source
BAU,Construction,co2,Mt,1990,122.0,TTW
BAU,Construction,bc,kt,1990,98.19,TTW
BAU,Construction,ch4,kt,1990,6.91,TTW
BAU,Construction,co2,Mt,1991,117.798,TTW
BAU,Construction,bc,kt,1991,94.994,TTW
BAU,Construction,ch4,kt,1991,6.668,TTW
BAU,Construction,co2,Mt,1992,113.596,TTW
BAU,Construction,bc,kt,1992,91.798,TTW
BAU,Construction,ch4,kt,1992,6.426,TTW
BAU,Construction,co2,Mt,1993,109.394,TTW
BAU,Construction,bc,kt,1993,88.602,TTW
BAU,Construction,ch4,kt,1993,6.184,TTW
BAU,Construction,co2,Mt,1994,105.192,TTW
BAU,Construction,bc,kt,1994,85.40599999999999,TTW
BAU,Construction,ch4,kt,1994,5.942,TTW
BAU,Construction,co2,Mt,1995,100.99,TTW
BAU,Construction,bc,kt,1995,82.21,TTW
BAU,Construction,ch4,kt,1995,5.7,TTW
BAU,Construction,co2,Mt,1996,102.81,TTW
BAU,Construction,bc,kt,1996,83.526,TTW
BAU,Construction,ch4,kt,1996,5.808,TTW
BAU,Construction,co2,Mt,1997,104.63,TTW
BAU,Construction,bc,kt,1997,84.842,TTW
BAU,Construction,ch4,kt,1997,5.916,TTW
BAU,Construction,co2,Mt,1998,106.45,TTW
BAU,Construction,bc,kt,1998,86.158,TTW
BAU,Construction,ch4,kt,1998,6.024,TTW
BAU,Construction,co2,Mt,1999,108.27,TTW
BAU,Construction,bc,kt,1999,87.474,TTW
BAU,Construction,ch4,kt,1999,6.132000000000001,TTW
BAU,Construction,co2,Mt,2000,110.09,TTW
BAU,Construction,bc,kt,2000,88.79,TTW
BAU,Construction,ch4,kt,2000,6.24,TTW
BAU,Construction,co2,Mt,2001,111.272,TTW
BAU,Construction,bc,kt,2001,88.324,TTW
BAU,Construction,ch4,kt,2001,6.306,TTW
BAU,Construction,co2,Mt,2002,112.45400000000001,TTW
BAU,Construction,bc,kt,2002,87.858,TTW
BAU,Construction,ch4,kt,2002,6.372,TTW
BAU,Construction,co2,Mt,2003,113.636,TTW
BAU,Construction,bc,kt,2003,87.392,TTW
BAU,Construction,ch4,kt,2003,6.438000000000001,TTW
BAU,Construction,co2,Mt,2004,114.818,TTW
BAU,Construction,bc,kt,2004,86.926,TTW
BAU,Construction,ch4,kt,2004,6.5040000000000004,TTW
BAU,Construction,co2,Mt,2005,116.0,TTW
BAU,Construction,bc,kt,2005,86.46,TTW
BAU,Construction,ch4,kt,2005,6.57,TTW
BAU,Construction,co2,Mt,2006,116.684,TTW
BAU,Construction,bc,kt,2006,86.092,TTW
BAU,Construction,ch4,kt,2006,6.628,TTW
BAU,Construction,co2,Mt,2007,117.368,TTW
BAU,Construction,bc,kt,2007,85.724,TTW
BAU,Construction,ch4,kt,2007,6.686,TTW
BAU,Construction,co2,Mt,2008,118.052,TTW
BAU,Construction,bc,kt,2008,85.356,TTW
BAU,Construction,ch4,kt,2008,6.744000000000001,TTW
BAU,Construction,co2,Mt,2009,118.736,TTW
BAU,Construction,bc,kt,2009,84.988,TTW
BAU,Construction,ch4,kt,2009,6.8020000000000005,TTW
BAU,Construction,co2,Mt,2010,119.42,TTW
BAU,Construction,bc,kt,2010,84.62,TTW
BAU,Construction,ch4,kt,2010,6.86,TTW
BAU,Construction,co2,Mt,2011,122.676,TTW
BAU,Construction,bc,kt,2011,84.22800000000001,TTW
BAU,Construction,ch4,kt,2011,7.064,TTW
BAU,Construction,co2,Mt,2012,125.932,TTW
BAU,Construction,bc,kt,2012,83.836,TTW
BAU,Construction,ch4,kt,2012,7.268,TTW
BAU,Construction,co2,Mt,2013,129.188,TTW
BAU,Construction,bc,kt,2013,83.444,TTW
BAU,Construction,ch4,kt,2013,7.4719999999999995,TTW
BAU,Construction,co2,Mt,2014,132.444,TTW
BAU,Construction,bc,kt,2014,83.05199999999999,TTW
BAU,Construction,ch4,kt,2014,7.676,TTW
BAU,Construction,co2,Mt,2015,135.7,TTW
BAU,Construction,bc,kt,2015,82.66,TTW
BAU,Construction,ch4,kt,2015,7.88,TTW
BAU,Construction,co2,Mt,2016,160.378,TTW
BAU,Construction,bc,kt,2016,89.26599999999999,TTW
BAU,Construction,ch4,kt,2016,9.326,TTW
BAU,Construction,co2,Mt,2017,185.05599999999998,TTW
BAU,Construction,bc,kt,2017,95.872,TTW
BAU,Construction,ch4,kt,2017,10.772,TTW
BAU,Construction,co2,Mt,2018,209.73399999999998,TTW
BAU,Construction,bc,kt,2018,102.478,TTW
BAU,Construction,ch4,kt,2018,12.218,TTW
BAU,Construction,co2,Mt,2019,234.41199999999998,TTW
BAU,Construction,bc,kt,2019,109.084,TTW
BAU,Construction,ch4,kt,2019,13.664,TTW
BAU,Construction,co2,Mt,2020,259.09,TTW
BAU,Construction,bc,kt,2020,115.69,TTW
BAU,Construction,ch4,kt,2020,15.11,TTW
BAU,Construction,co2,Mt,2021,260.238,TTW
BAU,Construction,bc,kt,2021,113.292,TTW
BAU,Construction,ch4,kt,2021,15.187999999999999,TTW
BAU,Construction,co2,Mt,2022,261.38599999999997,TTW
BAU,Construction,bc,kt,2022,110.894,TTW
BAU,Construction,ch4,kt,2022,15.266,TTW
BAU,Construction,co2,Mt,2023,262.534,TTW
BAU,Construction,bc,kt,2023,108.496,TTW
BAU,Construction,ch4,kt,2023,15.344,TTW
BAU,Construction,co2,Mt,2024,263.68199999999996,TTW
BAU,Construction,bc,kt,2024,106.098,TTW
BAU,Construction,ch4,kt,2024,15.422,TTW
BAU,Construction,co2,Mt,2025,264.83,TTW
BAU,Construction,bc,kt,2025,103.7,TTW
BAU,Construction,ch4,kt,2025,15.5,TTW
BAU,Construction,co2,Mt,2026,263.606,TTW
BAU,Construction,bc,kt,2026,101.738,TTW
BAU,Construction,ch4,kt,2026,15.468,TTW
BAU,Construction,co2,Mt,2027,262.382,TTW
BAU,Construction,bc,kt,2027,99.776,TTW
BAU,Construction,ch4,kt,2027,15.436,TTW
BAU,Construction,co2,Mt,2028,261.15799999999996,TTW
BAU,Construction,bc,kt,2028,97.81400000000001,TTW
BAU,Construction,ch4,kt,2028,15.404,TTW
BAU,Construction,co2,Mt,2029,259.93399999999997,TTW
BAU,Construction,bc,kt,2029,95.852,TTW
BAU,Construction,ch4,kt,2029,15.372,TTW
BAU,Construction,co2,Mt,2030,258.71,TTW
BAU,Construction,bc,kt,2030,93.89,TTW
BAU,Construction,ch4,kt,2030,15.34,TTW
BAU,Construction,co2,Mt,2031,261.662,TTW
BAU,Construction,bc,kt,2031,95.092,TTW
BAU,Construction,ch4,kt,2031,15.526,TTW
BAU,Construction,co2,Mt,2032,264.614,TTW
BAU,Construction,bc,kt,2032,96.294,TTW
BAU,Construction,ch4,kt,2032,15.712,TTW
BAU,Construction,co2,Mt,2033,267.56600000000003,TTW
BAU,Construction,bc,kt,2033,97.49600000000001,TTW
BAU,Construction,ch4,kt,2033,15.898,TTW
BAU,Construction,co2,Mt,2034,270.51800000000003,TTW
BAU,Construction,bc,kt,2034,98.69800000000001,TTW
BAU,Construction,ch4,kt,2034,16.084,TTW
BAU,Construction,co2,Mt,2035,273.47,TTW
BAU,Construction,bc,kt,2035,99.9,TTW
BAU,Construction,ch4,kt,2035,16.27,TTW
BAU,Construction,co2,Mt,2036,276.19,TTW
BAU,Construction,bc,kt,2036,101.08200000000001,TTW
BAU,Construction,ch4,kt,2036,16.46,TTW
BAU,Construction,co2,Mt,2037,278.91,TTW
BAU,Construction,bc,kt,2037,102.26400000000001,TTW
BAU,Construction,ch4,kt,2037,16.65,TTW
BAU,Construction,co2,Mt,2038,281.63,TTW
BAU,Construction,bc,kt,2038,103.446,TTW
BAU,Construction,ch4,kt,2038,16.84,TTW
BAU,Construction,co2,Mt,2039,284.35,TTW
BAU,Construction,bc,kt,2039,104.628,TTW
BAU,Construction,ch4,kt,2039,17.029999999999998,TTW
BAU,Construction,co2,Mt,2040,287.07,TTW
BAU,Construction,bc,kt,2040,105.81,TTW
BAU,Construction,ch4,kt,2040,17.22,TTW
BAU,Construction,co2,Mt,2041,286.628,TTW
BAU,Construction,bc,kt,2041,105.73,TTW
BAU,Construction,ch4,kt,2041,17.204,TTW
BAU,Construction,co2,Mt,2042,286.186,TTW
BAU,Construction,bc,kt,2042,105.65,TTW
BAU,Construction,ch4,kt,2042,17.188,TTW
BAU,Construction,co2,Mt,2043,285.744,TTW
BAU,Construction,bc,kt,2043,105.57,TTW
BAU,Construction,ch4,kt,2043,17.172,TTW
BAU,Construction,co2,Mt,2044,285.302,TTW
BAU,Construction,bc,kt,2044,105.49,TTW
BAU,Construction,ch4,kt,2044,17.156,TTW
BAU,Construction,co2,Mt,2045,284.86,TTW
BAU,Construction,bc,kt,2045,105.41,TTW
BAU,Construction,ch4,kt,2045,17.14,TTW
BAU,Construction,co2,Mt,2046,283.818,TTW
BAU,Construction,bc,kt,2046,105.286,TTW
BAU,Construction,ch4,kt,2046,17.088,TTW
BAU,Construction,co2,Mt,2047,282.776,TTW
BAU,Construction,bc,kt,2047,105.162,TTW
BAU,Construction,ch4,kt,2047,17.036,TTW
BAU,Construction,co2,Mt,2048,281.734,TTW
BAU,Construction,bc,kt,2048,105.038,TTW
BAU,Construction,ch4,kt,2048,16.983999999999998,TTW
BAU,Construction,co2,Mt,2049,280.692,TTW
BAU,Construction,bc,kt,2049,104.914,TTW
BAU,Construction,ch4,kt,2049,16.932,TTW
BAU,Construction,co2,Mt,2050,279.65,TTW
BAU,Construction,bc,kt,2050,104.79,TTW
BAU,Construction,ch4,kt,2050,16.88,TTW
Striving,Construction,co2,Mt,1990,122.0,TTW
Striving,Construction,bc,kt,1990,98.19,TTW
Striving,Construction,ch4,kt,1990,6.91,TTW
Striving,Construction,co2,Mt,1991,117.798,TTW
Striving,Construction,bc,kt,1991,94.994,TTW
Striving,Construction,ch4,kt,1991,6.668,TTW
Striving,Construction,co2,Mt,1992,113.596,TTW
Striving,Construction,bc,kt,1992,91.798,TTW
Striving,Construction,ch4,kt,1992,6.426,TTW
Striving,Construction,co2,Mt,1993,109.394,TTW
Striving,Construction,bc,kt,1993,88.602,TTW
Striving,Construction,ch4,kt,1993,6.184,TTW
Striving,Construction,co2,Mt,1994,105.192,TTW
Striving,Construction,bc,kt,1994,85.40599999999999,TTW
Striving,Construction,ch4,kt,1994,5.942,TTW
Striving,Construction,co2,Mt,1995,100.99,TTW
Striving,Construction,bc,kt,1995,82.21,TTW
Striving,Construction,ch4,kt,1995,5.7,TTW
Striving,Construction,co2,Mt,1996,102.81,TTW
Striving,Construction,bc,kt,1996,83.526,TTW
Striving,Construction,ch4,kt,1996,5.808,TTW
Striving,Construction,co2,Mt,1997,104.63,TTW
Striving,Construction,bc,kt,1997,84.842,TTW
Striving,Construction,ch4,kt,1997,5.916,TTW
Striving,Construction,co2,Mt,1998,106.45,TTW
Striving,Construction,bc,kt,1998,86.158,TTW
Striving,Construction,ch4,kt,1998,6.024,TTW
Striving,Construction,co2,Mt,1999,108.27,TTW
Striving,Construction,bc,kt,1999,87.474,TTW
Striving,Construction,ch4,kt,1999,6.132000000000001,TTW
Striving,Construction,co2,Mt,2000,110.09,TTW
Striving,Construction,bc,kt,2000,88.79,TTW
Striving,Construction,ch4,kt,2000,6.24,TTW
Striving,Construction,co2,Mt,2001,111.272,TTW
Striving,Construction,bc,kt,2001,88.324,TTW
Striving,Construction,ch4,kt,2001,6.306,TTW
Striving,Construction,co2,Mt,2002,112.45400000000001,TTW
Striving,Construction,bc,kt,2002,87.858,TTW
Striving,Construction,ch4,kt,2002,6.372,TTW
Striving,Construction,co2,Mt,2003,113.636,TTW
Striving,Construction,bc,kt,2003,87.392,TTW
Striving,Construction,ch4,kt,2003,6.438000000000001,TTW
Striving,Construction,co2,Mt,2004,114.818,TTW
Striving,Construction,bc,kt,2004,86.926,TTW
Striving,Construction,ch4,kt,2004,6.5040000000000004,TTW
Striving,Construction,co2,Mt,2005,116.0,TTW
Striving,Construction,bc,kt,2005,86.46,TTW
Striving,Construction,ch4,kt,2005,6.57,TTW
Striving,Construction,co2,Mt,2006,116.684,TTW
Striving,Construction,bc,kt,2006,86.092,TTW
Striving,Construction,ch4,kt,2006,6.628,TTW
Striving,Construction,co2,Mt,2007,117.368,TTW
Striving,Construction,bc,kt,2007,85.724,TTW
Striving,Construction,ch4,kt,2007,6.686,TTW
Striving,Construction,co2,Mt,2008,118.052,TTW
Striving,Construction,bc,kt,2008,85.356,TTW
Striving,Construction,ch4,kt,2008,6.744000000000001,TTW
Striving,Construction,co2,Mt,2009,118.736,TTW
Striving,Construction,bc,kt,2009,84.988,TTW
Striving,Construction,ch4,kt,2009,6.8020000000000005,TTW
Striving,Construction,co2,Mt,2010,119.42,TTW
Striving,Construction,bc,kt,2010,84.62,TTW
Striving,Construction,ch4,kt,2010,6.86,TTW
Striving,Construction,co2,Mt,2011,122.676,TTW
Striving,Construction,bc,kt,2011,84.22800000000001,TTW
Striving,Construction,ch4,kt,2011,7.064,TTW
Striving,Construction,co2,Mt,2012,125.932,TTW
Striving,Construction,bc,kt,2012,83.836,TTW
Striving,Construction,ch4,kt,2012,7.268,TTW
Striving,Construction,co2,Mt,2013,129.188,TTW
Striving,Construction,bc,kt,2013,83.444,TTW
Striving,Construction,ch4,kt,2013,7.4719999999999995,TTW
Striving,Construction,co2,Mt,2014,132.444,TTW
Striving,Construction,bc,kt,2014,83.05199999999999,TTW
Striving,Construction,ch4,kt,2014,7.676,TTW
Striving,Construction,co2,Mt,2015,135.7,TTW
Striving,Construction,bc,kt,2015,82.66,TTW
Striving,Construction,ch4,kt,2015,7.88,TTW
Striving,Construction,co2,Mt,2016,160.378,TTW
Striving,Construction,bc,kt,2016,89.26599999999999,TTW
Striving,Construction,ch4,kt,2016,9.326,TTW
Striving,Construction,co2,Mt,2017,185.05599999999998,TTW
Striving,Construction,bc,kt,2017,95.872,TTW
Striving,Construction,ch4,kt,2017,10.772,TTW
Striving,Construction,co2,Mt,2018,209.73399999999998,TTW
Striving,Construction,bc,kt,2018,102.478,TTW
Striving,Construction,ch4,kt,2018,12.218,TTW
Striving,Construction,co2,Mt,2019,234.41199999999998,TTW
Striving,Construction,bc,kt,2019,109.084,TTW
Striving,Construction,ch4,kt,2019,13.664,TTW
Striving,Construction,co2,Mt,2020,259.09,TTW
Striving,Construction,bc,kt,2020,115.69,TTW
Striving,Construction,ch4,kt,2020,15.11,TTW
Striving,Construction,co2,Mt,2021,253.29832000000002,TTW
Striving,Construction,bc,kt,2021,108.76032,TTW
Striving,Construction,ch4,kt,2021,14.782986666666666,TTW
Striving,Construction,co2,Mt,2022,247.4454133333333,TTW
Striving,Construction,bc,kt,2022,102.02248000000002,TTW
Striving,Construction,ch4,kt,2022,14.451813333333334,TTW
Striving,Construction,co2,Mt,2023,241.53128,TTW
Striving,Construction,bc,kt,2023,95.47648,TTW
Striving,Construction,ch4,kt,2023,14.11648,TTW
Striving,Construction,co2,Mt,2024,235.55591999999996,TTW
Striving,Construction,bc,kt,2024,89.12232,TTW
Striving,Construction,ch4,kt,2024,13.776986666666668,TTW
Striving,Construction,co2,Mt,2025,229.51933333333332,TTW
Striving,Construction,bc,kt,2025,82.96000000000001,TTW
Striving,Construction,ch4,kt,2025,13.433333333333334,TTW
Striving,Construction,co2,Mt,2026,221.42904,TTW
Striving,Construction,bc,kt,2026,77.32088,TTW
Striving,Construction,ch4,kt,2026,12.99312,TTW
Striving,Construction,co2,Mt,2027,213.40402666666668,TTW
Striving,Construction,bc,kt,2027,71.83872,TTW
Striving,Construction,ch4,kt,2027,12.554613333333334,TTW
Striving,Construction,co2,Mt,2028,205.4442933333333,TTW
Striving,Construction,bc,kt,2028,66.51352,TTW
Striving,Construction,ch4,kt,2028,12.117813333333332,TTW
Striving,Construction,co2,Mt,2029,197.54984,TTW
Striving,Construction,bc,kt,2029,61.34528,TTW
Striving,Construction,ch4,kt,2029,11.68272,TTW
Striving,Construction,co2,Mt,2030,189.72066666666666,TTW
Striving,Construction,bc,kt,2030,56.333999999999996,TTW
Striving,Construction,ch4,kt,2030,11.249333333333334,TTW
Striving,Construction,co2,Mt,2031,184.9078133333333,TTW
Striving,Construction,bc,kt,2031,53.251520000000006,TTW
Striving,Construction,ch4,kt,2031,10.971706666666666,TTW
Striving,Construction,co2,Mt,2032,179.93751999999998,TTW
Striving,Construction,bc,kt,2032,50.07288,TTW
Striving,Construction,ch4,kt,2032,10.684159999999999,TTW
Striving,Construction,co2,Mt,2033,174.8097866666667,TTW
Striving,Construction,bc,kt,2033,46.798080000000006,TTW
Striving,Construction,ch4,kt,2033,10.386693333333334,TTW
Striving,Construction,co2,Mt,2034,169.52461333333335,TTW
Striving,Construction,bc,kt,2034,43.427119999999995,TTW
Striving,Construction,ch4,kt,2034,10.079306666666668,TTW
Striving,Construction,co2,Mt,2035,164.08200000000002,TTW
Striving,Construction,bc,kt,2035,39.96000000000001,TTW
Striving,Construction,ch4,kt,2035,9.761999999999999,TTW
Striving,Construction,co2,Mt,2036,154.6664,TTW
Striving,Construction,bc,kt,2036,37.73728000000001,TTW
Striving,Construction,ch4,kt,2036,9.217600000000001,TTW
Striving,Construction,co2,Mt,2037,145.03320000000002,TTW
Striving,Construction,bc,kt,2037,35.45152,TTW
Striving,Construction,ch4,kt,2037,8.658,TTW
Striving,Construction,co2,Mt,2038,135.1824,TTW
Striving,Construction,bc,kt,2038,33.102720000000005,TTW
Striving,Construction,ch4,kt,2038,8.0832,TTW
Striving,Construction,co2,Mt,2039,125.11399999999999,TTW
Striving,Construction,bc,kt,2039,30.69088,TTW
Striving,Construction,ch4,kt,2039,7.493199999999998,TTW
Striving,Construction,co2,Mt,2040,114.82799999999997,TTW
Striving,Construction,bc,kt,2040,28.216000000000005,TTW
Striving,Construction,ch4,kt,2040,6.887999999999998,TTW
Striving,Construction,co2,Mt,2041,103.18607999999999,TTW
Striving,Construction,bc,kt,2041,25.3752,TTW
Striving,Construction,ch4,kt,2041,6.19344,TTW
Striving,Construction,co2,Mt,2042,91.57951999999997,TTW
Striving,Construction,bc,kt,2042,22.53866666666667,TTW
Striving,Construction,ch4,kt,2042,5.500159999999998,TTW
Striving,Construction,co2,Mt,2043,80.00832000000001,TTW
Striving,Construction,bc,kt,2043,19.706399999999995,TTW
Striving,Construction,ch4,kt,2043,4.808160000000001,TTW
Striving,Construction,co2,Mt,2044,68.47248,TTW
Striving,Construction,bc,kt,2044,16.878400000000003,TTW
Striving,Construction,ch4,kt,2044,4.117439999999999,TTW
Striving,Construction,co2,Mt,2045,56.97199999999999,TTW
Striving,Construction,bc,kt,2045,14.054666666666662,TTW
Striving,Construction,ch4,kt,2045,3.4279999999999995,TTW
Striving,Construction,co2,Mt,2046,45.41087999999998,TTW
Striving,Construction,bc,kt,2046,11.230506666666669,TTW
Striving,Construction,ch4,kt,2046,2.7340799999999987,TTW
Striving,Construction,co2,Mt,2047,33.93312,TTW
Striving,Construction,bc,kt,2047,8.412960000000007,TTW
Striving,Construction,ch4,kt,2047,2.04432,TTW
Striving,Construction,co2,Mt,2048,22.538719999999987,TTW
Striving,Construction,bc,kt,2048,5.602026666666667,TTW
Striving,Construction,ch4,kt,2048,1.3587199999999993,TTW
Striving,Construction,co2,Mt,2049,11.22767999999998,TTW
Striving,Construction,bc,kt,2049,2.7977066666666612,TTW
Striving,Construction,ch4,kt,2049,0.6772799999999987,TTW
Striving,Construction,co2,Mt,2050,0.0,TTW
Striving,Construction,bc,kt,2050,0.0,TTW
Striving,Construction,ch4,kt,2050,0.0,TTW
BAU,Construction,co2,Mt,1990,67.30185907354,WTT
BAU,Construction,co2,Mt,1991,64.98380651758086,WTT
BAU,Construction,co2,Mt,1992,62.66575396162172,WTT
BAU,Construction,co2,Mt,1993,60.347701405662576,WTT
BAU,Construction,co2,Mt,1994,58.02964884970344,WTT
BAU,Construction,co2,Mt,1995,55.7115962937443,WTT
BAU,Construction,co2,Mt,1996,56.7156076340217,WTT
BAU,Construction,co2,Mt,1997,57.7196189742991,WTT
BAU,Construction,co2,Mt,1998,58.723630314576496,WTT
BAU,Construction,co2,Mt,1999,59.7276416548539,WTT
BAU,Construction,co2,Mt,2000,60.731652995131306,WTT
BAU,Construction,co2,Mt,2001,61.383708711729035,WTT
BAU,Construction,co2,Mt,2002,62.03576442832678,WTT
BAU,Construction,co2,Mt,2003,62.68782014492452,WTT
BAU,Construction,co2,Mt,2004,63.33987586152226,WTT
BAU,Construction,co2,Mt,2005,63.991931578119996,WTT
BAU,Construction,co2,Mt,2006,64.36926331259788,WTT
BAU,Construction,co2,Mt,2007,64.74659504707576,WTT
BAU,Construction,co2,Mt,2008,65.12392678155364,WTT
BAU,Construction,co2,Mt,2009,65.50125851603153,WTT
BAU,Construction,co2,Mt,2010,65.87859025050939,WTT
BAU,Construction,co2,Mt,2011,67.67477757135732,WTT
BAU,Construction,co2,Mt,2012,69.47096489220525,WTT
BAU,Construction,co2,Mt,2013,71.26715221305315,WTT
BAU,Construction,co2,Mt,2014,73.06333953390106,WTT
BAU,Construction,co2,Mt,2015,74.85952685474898,WTT
BAU,Construction,co2,Mt,2016,88.47325864341146,WTT
BAU,Construction,co2,Mt,2017,102.0869904320739,WTT
BAU,Construction,co2,Mt,2018,115.7007222207364,WTT
BAU,Construction,co2,Mt,2019,129.31445400939882,WTT
BAU,Construction,co2,Mt,2020,142.92818579806126,WTT
BAU,Construction,co2,Mt,2021,143.56148525885166,WTT
BAU,Construction,co2,Mt,2022,144.194784719642,WTT
BAU,Construction,co2,Mt,2023,144.82808418043237,WTT
BAU,Construction,co2,Mt,2024,145.4613836412227,WTT
BAU,Construction,co2,Mt,2025,146.09468310201308,WTT
BAU,Construction,co2,Mt,2026,145.41945789294743,WTT
BAU,Construction,co2,Mt,2027,144.74423268388173,WTT
BAU,Construction,co2,Mt,2028,144.06900747481603,WTT
BAU,Construction,co2,Mt,2029,143.39378226575036,WTT
BAU,Construction,co2,Mt,2030,142.71855705668472,WTT
BAU,Construction,co2,Mt,2031,144.34704138443132,WTT
BAU,Construction,co2,Mt,2032,145.97552571217796,WTT
BAU,Construction,co2,Mt,2033,147.60401003992465,WTT
BAU,Construction,co2,Mt,2034,149.23249436767128,WTT
BAU,Construction,co2,Mt,2035,150.86097869541794,WTT
BAU,Construction,co2,Mt,2036,152.36147916000832,WTT
BAU,Construction,co2,Mt,2037,153.86197962459872,WTT
BAU,Construction,co2,Mt,2038,155.3624800891891,WTT
BAU,Construction,co2,Mt,2039,156.86298055377952,WTT
BAU,Construction,co2,Mt,2040,158.3634810183699,WTT
BAU,Construction,co2,Mt,2041,158.11964969287396,WTT
BAU,Construction,co2,Mt,2042,157.87581836737803,WTT
BAU,Construction,co2,Mt,2043,157.6319870418821,WTT
BAU,Construction,co2,Mt,2044,157.38815571638617,WTT
BAU,Construction,co2,Mt,2045,157.1443243908902,WTT
BAU,Construction,co2,Mt,2046,156.56950031585225,WTT
BAU,Construction,co2,Mt,2047,155.9946762408143,WTT
BAU,Construction,co2,Mt,2048,155.41985216577638,WTT
BAU,Construction,co2,Mt,2049,154.84502809073842,WTT
BAU,Construction,co2,Mt,2050,154.27020401570047,WTT
Striving,Construction,co2,Mt,1990,67.30185907354,WTT
Striving,Construction,co2,Mt,1991,64.98380651758086,WTT
Striving,Construction,co2,Mt,1992,62.66575396162172,WTT
Striving,Construction,co2,Mt,1993,60.347701405662576,WTT
Striving,Construction,co2,Mt,1994,58.02964884970344,WTT
Striving,Construction,co2,Mt,1995,55.7115962937443,WTT
Striving,Construction,co2,Mt,1996,56.7156076340217,WTT
Striving,Construction,co2,Mt,1997,57.7196189742991,WTT
Striving,Construction,co2,Mt,1998,58.723630314576496,WTT
Striving,Construction,co2,Mt,1999,59.7276416548539,WTT
Striving,Construction,co2,Mt,2000,60.731652995131306,WTT
Striving,Construction,co2,Mt,2001,61.383708711729035,WTT
Striving,Construction,co2,Mt,2002,62.03576442832678,WTT
Striving,Construction,co2,Mt,2003,62.68782014492452,WTT
Striving,Construction,co2,Mt,2004,63.33987586152226,WTT
Striving,Construction,co2,Mt,2005,63.991931578119996,WTT
Striving,Construction,co2,Mt,2006,64.36926331259788,WTT
Striving,Construction,co2,Mt,2007,64.74659504707576,WTT
Striving,Construction,co2,Mt,2008,65.12392678155364,WTT
Striving,Construction,co2,Mt,2009,65.50125851603153,WTT
Striving,Construction,co2,Mt,2010,65.87859025050939,WTT
Striving,Construction,co2,Mt,2011,67.67477757135732,WTT
Striving,Construction,co2,Mt,2012,69.47096489220525,WTT
Striving,Construction,co2,Mt,2013,71.26715221305315,WTT
Striving,Construction,co2,Mt,2014,73.06333953390106,WTT
Striving,Construction,co2,Mt,2015,74.85952685474898,WTT
Striving,Construction,co2,Mt,2016,88.47325864341146,WTT
Striving,Construction,co2,Mt,2017,102.0869904320739,WTT
Striving,Construction,co2,Mt,2018,115.7007222207364,WTT
Striving,Construction,co2,Mt,2019,129.31445400939882,WTT
Striving,Construction,co2,Mt,2020,142.92818579806126,WTT
Striving,Construction,co2,Mt,2021,139.73317898528228,WTT
Striving,Construction,co2,Mt,2022,136.5043962012611,WTT
Striving,Construction,co2,Mt,2023,133.2418374459978,WTT
Striving,Construction,co2,Mt,2024,129.94550271949228,WTT
Striving,Construction,co2,Mt,2025,126.61539202174468,WTT
Striving,Construction,co2,Mt,2026,122.15234463007585,WTT
Striving,Construction,co2,Mt,2027,117.72530924955716,WTT
Striving,Construction,co2,Mt,2028,113.3342858801886,WTT
Striving,Construction,co2,Mt,2029,108.9792745219703,WTT
Striving,Construction,co2,Mt,2030,104.66027517490211,WTT
Striving,Construction,co2,Mt,2031,102.00524257833146,WTT
Striving,Construction,co2,Mt,2032,99.26335748428102,WTT
Striving,Construction,co2,Mt,2033,96.43461989275077,WTT
Striving,Construction,co2,Mt,2034,93.51902980374065,WTT
Striving,Construction,co2,Mt,2035,90.51658721725074,WTT
Striving,Construction,co2,Mt,2036,85.32242832960465,WTT
Striving,Construction,co2,Mt,2037,80.00822940479134,WTT
Striving,Construction,co2,Mt,2038,74.57399044281077,WTT
Striving,Construction,co2,Mt,2039,69.01971144366298,WTT
Striving,Construction,co2,Mt,2040,63.34539240734795,WTT
Striving,Construction,co2,Mt,2041,56.923073889434626,WTT
Striving,Construction,co2,Mt,2042,50.520261877560955,WTT
Striving,Construction,co2,Mt,2043,44.13695637172699,WTT
Striving,Construction,co2,Mt,2044,37.77315737193267,WTT
Striving,Construction,co2,Mt,2045,31.428864878178036,WTT
Striving,Construction,co2,Mt,2046,25.05112005053635,WTT
Striving,Construction,co2,Mt,2047,18.71936114889772,WTT
Striving,Construction,co2,Mt,2048,12.433588173262104,WTT
Striving,Construction,co2,Mt,2049,6.193801123629526,WTT
Striving,Construction,co2,Mt,2050,0.0,WTT
BAU,Construction,ch4,kt,1990,576.228910075,WTT
BAU,Construction,ch4,kt,1991,556.382074991925,WTT
BAU,Construction,ch4,kt,1992,536.53523990885,WTT
BAU,Construction,ch4,kt,1993,516.688404825775,WTT
BAU,Construction,ch4,kt,1994,496.8415697427,WTT
BAU,Construction,ch4,kt,1995,476.994734659625,WTT
BAU,Construction,ch4,kt,1996,485.590936432875,WTT
BAU,Construction,ch4,kt,1997,494.18713820612504,WTT
BAU,Construction,ch4,kt,1998,502.78333997937506,WTT
BAU,Construction,ch4,kt,1999,511.379541752625,WTT
BAU,Construction,ch4,kt,2000,519.975743525875,WTT
BAU,Construction,ch4,kt,2001,525.5585514907001,WTT
BAU,Construction,ch4,kt,2002,531.141359455525,WTT
BAU,Construction,ch4,kt,2003,536.7241674203501,WTT
BAU,Construction,ch4,kt,2004,542.3069753851751,WTT
BAU,Construction,ch4,kt,2005,547.88978335,WTT
BAU,Construction,ch4,kt,2006,551.1204437966501,WTT
BAU,Construction,ch4,kt,2007,554.3511042433,WTT
BAU,Construction,ch4,kt,2008,557.5817646899501,WTT
BAU,Construction,ch4,kt,2009,560.8124251366,WTT
BAU,Construction,ch4,kt,2010,564.04308558325,WTT
BAU,Construction,ch4,kt,2011,579.4217850193501,WTT
BAU,Construction,ch4,kt,2012,594.8004844554501,WTT
BAU,Construction,ch4,kt,2013,610.17918389155,WTT
BAU,Construction,ch4,kt,2014,625.55788332765,WTT
BAU,Construction,ch4,kt,2015,640.9365827637499,WTT
BAU,Construction,ch4,kt,2016,757.495410983675,WTT
BAU,Construction,ch4,kt,2017,874.0542392036,WTT
BAU,Construction,ch4,kt,2018,990.6130674235251,WTT
BAU,Construction,ch4,kt,2019,1107.17189564345,WTT
BAU,Construction,ch4,kt,2020,1223.7307238633748,WTT
BAU,Construction,ch4,kt,2021,1229.152943443425,WTT
BAU,Construction,ch4,kt,2022,1234.575163023475,WTT
BAU,Construction,ch4,kt,2023,1239.9973826035252,WTT
BAU,Construction,ch4,kt,2024,1245.419602183575,WTT
BAU,Construction,ch4,kt,2025,1250.8418217636251,WTT
BAU,Construction,ch4,kt,2026,1245.0606399117253,WTT
BAU,Construction,ch4,kt,2027,1239.279458059825,WTT
BAU,Construction,ch4,kt,2028,1233.4982762079248,WTT
BAU,Construction,ch4,kt,2029,1227.717094356025,WTT
BAU,Construction,ch4,kt,2030,1221.935912504125,WTT
BAU,Construction,ch4,kt,2031,1235.878762852825,WTT
BAU,Construction,ch4,kt,2032,1249.821613201525,WTT
BAU,Construction,ch4,kt,2033,1263.7644635502254,WTT
BAU,Construction,ch4,kt,2034,1277.7073138989253,WTT
BAU,Construction,ch4,kt,2035,1291.6501642476253,WTT
BAU,Construction,ch4,kt,2036,1304.497235029625,WTT
BAU,Construction,ch4,kt,2037,1317.3443058116254,WTT
BAU,Construction,ch4,kt,2038,1330.1913765936251,WTT
BAU,Construction,ch4,kt,2039,1343.0384473756253,WTT
BAU,Construction,ch4,kt,2040,1355.885518157625,WTT
BAU,Construction,ch4,kt,2041,1353.7978691555502,WTT
BAU,Construction,ch4,kt,2042,1351.7102201534751,WTT
BAU,Construction,ch4,kt,2043,1349.6225711514003,WTT
BAU,Construction,ch4,kt,2044,1347.534922149325,WTT
BAU,Construction,ch4,kt,2045,1345.4472731472501,WTT
BAU,Construction,ch4,kt,2046,1340.525711472675,WTT
BAU,Construction,ch4,kt,2047,1335.6041497981003,WTT
BAU,Construction,ch4,kt,2048,1330.6825881235252,WTT
BAU,Construction,ch4,kt,2049,1325.7610264489501,WTT
BAU,Construction,ch4,kt,2050,1320.8394647743748,WTT
Striving,Construction,ch4,kt,1990,576.228910075,WTT
Striving,Construction,ch4,kt,1991,556.382074991925,WTT
Striving,Construction,ch4,kt,1992,536.53523990885,WTT
Striving,Construction,ch4,kt,1993,516.688404825775,WTT
Striving,Construction,ch4,kt,1994,496.8415697427,WTT
Striving,Construction,ch4,kt,1995,476.994734659625,WTT
Striving,Construction,ch4,kt,1996,485.590936432875,WTT
Striving,Construction,ch4,kt,1997,494.18713820612504,WTT
Striving,Construction,ch4,kt,1998,502.78333997937506,WTT
Striving,Construction,ch4,kt,1999,511.379541752625,WTT
Striving,Construction,ch4,kt,2000,519.975743525875,WTT
Striving,Construction,ch4,kt,2001,525.5585514907001,WTT
Striving,Construction,ch4,kt,2002,531.141359455525,WTT
Striving,Construction,ch4,kt,2003,536.7241674203501,WTT
Striving,Construction,ch4,kt,2004,542.3069753851751,WTT
Striving,Construction,ch4,kt,2005,547.88978335,WTT
Striving,Construction,ch4,kt,2006,551.1204437966501,WTT
Striving,Construction,ch4,kt,2007,554.3511042433,WTT
Striving,Construction,ch4,kt,2008,557.5817646899501,WTT
Striving,Construction,ch4,kt,2009,560.8124251366,WTT
Striving,Construction,ch4,kt,2010,564.04308558325,WTT
Striving,Construction,ch4,kt,2011,579.4217850193501,WTT
Striving,Construction,ch4,kt,2012,594.8004844554501,WTT
Striving,Construction,ch4,kt,2013,610.17918389155,WTT
Striving,Construction,ch4,kt,2014,625.55788332765,WTT
Striving,Construction,ch4,kt,2015,640.9365827637499,WTT
Striving,Construction,ch4,kt,2016,757.495410983675,WTT
Striving,Construction,ch4,kt,2017,874.0542392036,WTT
Striving,Construction,ch4,kt,2018,990.6130674235251,WTT
Striving,Construction,ch4,kt,2019,1107.17189564345,WTT
Striving,Construction,ch4,kt,2020,1223.7307238633748,WTT
Striving,Construction,ch4,kt,2021,1196.3755316182671,WTT
Striving,Construction,ch4,kt,2022,1168.7311543288897,WTT
Striving,Construction,ch4,kt,2023,1140.7975919952432,WTT
Striving,Construction,ch4,kt,2024,1112.574844617327,WTT
Striving,Construction,ch4,kt,2025,1084.0629121951417,WTT
Striving,Construction,ch4,kt,2026,1045.850937525849,WTT
Striving,Construction,ch4,kt,2027,1007.9472925553246,WTT
Striving,Construction,ch4,kt,2028,970.3519772835674,WTT
Striving,Construction,ch4,kt,2029,933.0649917105792,WTT
Striving,Construction,ch4,kt,2030,896.0863358363584,WTT
Striving,Construction,ch4,kt,2031,873.3543257493296,WTT
Striving,Construction,ch4,kt,2032,849.8786969770371,WTT
Striving,Construction,ch4,kt,2033,825.6594495194806,WTT
Striving,Construction,ch4,kt,2034,800.6965833766599,WTT
Striving,Construction,ch4,kt,2035,774.9900985485752,WTT
Striving,Construction,ch4,kt,2036,730.5184516165901,WTT
Striving,Construction,ch4,kt,2037,685.0190390220453,WTT
Striving,Construction,ch4,kt,2038,638.4918607649402,WTT
Striving,Construction,ch4,kt,2039,590.936916845275,WTT
Striving,Construction,ch4,kt,2040,542.35420726305,WTT
Striving,Construction,ch4,kt,2041,487.3672328959981,WTT
Striving,Construction,ch4,kt,2042,432.547270449112,WTT
Striving,Construction,ch4,kt,2043,377.8943199223921,WTT
Striving,Construction,ch4,kt,2044,323.408381315838,WTT
Striving,Construction,ch4,kt,2045,269.08945462944996,WTT
Striving,Construction,ch4,kt,2046,214.4841138356279,WTT
Striving,Construction,ch4,kt,2047,160.272497975772,WTT
Striving,Construction,ch4,kt,2048,106.45460704988194,WTT
Striving,Construction,ch4,kt,2049,53.03044105795791,WTT
Striving,Construction,ch4,kt,2050,0.0,WTT
BAU,Construction,n2o,kt,1990,1.2311673920000001,WTT
BAU,Construction,n2o,kt,1991,1.188762757728,WTT
BAU,Construction,n2o,kt,1992,1.146358123456,WTT
BAU,Construction,n2o,kt,1993,1.1039534891840002,WTT
BAU,Construction,n2o,kt,1994,1.061548854912,WTT
BAU,Construction,n2o,kt,1995,1.01914422064,WTT
BAU,Construction,n2o,kt,1996,1.0375108161600002,WTT
BAU,Construction,n2o,kt,1997,1.05587741168,WTT
BAU,Construction,n2o,kt,1998,1.0742440072000001,WTT
BAU,Construction,n2o,kt,1999,1.09261060272,WTT
BAU,Construction,n2o,kt,2000,1.11097719824,WTT
BAU,Construction,n2o,kt,2001,1.1229053937920002,WTT
BAU,Construction,n2o,kt,2002,1.1348335893440002,WTT
BAU,Construction,n2o,kt,2003,1.1467617848960001,WTT
BAU,Construction,n2o,kt,2004,1.158689980448,WTT
BAU,Construction,n2o,kt,2005,1.170618176,WTT
BAU,Construction,n2o,kt,2006,1.177520786624,WTT
BAU,Construction,n2o,kt,2007,1.1844233972480003,WTT
BAU,Construction,n2o,kt,2008,1.191326007872,WTT
BAU,Construction,n2o,kt,2009,1.198228618496,WTT
BAU,Construction,n2o,kt,2010,1.2051312291200003,WTT
BAU,Construction,n2o,kt,2011,1.237989270336,WTT
BAU,Construction,n2o,kt,2012,1.270847311552,WTT
BAU,Construction,n2o,kt,2013,1.303705352768,WTT
BAU,Construction,n2o,kt,2014,1.3365633939839998,WTT
BAU,Construction,n2o,kt,2015,1.3694214351999998,WTT
BAU,Construction,n2o,kt,2016,1.618460360608,WTT
BAU,Construction,n2o,kt,2017,1.867499286016,WTT
BAU,Construction,n2o,kt,2018,2.1165382114240003,WTT
BAU,Construction,n2o,kt,2019,2.365577136832,WTT
BAU,Construction,n2o,kt,2020,2.61461606224,WTT
BAU,Construction,n2o,kt,2021,2.6262011455680003,WTT
BAU,Construction,n2o,kt,2022,2.6377862288959997,WTT
BAU,Construction,n2o,kt,2023,2.6493713122240004,WTT
BAU,Construction,n2o,kt,2024,2.6609563955519997,WTT
BAU,Construction,n2o,kt,2025,2.6725414788800004,WTT
BAU,Construction,n2o,kt,2026,2.6601894388160003,WTT
BAU,Construction,n2o,kt,2027,2.647837398752,WTT
BAU,Construction,n2o,kt,2028,2.635485358688,WTT
BAU,Construction,n2o,kt,2029,2.623133318624,WTT
BAU,Construction,n2o,kt,2030,2.61078127856,WTT
BAU,Construction,n2o,kt,2031,2.640571492832,WTT
BAU,Construction,n2o,kt,2032,2.6703617071039996,WTT
BAU,Construction,n2o,kt,2033,2.7001519213760004,WTT
BAU,Construction,n2o,kt,2034,2.7299421356480007,WTT
BAU,Construction,n2o,kt,2035,2.7597323499200006,WTT
BAU,Construction,n2o,kt,2036,2.7871813278400004,WTT
BAU,Construction,n2o,kt,2037,2.814630305760001,WTT
BAU,Construction,n2o,kt,2038,2.8420792836800004,WTT
BAU,Construction,n2o,kt,2039,2.8695282616000006,WTT
BAU,Construction,n2o,kt,2040,2.89697723952,WTT
BAU,Construction,n2o,kt,2041,2.8925167806080005,WTT
BAU,Construction,n2o,kt,2042,2.8880563216960002,WTT
BAU,Construction,n2o,kt,2043,2.8835958627840004,WTT
BAU,Construction,n2o,kt,2044,2.8791354038720005,WTT
BAU,Construction,n2o,kt,2045,2.87467494496,WTT
BAU,Construction,n2o,kt,2046,2.8641595644480002,WTT
BAU,Construction,n2o,kt,2047,2.853644183936,WTT
BAU,Construction,n2o,kt,2048,2.8431288034240003,WTT
BAU,Construction,n2o,kt,2049,2.8326134229120004,WTT
BAU,Construction,n2o,kt,2050,2.8220980424,WTT
Striving,Construction,n2o,kt,1990,1.2311673920000001,WTT
Striving,Construction,n2o,kt,1991,1.188762757728,WTT
Striving,Construction,n2o,kt,1992,1.146358123456,WTT
Striving,Construction,n2o,kt,1993,1.1039534891840002,WTT
Striving,Construction,n2o,kt,1994,1.061548854912,WTT
Striving,Construction,n2o,kt,1995,1.01914422064,WTT
Striving,Construction,n2o,kt,1996,1.0375108161600002,WTT
Striving,Construction,n2o,kt,1997,1.05587741168,WTT
Striving,Construction,n2o,kt,1998,1.0742440072000001,WTT
Striving,Construction,n2o,kt,1999,1.09261060272,WTT
Striving,Construction,n2o,kt,2000,1.11097719824,WTT
Striving,Construction,n2o,kt,2001,1.1229053937920002,WTT
Striving,Construction,n2o,kt,2002,1.1348335893440002,WTT
Striving,Construction,n2o,kt,2003,1.1467617848960001,WTT
Striving,Construction,n2o,kt,2004,1.158689980448,WTT
Striving,Construction,n2o,kt,2005,1.170618176,WTT
Striving,Construction,n2o,kt,2006,1.177520786624,WTT
Striving,Construction,n2o,kt,2007,1.1844233972480003,WTT
Striving,Construction,n2o,kt,2008,1.191326007872,WTT
Striving,Construction,n2o,kt,2009,1.198228618496,WTT
Striving,Construction,n2o,kt,2010,1.2051312291200003,WTT
Striving,Construction,n2o,kt,2011,1.237989270336,WTT
Striving,Construction,n2o,kt,2012,1.270847311552,WTT
Striving,Construction,n2o,kt,2013,1.303705352768,WTT
Striving,Construction,n2o,kt,2014,1.3365633939839998,WTT
Striving,Construction,n2o,kt,2015,1.3694214351999998,WTT
Striving,Construction,n2o,kt,2016,1.618460360608,WTT
Striving,Construction,n2o,kt,2017,1.867499286016,WTT
Striving,Construction,n2o,kt,2018,2.1165382114240003,WTT
Striving,Construction,n2o,kt,2019,2.365577136832,WTT
Striving,Construction,n2o,kt,2020,2.61461606224,WTT
Striving,Construction,n2o,kt,2021,2.5561691150195203,WTT
Striving,Construction,n2o,kt,2022,2.4971042966882133,WTT
Striving,Construction,n2o,kt,2023,2.43742160724608,WTT
Striving,Construction,n2o,kt,2024,2.37712104669312,WTT
Striving,Construction,n2o,kt,2025,2.3162026150293333,WTT
Striving,Construction,n2o,kt,2026,2.2345591286054405,WTT
Striving,Construction,n2o,kt,2027,2.1535744176516274,WTT
Striving,Construction,n2o,kt,2028,2.073248482167893,WTT
Striving,Construction,n2o,kt,2029,1.9935813221542402,WTT
Striving,Construction,n2o,kt,2030,1.9145729376106668,WTT
Striving,Construction,n2o,kt,2031,1.8660038549346134,WTT
Striving,Construction,n2o,kt,2032,1.81584596083072,WTT
Striving,Construction,n2o,kt,2033,1.7640992552989874,WTT
Striving,Construction,n2o,kt,2034,1.7107637383394134,WTT
Striving,Construction,n2o,kt,2035,1.6558394099520004,WTT
Striving,Construction,n2o,kt,2036,1.5608215435904,WTT
Striving,Construction,n2o,kt,2037,1.4636077589952003,WTT
Striving,Construction,n2o,kt,2038,1.3641980561664,WTT
Striving,Construction,n2o,kt,2039,1.262592435104,WTT
Striving,Construction,n2o,kt,2040,1.158790895808,WTT
Striving,Construction,n2o,kt,2041,1.0413060410188801,WTT
Striving,Construction,n2o,kt,2042,0.9241780229427199,WTT
Striving,Construction,n2o,kt,2043,0.8074068415795201,WTT
Striving,Construction,n2o,kt,2044,0.6909924969292801,WTT
Striving,Construction,n2o,kt,2045,0.5749349889919999,WTT
Striving,Construction,n2o,kt,2046,0.4582655303116798,WTT
Striving,Construction,n2o,kt,2047,0.34243730207232,WTT
Striving,Construction,n2o,kt,2048,0.2274503042739199,WTT
Striving,Construction,n2o,kt,2049,0.1133045369164798,WTT
Striving,Construction,n2o,kt,2050,0.0,WTT
BAU,Construction,bc,kt,1990,0.877962813,WTT
BAU,Construction,bc,kt,1991,0.8477234708670002,WTT
BAU,Construction,bc,kt,1992,0.8174841287340001,WTT
BAU,Construction,bc,kt,1993,0.7872447866010002,WTT
BAU,Construction,bc,kt,1994,0.7570054444680001,WTT
BAU,Construction,bc,kt,1995,0.726766102335,WTT
BAU,Construction,bc,kt,1996,0.7398635803650001,WTT
BAU,Construction,bc,kt,1997,0.7529610583950002,WTT
BAU,Construction,bc,kt,1998,0.7660585364250001,WTT
BAU,Construction,bc,kt,1999,0.779156014455,WTT
BAU,Construction,bc,kt,2000,0.7922534924850001,WTT
BAU,Construction,bc,kt,2001,0.8007596567880002,WTT
BAU,Construction,bc,kt,2002,0.8092658210910001,WTT
BAU,Construction,bc,kt,2003,0.8177719853940001,WTT
BAU,Construction,bc,kt,2004,0.8262781496970001,WTT
BAU,Construction,bc,kt,2005,0.8347843140000001,WTT
BAU,Construction,bc,kt,2006,0.839706662886,WTT
BAU,Construction,bc,kt,2007,0.8446290117720001,WTT
BAU,Construction,bc,kt,2008,0.8495513606580002,WTT
BAU,Construction,bc,kt,2009,0.854473709544,WTT
BAU,Construction,bc,kt,2010,0.8593960584300001,WTT
BAU,Construction,bc,kt,2011,0.8828275905540001,WTT
BAU,Construction,bc,kt,2012,0.9062591226780001,WTT
BAU,Construction,bc,kt,2013,0.929690654802,WTT
BAU,Construction,bc,kt,2014,0.9531221869259999,WTT
BAU,Construction,bc,kt,2015,0.97655371905,WTT
BAU,Construction,bc,kt,2016,1.154146885437,WTT
BAU,Construction,bc,kt,2017,1.331740051824,WTT
BAU,Construction,bc,kt,2018,1.5093332182110002,WTT
BAU,Construction,bc,kt,2019,1.6869263845979998,WTT
BAU,Construction,bc,kt,2020,1.864519550985,WTT
BAU,Construction,bc,kt,2021,1.8727810371270002,WTT
BAU,Construction,bc,kt,2022,1.881042523269,WTT
BAU,Construction,bc,kt,2023,1.889304009411,WTT
BAU,Construction,bc,kt,2024,1.897565495553,WTT
BAU,Construction,bc,kt,2025,1.9058269816950002,WTT
BAU,Construction,bc,kt,2026,1.8970185678990004,WTT
BAU,Construction,bc,kt,2027,1.8882101541030003,WTT
BAU,Construction,bc,kt,2028,1.879401740307,WTT
BAU,Construction,bc,kt,2029,1.870593326511,WTT
BAU,Construction,bc,kt,2030,1.8617849127150004,WTT
BAU,Construction,bc,kt,2031,1.8830287342229999,WTT
BAU,Construction,bc,kt,2032,1.9042725557309998,WTT
BAU,Construction,bc,kt,2033,1.9255163772390005,WTT
BAU,Construction,bc,kt,2034,1.9467601987470007,WTT
BAU,Construction,bc,kt,2035,1.9680040202550004,WTT
BAU,Construction,bc,kt,2036,1.9875782731350005,WTT
BAU,Construction,bc,kt,2037,2.0071525260150005,WTT
BAU,Construction,bc,kt,2038,2.0267267788950005,WTT
BAU,Construction,bc,kt,2039,2.0463010317750006,WTT
BAU,Construction,bc,kt,2040,2.065875284655,WTT
BAU,Construction,bc,kt,2041,2.0626944685620003,WTT
BAU,Construction,bc,kt,2042,2.059513652469,WTT
BAU,Construction,bc,kt,2043,2.0563328363760007,WTT
BAU,Construction,bc,kt,2044,2.0531520202830005,WTT
BAU,Construction,bc,kt,2045,2.0499712041900002,WTT
BAU,Construction,bc,kt,2046,2.0424725381970004,WTT
BAU,Construction,bc,kt,2047,2.0349738722040005,WTT
BAU,Construction,bc,kt,2048,2.027475206211,WTT
BAU,Construction,bc,kt,2049,2.0199765402180003,WTT
BAU,Construction,bc,kt,2050,2.012477874225,WTT
Striving,Construction,bc,kt,1990,0.877962813,WTT
Striving,Construction,bc,kt,1991,0.8477234708670002,WTT
Striving,Construction,bc,kt,1992,0.8174841287340001,WTT
Striving,Construction,bc,kt,1993,0.7872447866010002,WTT
Striving,Construction,bc,kt,1994,0.7570054444680001,WTT
Striving,Construction,bc,kt,1995,0.726766102335,WTT
Striving,Construction,bc,kt,1996,0.7398635803650001,WTT
Striving,Construction,bc,kt,1997,0.7529610583950002,WTT
Striving,Construction,bc,kt,1998,0.7660585364250001,WTT
Striving,Construction,bc,kt,1999,0.779156014455,WTT
Striving,Construction,bc,kt,2000,0.7922534924850001,WTT
Striving,Construction,bc,kt,2001,0.8007596567880002,WTT
Striving,Construction,bc,kt,2002,0.8092658210910001,WTT
Striving,Construction,bc,kt,2003,0.8177719853940001,WTT
Striving,Construction,bc,kt,2004,0.8262781496970001,WTT
Striving,Construction,bc,kt,2005,0.8347843140000001,WTT
Striving,Construction,bc,kt,2006,0.839706662886,WTT
Striving,Construction,bc,kt,2007,0.8446290117720001,WTT
Striving,Construction,bc,kt,2008,0.8495513606580002,WTT
Striving,Construction,bc,kt,2009,0.854473709544,WTT
Striving,Construction,bc,kt,2010,0.8593960584300001,WTT
Striving,Construction,bc,kt,2011,0.8828275905540001,WTT
Striving,Construction,bc,kt,2012,0.9062591226780001,WTT
Striving,Construction,bc,kt,2013,0.929690654802,WTT
Striving,Construction,bc,kt,2014,0.9531221869259999,WTT
Striving,Construction,bc,kt,2015,0.97655371905,WTT
Striving,Construction,bc,kt,2016,1.154146885437,WTT
Striving,Construction,bc,kt,2017,1.331740051824,WTT
Striving,Construction,bc,kt,2018,1.5093332182110002,WTT
Striving,Construction,bc,kt,2019,1.6869263845979998,WTT
Striving,Construction,bc,kt,2020,1.864519550985,WTT
Striving,Construction,bc,kt,2021,1.8228402094702802,WTT
Striving,Construction,bc,kt,2022,1.7807202553613202,WTT
Striving,Construction,bc,kt,2023,1.7381596886581203,WTT
Striving,Construction,bc,kt,2024,1.69515850936068,WTT
Striving,Construction,bc,kt,2025,1.6517167174690002,WTT
Striving,Construction,bc,kt,2026,1.59349559703516,WTT
Striving,Construction,bc,kt,2027,1.5357442586704404,WTT
Striving,Construction,bc,kt,2028,1.4784627023748398,WTT
Striving,Construction,bc,kt,2029,1.42165092814836,WTT
Striving,Construction,bc,kt,2030,1.365308935991,WTT
Striving,Construction,bc,kt,2031,1.33067363885092,WTT
Striving,Construction,bc,kt,2032,1.29490533789708,WTT
Striving,Construction,bc,kt,2033,1.2580040331294804,WTT
Striving,Construction,bc,kt,2034,1.21996972454812,WTT
Striving,Construction,bc,kt,2035,1.180802412153,WTT
Striving,Construction,bc,kt,2036,1.1130438329556,WTT
Striving,Construction,bc,kt,2037,1.0437193135278002,WTT
Striving,Construction,bc,kt,2038,0.9728288538696002,WTT
Striving,Construction,bc,kt,2039,0.9003724539810001,WTT
Striving,Construction,bc,kt,2040,0.826350113862,WTT
Striving,Construction,bc,kt,2041,0.74257000868232,WTT
Striving,Construction,bc,kt,2042,0.6590443687900799,WTT
Striving,Construction,bc,kt,2043,0.5757731941852802,WTT
Striving,Construction,bc,kt,2044,0.49275648486792006,WTT
Striving,Construction,bc,kt,2045,0.40999424083799996,WTT
Striving,Construction,bc,kt,2046,0.3267956061115199,WTT
Striving,Construction,bc,kt,2047,0.24419686466448004,WTT
Striving,Construction,bc,kt,2048,0.16219801649687993,WTT
Striving,Construction,bc,kt,2049,0.08079906160871986,WTT
Striving,Construction,bc,kt,2050,0.0,WTT
